loan_id,customer_id,loan_type,loan_amount,interest_rate,loan_term_months,emi,start_date,end_date,loan_status
LOAN000001,CUST010651,Home Loan,933459,10.31,84,15646.45,2020-07-12,2031-08-18,Defaulted
LOAN000002,CUST002042,Car Loan,3843052,11.83,12,341144.96,2022-05-18,2029-02-15,Defaulted
LOAN000003,CUST008669,Personal Loan,4547172,13.56,84,84112.64,2016-08-28,2020-03-01,Closed
LOAN000004,CUST001115,Home Loan,4719195,9.98,36,152230.84,2023-07-17,2046-07-02,Defaulted
LOAN000005,CUST013903,Gold Loan,3244134,12.31,60,72673.2,2019-03-04,2042-09-24,Defaulted
LOAN000006,CUST011964,Home Loan,3329925,8.21,60,67854.04,2018-12-17,2039-11-19,Active
LOAN000007,CUST011073,Gold Loan,3704040,13.15,84,67686.19,2024-11-24,2026-11-16,Active
LOAN000008,CUST003003,Gold Loan,960475,11.28,120,13383.23,2022-03-22,2038-08-09,Closed
LOAN000009,CUST019772,Personal Loan,4659789,8.0,60,94483.72,2020-04-09,2044-03-22,Defaulted
LOAN000010,CUST008116,Home Loan,4400689,10.12,60,93761.69,2023-02-02,2024-08-09,Active
LOAN000011,CUST003526,Personal Loan,802772,7.59,36,25004.4,2021-06-20,2043-11-18,Defaulted
LOAN000012,CUST007880,Education Loan,3303116,13.26,24,157439.85,2018-12-25,2031-07-25,Defaulted
LOAN000013,CUST016442,Home Loan,4135033,11.93,240,45328.64,2017-03-11,2025-03-31,Closed
LOAN000014,CUST016297,Gold Loan,1856846,12.17,12,165126.22,2018-08-26,2033-10-18,Active
LOAN000015,CUST012567,Car Loan,3274724,8.66,36,103617.93,2018-12-13,2041-04-05,Closed
LOAN000016,CUST005253,Gold Loan,4587100,10.46,36,149005.46,2020-06-11,2022-09-19,Closed
LOAN000017,CUST019394,Personal Loan,319361,10.47,36,10375.5,2018-08-24,2037-03-10,Defaulted
LOAN000018,CUST016797,Education Loan,4198069,9.45,84,68505.72,2019-08-09,2034-04-30,Closed
LOAN000019,CUST008095,Home Loan,2427605,8.31,240,20776.31,2019-04-25,2041-09-08,Active
LOAN000020,CUST000323,Personal Loan,1303525,8.13,84,20401.55,2021-05-10,2028-05-29,Closed
LOAN000021,CUST009924,Car Loan,613414,13.62,60,14152.51,2017-12-22,2026-07-23,Active
LOAN000022,CUST007460,Education Loan,3029103,8.12,36,95088.85,2024-02-13,2031-08-10,Active
LOAN000023,CUST019025,Education Loan,1804870,12.35,36,60249.67,2020-12-14,2040-02-08,Closed
LOAN000024,CUST017554,Home Loan,3343774,12.82,24,158686.55,2024-12-11,2028-11-07,Defaulted
LOAN000025,CUST009120,Car Loan,4824682,11.85,60,106957.03,2021-11-28,2027-02-19,Defaulted
LOAN000026,CUST016422,Personal Loan,3339432,7.84,60,67456.22,2021-01-16,2035-05-03,Active
LOAN000027,CUST016061,Car Loan,682586,11.11,240,7096.74,2017-09-01,2033-10-02,Closed
LOAN000028,CUST010121,Education Loan,1213711,9.41,24,55676.67,2017-12-02,2029-05-04,Active
LOAN000029,CUST019056,Personal Loan,881497,12.46,36,29472.36,2016-10-23,2046-07-05,Closed
LOAN000030,CUST003650,Education Loan,3689118,10.03,120,48813.27,2019-08-26,2024-12-04,Defaulted
LOAN000031,CUST003942,Personal Loan,973666,11.09,36,31918.09,2022-05-16,2027-07-21,Defaulted
LOAN000032,CUST017881,Education Loan,4289466,12.67,84,77266.31,2020-10-22,2036-05-19,Defaulted
LOAN000033,CUST016676,Personal Loan,2048179,12.76,84,36993.68,2017-08-16,2044-01-04,Closed
LOAN000034,CUST012631,Car Loan,3222068,9.91,240,30901.77,2019-04-12,2029-03-30,Active
LOAN000035,CUST011444,Education Loan,3399386,12.48,84,60884.55,2020-10-21,2021-10-11,Closed
LOAN000036,CUST012158,Education Loan,209238,12.93,12,18681.7,2019-12-01,2020-07-02,Active
LOAN000037,CUST013836,Car Loan,4742067,7.95,180,45180.89,2021-04-17,2037-08-24,Active
LOAN000038,CUST003435,Gold Loan,4479714,8.77,180,44825.37,2021-04-02,2045-12-25,Defaulted
LOAN000039,CUST018740,Personal Loan,873738,9.96,120,11527.17,2018-09-05,2033-10-20,Closed
LOAN000040,CUST017408,Home Loan,1104827,14.06,60,25741.77,2018-02-20,2034-09-09,Active
LOAN000041,CUST015441,Home Loan,963314,10.78,180,10816.29,2025-05-25,2036-03-12,Closed
LOAN000042,CUST010407,Car Loan,3992751,9.43,180,41524.81,2016-09-01,2028-02-25,Defaulted
LOAN000043,CUST006518,Gold Loan,4213061,8.45,240,36428.71,2019-04-23,2040-03-17,Closed
LOAN000044,CUST000972,Car Loan,3700877,9.33,12,324213.78,2018-05-07,2043-12-12,Closed
LOAN000045,CUST016488,Education Loan,4012785,14.41,240,51099.13,2018-03-31,2031-08-31,Active
LOAN000046,CUST019731,Personal Loan,4091669,13.15,120,61455.55,2016-11-24,2041-09-20,Active
LOAN000047,CUST013138,Gold Loan,2589235,7.61,120,30883.53,2025-06-22,2046-01-28,Active
LOAN000048,CUST003670,Car Loan,1393067,8.63,84,22152.46,2018-02-07,2024-08-05,Closed
LOAN000049,CUST015984,Education Loan,1774362,14.38,24,85511.11,2023-11-16,2025-03-24,Active
LOAN000050,CUST004059,Home Loan,2966962,12.75,12,264653.09,2022-01-23,2040-09-13,Closed
LOAN000051,CUST014977,Personal Loan,2149979,7.96,120,26039.76,2017-10-25,2030-06-01,Defaulted
LOAN000052,CUST015699,Home Loan,4047094,9.4,180,42016.89,2017-10-25,2019-04-02,Closed
LOAN000053,CUST013830,Personal Loan,1778248,8.22,120,21782.33,2021-02-13,2028-06-06,Closed
LOAN000054,CUST013420,Home Loan,2382906,10.19,84,39793.39,2017-12-11,2028-05-19,Defaulted
LOAN000055,CUST000961,Home Loan,4185724,14.5,60,98482.89,2019-09-07,2043-01-11,Active
LOAN000056,CUST017745,Car Loan,1209018,7.96,180,11526.1,2023-02-01,2037-04-11,Active
LOAN000057,CUST009865,Personal Loan,2318563,12.07,60,51657.21,2025-03-01,2044-02-11,Active
LOAN000058,CUST011264,Car Loan,1410996,11.79,36,46723.86,2023-04-29,2024-11-13,Closed
LOAN000059,CUST015783,Car Loan,1143346,9.9,240,10957.89,2025-05-19,2028-01-13,Active
LOAN000060,CUST017197,Car Loan,4741946,8.69,24,215960.74,2021-01-17,2031-09-12,Active
LOAN000061,CUST007555,Home Loan,148127,10.02,36,4781.03,2021-12-11,2022-08-15,Defaulted
LOAN000062,CUST010499,Personal Loan,3496385,10.12,240,34019.32,2025-03-26,2035-04-25,Active
LOAN000063,CUST017060,Home Loan,4210973,13.35,120,63746.64,2020-03-06,2036-03-02,Closed
LOAN000064,CUST017929,Car Loan,1788375,8.36,60,36570.7,2022-04-04,2037-02-26,Closed
LOAN000065,CUST007086,Gold Loan,3677593,9.78,12,322942.68,2021-08-14,2025-10-08,Closed
LOAN000066,CUST014754,Gold Loan,2119314,9.76,120,27725.99,2022-05-06,2035-02-13,Active
LOAN000067,CUST004520,Education Loan,2979328,8.7,12,260132.34,2017-11-14,2023-02-15,Closed
LOAN000068,CUST003025,Car Loan,4785529,11.82,84,84017.7,2025-04-30,2044-01-20,Closed
LOAN000069,CUST012122,Car Loan,3073488,9.6,36,98596.62,2022-05-02,2036-09-28,Active
LOAN000070,CUST018495,Home Loan,2799868,8.37,180,27358.47,2023-11-27,2039-05-06,Active
LOAN000071,CUST005484,Personal Loan,2106775,12.45,24,99616.53,2021-12-22,2038-06-28,Active
LOAN000072,CUST001420,Gold Loan,1487704,9.6,12,130516.21,2020-11-05,2037-04-09,Active
LOAN000073,CUST006210,Gold Loan,4353059,12.35,180,53228.2,2020-08-28,2038-09-06,Active
LOAN000074,CUST010743,Car Loan,1604408,11.79,240,17431.59,2019-01-17,2041-07-21,Defaulted
LOAN000075,CUST016144,Education Loan,4361632,12.29,24,205908.35,2021-12-21,2045-01-09,Active
LOAN000076,CUST017618,Personal Loan,1914647,12.42,84,34230.3,2018-06-06,2033-11-18,Closed
LOAN000077,CUST014569,Education Loan,4520992,12.25,180,54988.77,2019-12-07,2039-12-18,Defaulted
LOAN000078,CUST000981,Personal Loan,4109752,8.33,240,35224.43,2019-04-10,2021-07-29,Closed
LOAN000079,CUST002784,Car Loan,744972,7.93,84,11585.33,2025-02-19,2027-09-23,Defaulted
LOAN000080,CUST007714,Education Loan,2590404,7.9,60,52400.17,2022-06-22,2031-04-23,Active
LOAN000081,CUST011519,Personal Loan,2657417,12.39,12,236593.39,2022-07-17,2026-07-10,Defaulted
LOAN000082,CUST008601,Home Loan,2733610,10.32,240,26962.09,2019-03-20,2043-04-12,Defaulted
LOAN000083,CUST011641,Personal Loan,4926590,10.03,12,433194.27,2019-03-30,2044-03-16,Defaulted
LOAN000084,CUST018831,Education Loan,360033,9.5,120,4658.74,2021-11-16,2032-02-11,Defaulted
LOAN000085,CUST012563,Personal Loan,4479594,8.51,240,38903.31,2022-01-18,2031-03-24,Defaulted
LOAN000086,CUST012752,Gold Loan,4553160,11.46,120,63911.2,2019-06-17,2026-04-13,Defaulted
LOAN000087,CUST006385,Car Loan,1771019,9.89,120,23296.4,2022-08-17,2044-06-17,Closed
LOAN000088,CUST004808,Personal Loan,2354000,12.88,120,34981.33,2023-09-21,2033-04-11,Active
LOAN000089,CUST006196,Education Loan,1495591,12.49,24,70745.38,2019-04-09,2027-12-22,Closed
LOAN000090,CUST010649,Car Loan,3911621,7.93,180,37223.59,2017-03-07,2040-10-19,Defaulted
LOAN000091,CUST007568,Personal Loan,363670,11.21,180,4181.54,2024-06-08,2031-04-26,Defaulted
LOAN000092,CUST016398,Gold Loan,4099761,11.94,180,49045.88,2025-05-07,2037-07-02,Defaulted
LOAN000093,CUST017525,Education Loan,1640261,12.2,240,18289.91,2024-02-04,2028-08-05,Defaulted
LOAN000094,CUST001347,Car Loan,3606665,9.05,24,164852.31,2019-05-10,2035-08-06,Defaulted
LOAN000095,CUST013125,Education Loan,3607918,14.12,120,56279.47,2018-08-13,2045-07-14,Defaulted
LOAN000096,CUST012674,Car Loan,303387,9.61,24,13945.22,2017-12-30,2038-04-10,Defaulted
LOAN000097,CUST015456,Car Loan,823538,7.66,24,37118.82,2023-03-25,2034-07-31,Active
LOAN000098,CUST014002,Education Loan,484942,12.66,240,5564.41,2022-11-12,2038-07-23,Closed
LOAN000099,CUST018622,Gold Loan,138272,14.06,240,1725.47,2022-04-05,2043-04-02,Active
LOAN000100,CUST002120,Personal Loan,1270349,10.65,180,14160.79,2019-02-09,2028-03-26,Active
LOAN000101,CUST015305,Home Loan,2219470,9.4,180,23042.52,2024-02-10,2044-12-11,Active
LOAN000102,CUST004310,Gold Loan,577690,8.57,12,50404.72,2021-04-11,2041-10-25,Active
LOAN000103,CUST004485,Gold Loan,4852826,13.9,120,75056.59,2023-12-21,2040-05-10,Defaulted
LOAN000104,CUST011014,Personal Loan,1074524,10.97,12,94953.18,2023-09-06,2037-11-28,Defaulted
LOAN000105,CUST004771,Education Loan,3382281,14.1,180,45270.7,2019-04-04,2044-02-16,Defaulted
LOAN000106,CUST002713,Gold Loan,1672686,12.28,36,55781.07,2021-05-01,2033-11-13,Active
LOAN000107,CUST012187,Personal Loan,145720,13.44,60,3348.49,2019-03-30,2032-05-01,Closed
LOAN000108,CUST016616,Personal Loan,4382815,13.17,240,51879.7,2017-09-22,2025-10-30,Closed
LOAN000109,CUST010948,Gold Loan,1978498,8.67,84,31501.86,2017-04-15,2033-05-13,Closed
LOAN000110,CUST002546,Education Loan,2069798,12.7,36,69440.97,2022-06-19,2035-11-09,Defaulted
LOAN000111,CUST012620,Education Loan,4101756,9.99,12,360590.44,2018-07-29,2031-02-20,Active
LOAN000112,CUST009852,Gold Loan,863697,10.32,84,14481.6,2017-03-21,2040-11-01,Active
LOAN000113,CUST004411,Gold Loan,1808020,8.5,36,57074.74,2025-02-15,2044-08-28,Closed
LOAN000114,CUST019648,Education Loan,2487566,8.46,36,78480.23,2025-04-05,2026-10-15,Closed
LOAN000115,CUST012345,Gold Loan,2542772,8.9,180,25639.44,2025-01-05,2041-08-04,Active
LOAN000116,CUST012408,Home Loan,2519842,10.39,36,81770.38,2025-03-02,2026-04-27,Active
LOAN000117,CUST009611,Car Loan,277336,9.47,84,4528.51,2023-12-19,2024-06-14,Active
LOAN000118,CUST010719,Home Loan,4804193,9.34,240,44280.63,2024-09-25,2029-05-20,Defaulted
LOAN000119,CUST007572,Car Loan,3660745,9.96,24,168857.23,2017-07-21,2019-10-24,Closed
LOAN000120,CUST003571,Gold Loan,203446,11.53,84,3540.44,2017-08-18,2041-03-13,Active
LOAN000121,CUST008603,Education Loan,1572167,10.52,12,138598.97,2022-09-08,2029-05-25,Active
LOAN000122,CUST003560,Gold Loan,1005105,12.54,12,89556.47,2021-11-26,2024-04-07,Active
LOAN000123,CUST004992,Gold Loan,4362178,8.3,120,53619.28,2018-05-04,2045-09-23,Closed
LOAN000124,CUST007440,Personal Loan,1815716,14.13,12,163138.99,2025-07-24,2039-01-12,Defaulted
LOAN000125,CUST009326,Gold Loan,4339186,9.84,240,41415.14,2024-11-22,2041-08-02,Active
LOAN000126,CUST002301,Car Loan,2045529,13.63,120,31306.72,2021-10-14,2044-10-25,Active
LOAN000127,CUST007667,Education Loan,2596749,12.17,60,57986.57,2018-04-13,2033-01-02,Defaulted
LOAN000128,CUST005805,Gold Loan,1824197,8.1,120,22229.05,2022-04-05,2027-01-27,Active
LOAN000129,CUST012023,Education Loan,1267534,12.08,84,22429.7,2023-10-23,2025-07-16,Closed
LOAN000130,CUST015538,Home Loan,193725,12.36,120,2819.86,2019-01-18,2036-10-07,Active
LOAN000131,CUST009758,Personal Loan,3669633,8.05,12,319300.45,2023-06-27,2034-04-16,Closed
LOAN000132,CUST012015,Home Loan,2232299,10.28,24,103298.0,2024-03-18,2035-08-15,Active
LOAN000133,CUST005212,Home Loan,3737951,12.77,240,43181.91,2023-04-27,2034-12-08,Active
LOAN000134,CUST011549,Car Loan,2383374,8.85,180,23961.56,2019-01-21,2022-01-31,Defaulted
LOAN000135,CUST012367,Home Loan,2235116,7.82,84,34636.89,2021-04-18,2022-12-22,Closed
LOAN000136,CUST009271,Car Loan,887370,7.56,180,8256.31,2023-12-24,2032-09-23,Active
LOAN000137,CUST003976,Education Loan,356621,14.4,12,32087.13,2019-03-03,2040-02-23,Closed
LOAN000138,CUST016091,Education Loan,3274147,9.67,84,53798.08,2018-06-20,2023-01-23,Active
LOAN000139,CUST017233,Home Loan,2199500,7.78,36,68701.33,2017-05-23,2018-01-30,Closed
LOAN000140,CUST017444,Gold Loan,4953995,10.85,12,437495.75,2019-10-11,2041-12-26,Active
LOAN000141,CUST013657,Personal Loan,2977792,12.41,84,53221.31,2017-08-17,2043-06-18,Active
LOAN000142,CUST015646,Home Loan,3077311,14.12,36,105354.64,2024-07-15,2045-03-07,Closed
LOAN000143,CUST002731,Personal Loan,1729048,13.39,12,154750.41,2020-01-25,2032-12-29,Closed
LOAN000144,CUST003299,Home Loan,352136,11.46,240,3745.58,2022-04-23,2035-05-15,Closed
LOAN000145,CUST008957,Gold Loan,3292744,7.89,240,27316.84,2019-01-04,2044-02-03,Closed
LOAN000146,CUST017411,Education Loan,2265169,13.52,120,34519.69,2023-10-19,2044-01-29,Active
LOAN000147,CUST015156,Gold Loan,1445843,14.34,24,69651.55,2024-02-09,2042-01-17,Closed
LOAN000148,CUST017277,Education Loan,1960139,11.3,12,173514.75,2019-07-18,2036-07-17,Defaulted
LOAN000149,CUST006704,Gold Loan,1057908,9.32,84,17193.07,2018-11-02,2034-04-07,Active
LOAN000150,CUST001969,Home Loan,1484138,13.92,240,18369.4,2019-11-06,2028-02-27,Closed
LOAN000151,CUST004937,Car Loan,2132130,10.27,180,23265.44,2018-09-10,2040-09-05,Closed
LOAN000152,CUST002113,Car Loan,441426,8.17,60,8986.48,2023-02-01,2044-08-31,Defaulted
LOAN000153,CUST000879,Education Loan,3999940,13.11,24,190371.17,2024-08-23,2031-03-05,Closed
LOAN000154,CUST019076,Education Loan,4140376,8.29,60,84527.71,2020-08-18,2043-09-26,Active
LOAN000155,CUST012990,Personal Loan,818828,8.13,120,9990.98,2022-07-09,2024-09-11,Defaulted
LOAN000156,CUST007278,Gold Loan,2123577,8.3,180,20663.49,2019-03-06,2036-02-25,Defaulted
LOAN000157,CUST005710,Education Loan,491419,7.67,120,5876.92,2019-02-21,2045-02-04,Closed
LOAN000158,CUST012079,Car Loan,4881305,14.19,84,91988.82,2025-07-18,2028-05-25,Closed
LOAN000159,CUST006688,Gold Loan,3319866,8.99,120,42036.69,2019-11-04,2027-03-04,Defaulted
LOAN000160,CUST006419,Home Loan,1720984,9.03,60,35749.86,2019-10-02,2043-12-29,Closed
LOAN000161,CUST010432,Education Loan,3006546,7.71,12,261131.75,2022-10-13,2027-06-15,Active
LOAN000162,CUST009983,Home Loan,1439155,7.88,60,29098.29,2024-10-30,2034-04-28,Defaulted
LOAN000163,CUST019074,Car Loan,2238827,10.92,60,48588.25,2018-12-09,2031-03-28,Closed
LOAN000164,CUST004630,Home Loan,1118974,10.03,120,14805.92,2017-09-30,2029-12-01,Active
LOAN000165,CUST008863,Home Loan,1066365,12.2,240,11890.62,2019-04-11,2035-01-06,Defaulted
LOAN000166,CUST004668,Gold Loan,1809963,11.97,12,160787.62,2019-04-17,2028-02-20,Defaulted
LOAN000167,CUST014164,Education Loan,215126,9.32,24,9859.59,2019-05-29,2025-04-09,Active
LOAN000168,CUST000386,Car Loan,270081,8.95,60,5599.89,2018-02-02,2023-04-14,Defaulted
LOAN000169,CUST004187,Car Loan,3051607,12.92,36,102703.15,2017-10-12,2023-02-14,Closed
LOAN000170,CUST005346,Education Loan,2447396,14.1,84,45999.53,2023-01-05,2033-09-01,Active
LOAN000171,CUST002196,Gold Loan,4390681,11.92,36,145665.73,2024-10-22,2028-03-13,Active
LOAN000172,CUST014991,Education Loan,889415,8.64,60,18307.78,2023-03-02,2023-10-24,Defaulted
LOAN000173,CUST012635,Home Loan,3541689,11.5,240,37769.62,2020-02-09,2037-03-18,Active
LOAN000174,CUST001078,Car Loan,1511337,9.22,36,48215.01,2025-02-21,2045-03-09,Active
LOAN000175,CUST006287,Car Loan,1523037,13.69,240,18597.35,2021-04-11,2028-04-10,Closed
LOAN000176,CUST005934,Car Loan,347015,7.91,36,10859.79,2017-12-13,2018-03-25,Active
LOAN000177,CUST018513,Personal Loan,510358,8.09,60,10370.22,2025-06-10,2046-03-06,Closed
LOAN000178,CUST019718,Car Loan,591838,7.7,36,18464.25,2020-04-06,2030-07-16,Closed
LOAN000179,CUST013364,Gold Loan,3744216,13.5,24,178887.46,2017-05-22,2021-04-08,Defaulted
LOAN000180,CUST008073,Gold Loan,1661711,10.98,180,18866.09,2018-05-15,2021-02-07,Closed
LOAN000181,CUST017021,Car Loan,4742104,13.27,84,86965.79,2025-04-10,2043-12-21,Closed
LOAN000182,CUST009544,Gold Loan,2742127,11.93,12,243544.88,2025-03-16,2028-02-28,Active
LOAN000183,CUST019095,Home Loan,1444817,13.41,84,26607.18,2020-01-13,2032-10-31,Active
LOAN000184,CUST013356,Education Loan,1739780,13.91,24,83457.9,2024-04-20,2031-04-25,Defaulted
LOAN000185,CUST018632,Personal Loan,1149963,9.35,84,18706.76,2025-01-08,2030-09-28,Closed
LOAN000186,CUST002849,Personal Loan,516974,11.9,12,45908.33,2023-02-21,2032-08-11,Active
LOAN000187,CUST012792,Home Loan,1841565,12.68,240,21156.9,2019-04-23,2035-01-01,Defaulted
LOAN000188,CUST007723,Home Loan,1935128,13.37,12,173176.46,2019-12-18,2024-05-23,Active
LOAN000189,CUST000813,Gold Loan,1564553,9.95,84,25933.03,2019-09-17,2043-02-18,Active
LOAN000190,CUST011194,Home Loan,430710,8.75,84,6875.21,2017-02-17,2043-06-01,Active
LOAN000191,CUST005136,Personal Loan,1989310,13.0,240,23306.27,2025-04-27,2034-04-11,Closed
LOAN000192,CUST008511,Home Loan,1554999,12.66,84,28001.85,2022-04-05,2029-05-22,Closed
LOAN000193,CUST007435,Personal Loan,4536333,9.76,180,48083.79,2021-10-03,2045-03-06,Active
LOAN000194,CUST016477,Education Loan,2815798,12.37,84,50265.41,2023-11-11,2024-07-22,Active
LOAN000195,CUST000937,Car Loan,2662232,10.85,180,30008.56,2020-01-14,2027-01-06,Closed
LOAN000196,CUST011966,Gold Loan,4777710,8.91,84,76650.91,2023-10-22,2045-12-20,Active
LOAN000197,CUST001693,Car Loan,1105497,14.35,24,53261.07,2022-07-28,2034-04-15,Active
LOAN000198,CUST006217,Home Loan,946331,12.34,120,13763.75,2023-07-16,2028-09-12,Active
LOAN000199,CUST009460,Car Loan,2161117,14.27,60,50588.43,2018-06-03,2032-10-10,Closed
LOAN000200,CUST012528,Personal Loan,2216133,8.76,180,22162.2,2022-07-25,2045-06-25,Closed
LOAN000201,CUST015485,Home Loan,4068012,8.42,24,184765.39,2024-06-06,2031-03-29,Active
LOAN000202,CUST005793,Car Loan,2126808,10.28,120,28436.72,2016-08-10,2023-02-08,Closed
LOAN000203,CUST012267,Home Loan,1482299,11.38,24,69348.56,2025-04-30,2028-03-29,Defaulted
LOAN000204,CUST002222,Education Loan,3229573,11.0,24,150523.42,2017-07-16,2038-11-13,Closed
LOAN000205,CUST015758,Gold Loan,3622815,10.52,24,168045.36,2020-07-20,2033-11-13,Active
LOAN000206,CUST004694,Personal Loan,2955678,11.91,84,52033.64,2024-06-14,2030-06-12,Active
LOAN000207,CUST010109,Gold Loan,3998376,8.94,12,349552.65,2022-05-20,2023-10-21,Active
LOAN000208,CUST005108,Gold Loan,4425843,13.7,240,54074.61,2022-11-13,2032-03-22,Closed
LOAN000209,CUST013481,Education Loan,3278946,9.15,60,68304.48,2018-03-27,2043-07-08,Active
LOAN000210,CUST004746,Home Loan,565666,7.65,240,4608.99,2024-05-05,2042-05-06,Defaulted
LOAN000211,CUST001605,Gold Loan,4643974,14.47,36,159782.19,2025-04-07,2036-07-30,Defaulted
LOAN000212,CUST017396,Car Loan,2707320,11.63,36,89444.08,2019-08-14,2026-06-10,Closed
LOAN000213,CUST016864,Car Loan,3400705,11.67,180,40094.98,2022-10-17,2031-03-18,Active
LOAN000214,CUST008214,Gold Loan,4167820,8.14,60,84787.89,2023-10-26,2025-11-10,Active
LOAN000215,CUST001093,Education Loan,2168102,10.72,120,29523.01,2017-08-25,2024-10-27,Active
LOAN000216,CUST013885,Home Loan,2982906,13.36,12,266929.11,2018-11-30,2019-09-24,Closed
LOAN000217,CUST006312,Education Loan,1949375,14.11,240,24396.78,2018-09-28,2042-09-19,Active
LOAN000218,CUST009013,Gold Loan,2242954,8.69,24,102150.05,2024-05-06,2027-11-04,Defaulted
LOAN000219,CUST000352,Car Loan,839376,10.42,60,18008.22,2024-04-01,2032-11-12,Defaulted
LOAN000220,CUST014783,Car Loan,4772090,10.01,120,63089.95,2022-12-22,2032-01-15,Active
LOAN000221,CUST001531,Personal Loan,2488795,7.57,36,77497.04,2019-07-08,2024-12-26,Closed
LOAN000222,CUST013592,Home Loan,2788177,9.62,240,26208.34,2017-11-17,2036-06-17,Active
LOAN000223,CUST015216,Home Loan,2611257,12.34,36,87155.75,2020-07-02,2030-09-29,Closed
LOAN000224,CUST011541,Home Loan,2457160,8.39,180,24038.45,2019-04-16,2022-08-05,Defaulted
LOAN000225,CUST000219,Gold Loan,1238614,7.91,180,11772.58,2019-10-24,2041-10-29,Closed
LOAN000226,CUST006814,Personal Loan,4327982,13.32,240,51695.42,2018-09-19,2024-03-02,Active
LOAN000227,CUST005358,Gold Loan,2426798,8.93,180,24513.25,2023-09-18,2032-01-28,Defaulted
LOAN000228,CUST015730,Personal Loan,4669495,8.2,36,146756.21,2019-03-23,2043-12-22,Active
LOAN000229,CUST013044,Home Loan,2176357,13.8,24,104287.66,2024-05-06,2025-12-26,Defaulted
LOAN000230,CUST001454,Personal Loan,1038641,11.54,240,11105.02,2017-08-04,2023-09-29,Defaulted
LOAN000231,CUST014933,Home Loan,298720,10.31,60,6392.58,2022-10-29,2043-07-12,Defaulted
LOAN000232,CUST004741,Personal Loan,961079,10.58,180,10671.47,2024-09-06,2040-05-22,Closed
LOAN000233,CUST002815,Car Loan,1793921,8.28,60,36615.12,2023-11-10,2044-06-05,Defaulted
LOAN000234,CUST007887,Car Loan,2007173,8.24,180,19460.72,2020-07-06,2022-04-19,Closed
LOAN000235,CUST004974,Education Loan,3629183,12.09,240,40188.38,2020-04-21,2021-04-26,Closed
LOAN000236,CUST001183,Personal Loan,1909206,11.08,60,41586.98,2017-10-21,2043-01-14,Closed
LOAN000237,CUST010036,Personal Loan,1777813,13.41,240,21349.84,2025-02-26,2028-09-30,Active
LOAN000238,CUST003948,Car Loan,4706090,14.06,120,73239.65,2018-06-25,2039-01-15,Defaulted
LOAN000239,CUST003190,Personal Loan,938791,12.2,60,20977.89,2019-09-11,2020-05-31,Closed
LOAN000240,CUST014481,Home Loan,4710787,7.82,84,73001.59,2019-12-05,2020-07-03,Defaulted
LOAN000241,CUST019827,Personal Loan,805738,8.28,84,12671.1,2025-05-27,2040-09-22,Defaulted
LOAN000242,CUST009624,Home Loan,928321,8.98,36,29511.72,2023-07-24,2028-09-22,Closed
LOAN000243,CUST001007,Gold Loan,4150073,8.87,180,41772.47,2023-02-18,2029-09-24,Closed
LOAN000244,CUST002326,Car Loan,279269,10.61,60,6017.81,2019-01-17,2032-06-30,Defaulted
LOAN000245,CUST010646,Car Loan,4853393,10.08,60,103311.41,2020-01-24,2031-10-30,Active
LOAN000246,CUST019524,Personal Loan,4726291,10.92,12,417541.09,2017-10-02,2034-11-29,Defaulted
LOAN000247,CUST017726,Car Loan,656715,7.88,12,57090.18,2022-07-11,2024-06-12,Active
LOAN000248,CUST005744,Home Loan,4530812,8.23,240,38548.63,2018-09-18,2033-11-08,Active
LOAN000249,CUST012681,Home Loan,4838550,12.42,120,70598.97,2016-11-21,2031-08-14,Active
LOAN000250,CUST014584,Home Loan,2693482,13.57,84,49838.25,2020-09-09,2025-03-13,Closed
LOAN000251,CUST019258,Home Loan,2987412,13.57,84,55276.91,2017-07-19,2025-06-19,Active
LOAN000252,CUST011882,Personal Loan,4384983,12.37,84,78277.27,2022-02-26,2045-11-30,Defaulted
LOAN000253,CUST001028,Home Loan,4620145,9.43,120,59606.62,2020-08-08,2031-07-13,Active
LOAN000254,CUST004070,Education Loan,4684365,14.4,84,88823.4,2020-05-11,2041-01-29,Closed
LOAN000255,CUST018573,Education Loan,3884414,7.9,180,36897.58,2022-01-15,2043-12-16,Active
LOAN000256,CUST014653,Personal Loan,3902761,13.86,12,350160.63,2024-08-05,2040-08-31,Active
LOAN000257,CUST006651,Personal Loan,4627973,12.86,240,53759.3,2018-11-13,2022-01-14,Active
LOAN000258,CUST015784,Car Loan,1651279,12.22,180,20052.44,2021-12-16,2036-12-31,Defaulted
LOAN000259,CUST017649,Education Loan,1034807,13.96,24,49664.52,2023-03-10,2037-01-18,Active
LOAN000260,CUST004623,Gold Loan,3248931,11.19,36,106658.4,2018-11-28,2046-06-17,Closed
LOAN000261,CUST010386,Education Loan,1541222,10.29,240,15170.46,2021-07-02,2032-09-25,Active
LOAN000262,CUST013671,Car Loan,1304685,13.12,240,15397.04,2020-12-16,2033-11-23,Active
LOAN000263,CUST014047,Gold Loan,2285519,10.38,60,48988.96,2024-11-05,2035-02-20,Closed
LOAN000264,CUST001963,Gold Loan,3024601,13.56,240,36648.92,2020-10-07,2021-09-28,Defaulted
LOAN000265,CUST019875,Personal Loan,3505608,7.57,36,109158.94,2018-10-03,2045-11-26,Defaulted
LOAN000266,CUST001600,Personal Loan,2631454,9.68,240,24838.74,2023-12-27,2034-07-31,Defaulted
LOAN000267,CUST009676,Education Loan,2035446,12.17,120,29403.12,2022-12-15,2037-09-09,Defaulted
LOAN000268,CUST010953,Gold Loan,2983152,12.35,24,140915.41,2017-03-28,2037-10-19,Closed
LOAN000269,CUST004334,Car Loan,4482333,9.51,36,143603.3,2023-12-31,2030-11-01,Active
LOAN000270,CUST012100,Personal Loan,1817815,11.56,180,21304.92,2023-11-17,2043-08-14,Defaulted
LOAN000271,CUST006956,Personal Loan,2697728,11.48,24,126337.31,2019-11-22,2033-01-12,Active
LOAN000272,CUST018822,Home Loan,418664,10.54,180,4638.29,2017-06-17,2037-12-17,Active
LOAN000273,CUST008546,Education Loan,1960013,10.73,36,63917.99,2016-08-09,2036-11-12,Closed
LOAN000274,CUST015975,Gold Loan,3339794,11.79,24,156888.37,2024-10-01,2036-05-31,Defaulted
LOAN000275,CUST013723,Home Loan,4257468,13.97,84,79714.46,2024-09-06,2025-04-16,Closed
LOAN000276,CUST000696,Car Loan,918326,8.08,24,41566.91,2018-05-11,2019-03-11,Closed
LOAN000277,CUST015631,Education Loan,1209570,8.0,60,24525.72,2018-12-27,2041-11-30,Active
LOAN000278,CUST013590,Personal Loan,2310614,12.43,180,28373.65,2020-01-20,2025-05-18,Defaulted
LOAN000279,CUST014522,Gold Loan,894693,14.5,120,14161.81,2016-11-25,2045-08-17,Active
LOAN000280,CUST019918,Gold Loan,2851619,11.14,120,39507.38,2020-06-29,2028-07-11,Closed
LOAN000281,CUST009771,Home Loan,3536711,11.81,240,38474.78,2017-12-05,2022-11-20,Closed
LOAN000282,CUST013378,Education Loan,4546956,9.33,60,95117.23,2022-02-06,2038-10-10,Active
LOAN000283,CUST001035,Personal Loan,4621211,8.67,120,57717.42,2023-09-05,2028-03-20,Closed
LOAN000284,CUST010843,Car Loan,984695,9.32,36,31459.9,2021-02-27,2039-12-02,Closed
LOAN000285,CUST016593,Gold Loan,1017666,8.0,12,88525.17,2018-01-29,2041-01-21,Defaulted
LOAN000286,CUST010422,Home Loan,478688,12.05,120,6881.63,2018-06-04,2026-05-16,Defaulted
LOAN000287,CUST010980,Gold Loan,2716427,8.5,120,33679.81,2018-04-05,2023-10-12,Closed
LOAN000288,CUST002128,Home Loan,1221152,12.07,180,14710.92,2024-08-10,2025-02-16,Defaulted
LOAN000289,CUST012188,Education Loan,2664398,11.13,180,30501.32,2018-04-26,2029-01-24,Closed
LOAN000290,CUST005971,Car Loan,4241047,14.37,120,66795.98,2018-01-24,2045-12-23,Closed
LOAN000291,CUST013226,Gold Loan,4827754,8.24,240,41105.34,2021-07-01,2022-07-23,Defaulted
LOAN000292,CUST000994,Education Loan,3973713,10.28,240,39087.26,2021-10-21,2029-02-04,Active
LOAN000293,CUST015085,Gold Loan,291462,10.46,240,2902.07,2017-08-25,2043-08-22,Closed
LOAN000294,CUST014846,Gold Loan,3719627,7.78,36,116182.45,2024-04-25,2034-06-04,Defaulted
LOAN000295,CUST014946,Home Loan,2798656,12.31,240,31422.58,2021-12-16,2029-07-19,Active
LOAN000296,CUST000448,Education Loan,3068444,10.27,84,51368.9,2021-06-09,2037-06-05,Closed
LOAN000297,CUST017278,Gold Loan,1843847,11.87,60,40894.33,2024-04-15,2033-06-24,Active
LOAN000298,CUST005454,Home Loan,1017059,7.94,12,88444.15,2024-02-06,2040-12-21,Defaulted
LOAN000299,CUST003212,Gold Loan,1906599,13.89,36,65061.22,2017-12-26,2039-01-17,Defaulted
LOAN000300,CUST005562,Personal Loan,3704888,7.9,12,322111.11,2020-01-15,2021-12-12,Defaulted
LOAN000301,CUST018912,Gold Loan,1440442,11.32,60,31549.06,2023-04-29,2038-02-24,Closed
LOAN000302,CUST003211,Car Loan,1395290,14.22,12,125423.55,2018-02-28,2024-11-15,Defaulted
LOAN000303,CUST013814,Personal Loan,4105366,11.4,84,71160.26,2024-10-10,2041-02-13,Closed
LOAN000304,CUST008967,Education Loan,2109105,8.08,12,183545.75,2017-05-22,2022-08-23,Closed
LOAN000305,CUST017654,Car Loan,3607641,8.64,60,74259.94,2020-02-02,2029-02-26,Defaulted
LOAN000306,CUST010650,Car Loan,3133582,14.49,24,151178.69,2017-09-01,2036-10-29,Defaulted
LOAN000307,CUST019715,Personal Loan,1068235,9.33,240,9839.06,2022-05-15,2042-04-25,Defaulted
LOAN000308,CUST003972,Education Loan,4531872,8.53,24,206061.5,2017-09-28,2043-08-28,Active
LOAN000309,CUST010808,Home Loan,3959746,12.71,180,49347.17,2020-05-02,2034-08-09,Active
LOAN000310,CUST019545,Personal Loan,3100936,7.87,120,37410.24,2019-01-14,2026-08-25,Active
LOAN000311,CUST011367,Gold Loan,1698609,8.57,180,16796.65,2025-04-06,2025-05-22,Closed
LOAN000312,CUST003779,Personal Loan,2474775,11.49,84,43014.46,2017-08-15,2034-11-16,Closed
LOAN000313,CUST013080,Home Loan,4215588,13.6,60,97217.35,2022-10-01,2036-07-28,Closed
LOAN000314,CUST006353,Personal Loan,4850573,12.25,84,86275.72,2023-05-31,2039-07-14,Closed
LOAN000315,CUST004008,Car Loan,806696,9.44,84,13159.85,2018-06-10,2042-03-10,Active
LOAN000316,CUST003777,Home Loan,1715193,14.39,84,32513.39,2025-07-12,2034-11-14,Defaulted
LOAN000317,CUST017148,Gold Loan,1912790,14.14,240,23980.68,2024-07-09,2028-12-12,Closed
LOAN000318,CUST014105,Personal Loan,675041,13.23,120,10170.87,2017-03-12,2042-11-24,Closed
LOAN000319,CUST019146,Personal Loan,4384338,11.61,12,388743.67,2018-07-28,2025-12-18,Defaulted
LOAN000320,CUST019184,Gold Loan,1450497,10.28,24,67120.69,2017-01-12,2017-11-24,Closed
LOAN000321,CUST008427,Car Loan,2768056,9.54,240,25874.26,2022-04-12,2039-02-23,Defaulted
LOAN000322,CUST004338,Education Loan,921286,8.05,24,41688.28,2018-09-26,2036-07-28,Defaulted
LOAN000323,CUST008118,Home Loan,589509,12.8,240,6822.72,2016-10-15,2043-10-25,Active
LOAN000324,CUST007764,Car Loan,3947523,13.96,36,134840.3,2020-05-01,2021-04-07,Active
LOAN000325,CUST014013,Education Loan,395861,12.18,180,4796.94,2024-12-21,2042-04-18,Closed
LOAN000326,CUST013652,Education Loan,4817600,8.16,36,151321.92,2023-10-10,2041-09-29,Active
LOAN000327,CUST000439,Education Loan,3885377,9.38,240,35912.89,2018-08-02,2039-05-18,Defaulted
LOAN000328,CUST016534,Home Loan,3347295,11.86,60,74222.14,2019-08-30,2020-03-19,Defaulted
LOAN000329,CUST003270,Car Loan,541346,14.12,240,6778.98,2020-06-18,2028-02-13,Active
LOAN000330,CUST003753,Car Loan,925250,12.04,180,11128.38,2025-03-31,2040-10-24,Defaulted
LOAN000331,CUST009114,Home Loan,3532468,13.13,84,64512.45,2017-01-29,2036-05-19,Defaulted
LOAN000332,CUST009441,Gold Loan,2320076,7.61,60,46610.93,2024-10-18,2039-03-26,Active
LOAN000333,CUST001740,Home Loan,2941948,14.16,36,100777.58,2020-07-01,2039-06-12,Active
LOAN000334,CUST000607,Gold Loan,3933600,14.33,84,74434.65,2022-02-07,2022-10-05,Defaulted
LOAN000335,CUST017086,Gold Loan,1462731,12.48,240,16598.06,2018-06-17,2026-09-05,Active
LOAN000336,CUST012999,Gold Loan,3430677,8.9,24,156572.24,2018-01-17,2023-08-09,Active
LOAN000337,CUST016973,Education Loan,4766813,11.09,84,81845.2,2024-03-15,2033-04-29,Closed
LOAN000338,CUST018367,Personal Loan,3364484,12.74,120,49720.72,2021-04-13,2044-02-05,Closed
LOAN000339,CUST015684,Education Loan,1419482,8.5,120,17599.55,2019-02-14,2029-05-16,Active
LOAN000340,CUST011038,Personal Loan,3146190,10.08,12,276717.16,2019-04-14,2028-02-03,Active
LOAN000341,CUST005747,Personal Loan,3077863,12.86,240,35752.96,2025-01-16,2031-11-11,Closed
LOAN000342,CUST011585,Gold Loan,3731274,13.42,60,85702.34,2019-11-01,2046-01-19,Defaulted
LOAN000343,CUST006271,Home Loan,873902,13.21,60,19978.03,2025-06-14,2028-11-24,Closed
LOAN000344,CUST008852,Gold Loan,4874864,14.35,240,61863.04,2017-01-27,2025-03-27,Defaulted
LOAN000345,CUST018409,Home Loan,3095405,9.1,240,28049.55,2017-10-17,2037-07-06,Active
LOAN000346,CUST006601,Personal Loan,4994577,7.95,60,101152.54,2017-12-04,2018-06-07,Active
LOAN000347,CUST011379,Education Loan,3659539,10.68,120,49749.56,2019-11-15,2039-08-26,Closed
LOAN000348,CUST017190,Education Loan,1970410,9.4,12,172680.97,2016-10-04,2045-09-21,Defaulted
LOAN000349,CUST011606,Education Loan,500106,9.19,12,43779.08,2024-07-01,2035-07-23,Active
LOAN000350,CUST006910,Home Loan,2441633,8.22,240,20758.36,2023-04-21,2043-01-23,Closed
LOAN000351,CUST000739,Personal Loan,1511601,12.18,36,50336.84,2023-02-02,2034-05-22,Defaulted
LOAN000352,CUST001995,Home Loan,845323,14.33,12,76030.43,2018-08-29,2021-10-30,Active
LOAN000353,CUST000120,Personal Loan,1148514,8.14,120,14019.75,2024-12-31,2027-12-12,Active
LOAN000354,CUST014927,Gold Loan,4135721,13.99,180,55049.32,2019-09-01,2045-10-26,Defaulted
LOAN000355,CUST017610,Home Loan,3523946,9.48,60,73974.99,2024-03-07,2037-09-30,Closed
LOAN000356,CUST017437,Personal Loan,3332622,10.6,240,33496.39,2020-05-13,2038-11-23,Defaulted
LOAN000357,CUST018554,Personal Loan,1299836,11.61,24,60951.33,2020-03-29,2033-05-13,Defaulted
LOAN000358,CUST007294,Education Loan,1215171,9.19,36,38749.66,2024-10-13,2028-02-19,Closed
LOAN000359,CUST003406,Car Loan,2895802,13.05,24,137739.72,2020-05-31,2028-02-14,Closed
LOAN000360,CUST010538,Personal Loan,900197,7.95,24,40692.95,2025-06-30,2042-11-05,Closed
LOAN000361,CUST018467,Gold Loan,178481,9.34,240,1645.07,2022-01-08,2023-09-23,Active
LOAN000362,CUST008627,Gold Loan,959359,9.3,36,30641.49,2023-02-16,2043-07-17,Active
LOAN000363,CUST003482,Gold Loan,3661574,7.87,36,114520.96,2018-08-04,2043-09-04,Active
LOAN000364,CUST017819,Gold Loan,4602293,8.98,240,41348.85,2023-11-27,2034-04-04,Closed
LOAN000365,CUST000128,Education Loan,1859080,12.53,60,41853.84,2024-10-22,2037-01-11,Active
LOAN000366,CUST013427,Car Loan,3295888,11.8,180,39133.1,2018-06-20,2035-07-02,Closed
LOAN000367,CUST010611,Personal Loan,2400926,13.12,120,36018.54,2021-05-12,2029-11-16,Defaulted
LOAN000368,CUST015274,Gold Loan,2976429,12.45,180,36588.35,2023-06-21,2024-07-28,Closed
LOAN000369,CUST019581,Gold Loan,3591417,12.42,240,40601.18,2017-08-20,2030-11-28,Active
LOAN000370,CUST019286,Education Loan,2552993,13.1,120,38269.66,2023-09-12,2025-10-04,Active
LOAN000371,CUST012823,Education Loan,3638463,14.03,180,48528.28,2019-08-21,2031-10-29,Active
LOAN000372,CUST003074,Education Loan,4475851,8.92,36,142164.27,2025-07-17,2029-01-31,Active
LOAN000373,CUST002381,Home Loan,3831526,13.13,240,45244.54,2023-07-02,2025-06-18,Active
LOAN000374,CUST002484,Home Loan,4123877,10.53,36,134094.42,2020-03-28,2040-01-23,Active
LOAN000375,CUST003462,Gold Loan,149513,8.16,24,6772.98,2022-06-17,2034-01-16,Closed
LOAN000376,CUST015232,Home Loan,4178225,12.6,24,197856.32,2018-10-21,2035-11-01,Closed
LOAN000377,CUST007459,Car Loan,3701672,8.66,180,36799.83,2019-09-27,2025-07-25,Active
LOAN000378,CUST015885,Car Loan,4394983,13.5,120,66924.29,2019-03-07,2030-12-31,Active
LOAN000379,CUST006886,Home Loan,4911174,7.75,180,46227.69,2017-08-29,2018-11-21,Defaulted
LOAN000380,CUST015098,Personal Loan,3876140,13.25,36,131069.71,2024-09-07,2044-08-28,Closed
LOAN000381,CUST018685,Education Loan,2377011,13.99,60,55296.57,2017-02-19,2030-12-20,Defaulted
LOAN000382,CUST014971,Personal Loan,2719440,11.58,24,127480.75,2019-02-21,2025-08-11,Active
LOAN000383,CUST000804,Education Loan,4234713,10.04,240,40978.19,2017-12-27,2024-05-09,Defaulted
LOAN000384,CUST000475,Car Loan,4798399,13.48,60,110360.99,2016-10-17,2035-03-23,Active
LOAN000385,CUST008609,Gold Loan,1853758,8.77,180,18549.26,2019-04-21,2039-06-03,Closed
LOAN000386,CUST006483,Car Loan,3139123,10.4,60,67316.6,2019-06-18,2023-05-25,Active
LOAN000387,CUST018288,Education Loan,2022470,10.07,12,177873.1,2023-02-25,2036-05-28,Defaulted
LOAN000388,CUST005558,Personal Loan,1576417,12.26,120,22854.57,2017-03-16,2041-06-04,Active
LOAN000389,CUST013949,Education Loan,1928376,13.19,240,22853.9,2017-11-26,2044-10-11,Closed
LOAN000390,CUST008892,Gold Loan,3131122,10.93,36,102405.15,2021-07-20,2039-03-31,Closed
LOAN000391,CUST012522,Home Loan,1820857,12.14,24,85833.16,2018-04-19,2043-05-05,Closed
LOAN000392,CUST004449,Education Loan,490777,7.56,36,15279.74,2022-02-22,2034-04-23,Closed
LOAN000393,CUST000485,Home Loan,4524519,9.75,120,59167.24,2018-07-21,2020-01-08,Active
LOAN000394,CUST010423,Education Loan,643998,12.66,180,8004.59,2017-12-23,2045-08-03,Defaulted
LOAN000395,CUST019412,Gold Loan,827040,9.3,12,72440.98,2023-06-23,2033-07-26,Active
LOAN000396,CUST014901,Home Loan,1006175,8.02,36,31539.15,2021-07-08,2044-04-05,Defaulted
LOAN000397,CUST011227,Gold Loan,1724080,11.94,36,57214.73,2024-11-20,2044-12-07,Defaulted
LOAN000398,CUST019133,Gold Loan,1923533,8.76,120,24117.36,2020-09-14,2034-09-25,Active
LOAN000399,CUST007921,Personal Loan,1647891,7.68,36,51396.0,2024-10-19,2031-05-24,Active
LOAN000400,CUST007912,Personal Loan,3851360,12.17,84,68337.66,2020-05-29,2025-09-01,Defaulted
LOAN000401,CUST002767,Personal Loan,4447570,13.1,84,81152.02,2021-02-28,2029-11-07,Defaulted
LOAN000402,CUST014866,Personal Loan,1007676,10.33,24,46652.76,2023-06-23,2032-11-17,Active
LOAN000403,CUST016507,Home Loan,2001322,12.92,180,25216.31,2020-12-04,2028-09-02,Active
LOAN000404,CUST011689,Car Loan,465870,10.54,36,15150.7,2019-08-25,2033-08-24,Active
LOAN000405,CUST004038,Gold Loan,2426946,11.47,36,79996.36,2017-03-28,2025-10-29,Active
LOAN000406,CUST000857,Personal Loan,1532544,9.41,240,14195.37,2021-04-04,2037-04-08,Defaulted
LOAN000407,CUST016137,Home Loan,650198,10.06,24,30021.35,2019-10-30,2021-11-18,Defaulted
LOAN000408,CUST008831,Gold Loan,1793829,14.46,60,42168.29,2023-08-22,2041-04-22,Defaulted
LOAN000409,CUST008804,Personal Loan,3452101,13.12,120,51788.2,2020-03-31,2021-10-09,Active
LOAN000410,CUST011839,Car Loan,4558388,13.53,24,217850.59,2021-01-16,2022-02-27,Defaulted
LOAN000411,CUST003827,Car Loan,763303,12.89,240,8882.92,2020-06-29,2042-01-03,Active
LOAN000412,CUST018128,Car Loan,1365440,7.83,84,21166.58,2017-08-10,2039-09-16,Active
LOAN000413,CUST005996,Education Loan,4087098,11.49,84,71038.5,2023-05-28,2025-08-18,Closed
LOAN000414,CUST000504,Car Loan,777836,12.2,84,13814.26,2022-11-28,2039-11-08,Defaulted
LOAN000415,CUST002960,Home Loan,1120798,8.0,240,9374.8,2022-06-17,2035-04-06,Defaulted
LOAN000416,CUST007989,Car Loan,108979,13.53,12,9760.83,2022-05-16,2022-12-31,Closed
LOAN000417,CUST009641,Gold Loan,1534291,9.7,120,20021.74,2016-12-26,2024-11-06,Active
LOAN000418,CUST008110,Personal Loan,2922816,8.66,24,133072.6,2018-12-21,2030-04-04,Defaulted
LOAN000419,CUST005383,Car Loan,589693,12.65,180,7325.76,2020-07-20,2029-07-28,Active
LOAN000420,CUST013952,Gold Loan,4773663,9.84,180,50831.78,2024-11-26,2038-10-20,Active
LOAN000421,CUST013139,Personal Loan,976826,14.25,240,12324.8,2020-07-16,2030-06-11,Active
LOAN000422,CUST017988,Education Loan,2755426,11.44,24,128988.05,2019-04-30,2029-11-04,Active
LOAN000423,CUST013436,Car Loan,1523890,8.97,24,69597.55,2022-06-13,2023-12-15,Closed
LOAN000424,CUST007726,Education Loan,1308568,10.89,60,28379.71,2024-03-07,2029-01-22,Active
LOAN000425,CUST012034,Car Loan,3240337,8.16,12,282111.6,2022-08-02,2036-03-12,Closed
LOAN000426,CUST008130,Car Loan,336552,9.25,84,5457.61,2021-11-25,2041-06-02,Defaulted
LOAN000427,CUST012788,Education Loan,115825,13.95,84,2167.36,2021-07-19,2041-11-09,Defaulted
LOAN000428,CUST008293,Education Loan,3253037,11.64,36,107488.9,2025-07-21,2031-11-16,Closed
LOAN000429,CUST018322,Education Loan,1460278,11.0,240,15072.82,2023-08-21,2026-07-07,Defaulted
LOAN000430,CUST013061,Personal Loan,1779685,7.94,12,154762.63,2020-10-22,2020-10-31,Active
LOAN000431,CUST003296,Home Loan,3823341,11.37,120,53470.47,2023-03-05,2038-06-18,Defaulted
LOAN000432,CUST008958,Home Loan,2014421,8.2,120,24653.89,2021-11-20,2028-07-24,Closed
LOAN000433,CUST000116,Gold Loan,188520,8.66,24,8583.11,2021-07-05,2026-05-01,Closed
LOAN000434,CUST005648,Personal Loan,572077,14.48,180,7803.95,2025-03-30,2030-06-08,Active
LOAN000435,CUST012625,Car Loan,1023487,9.35,240,9440.21,2017-11-21,2041-11-12,Defaulted
LOAN000436,CUST014748,Gold Loan,4508715,12.58,24,213464.14,2018-04-26,2030-04-03,Defaulted
LOAN000437,CUST007182,Personal Loan,2203085,9.25,60,46000.19,2022-12-24,2034-06-27,Active
LOAN000438,CUST001711,Personal Loan,3798013,11.28,60,83109.34,2021-03-16,2037-02-07,Active
LOAN000439,CUST015958,Home Loan,1593215,8.25,180,15456.42,2016-10-01,2021-11-30,Active
LOAN000440,CUST005818,Gold Loan,4578824,11.17,240,47792.97,2018-12-23,2033-09-22,Defaulted
LOAN000441,CUST015279,Education Loan,4800992,12.48,180,59110.81,2017-04-05,2029-05-02,Closed
LOAN000442,CUST002481,Personal Loan,861693,13.56,36,29266.81,2020-10-30,2040-04-16,Active
LOAN000443,CUST010251,Home Loan,265195,12.16,120,3829.35,2019-05-20,2035-01-01,Closed
LOAN000444,CUST004033,Gold Loan,3362235,8.56,36,106230.98,2022-01-21,2028-07-11,Defaulted
LOAN000445,CUST013348,Home Loan,959609,9.62,60,20209.9,2023-12-25,2040-03-31,Defaulted
LOAN000446,CUST016531,Home Loan,2702789,10.88,60,58603.56,2022-08-27,2027-05-26,Closed
LOAN000447,CUST009515,Education Loan,2947988,13.77,240,36167.44,2017-08-27,2020-09-03,Active
LOAN000448,CUST004611,Gold Loan,4964165,10.17,60,105889.55,2021-06-12,2042-11-05,Defaulted
LOAN000449,CUST005118,Home Loan,1454493,13.78,84,27080.76,2023-05-18,2038-08-10,Closed
LOAN000450,CUST016947,Personal Loan,2804048,11.74,60,62006.71,2018-11-24,2031-01-12,Active
LOAN000451,CUST006386,Education Loan,3695801,13.19,180,47223.83,2018-06-25,2028-09-25,Defaulted
LOAN000452,CUST015140,Home Loan,536339,8.22,84,8418.4,2020-03-15,2026-12-09,Active
LOAN000453,CUST006272,Home Loan,2724742,8.89,240,24322.78,2022-11-05,2044-01-01,Active
LOAN000454,CUST000342,Home Loan,4692211,11.08,120,64847.88,2018-06-24,2036-03-17,Defaulted
LOAN000455,CUST000829,Gold Loan,1794469,9.94,36,57851.93,2020-12-22,2035-04-30,Defaulted
LOAN000456,CUST012530,Gold Loan,4798543,8.88,240,42804.1,2020-08-15,2046-04-28,Active
LOAN000457,CUST011552,Personal Loan,183908,10.3,84,3081.67,2016-11-19,2040-08-25,Active
LOAN000458,CUST009528,Car Loan,1101751,9.28,24,50474.87,2024-08-24,2028-06-20,Closed
LOAN000459,CUST011837,Home Loan,1043519,13.09,120,15636.3,2022-06-18,2025-08-27,Defaulted
LOAN000460,CUST000314,Home Loan,4573384,13.14,240,54037.43,2021-08-19,2021-12-24,Defaulted
LOAN000461,CUST011698,Gold Loan,2775915,10.19,12,244292.4,2024-03-24,2038-07-10,Active
LOAN000462,CUST010052,Car Loan,2670898,13.32,24,127381.18,2024-01-11,2040-10-16,Active
LOAN000463,CUST012864,Education Loan,1893974,8.81,36,60060.53,2018-03-10,2044-07-11,Active
LOAN000464,CUST016071,Education Loan,4888778,11.14,60,106635.53,2024-11-01,2025-03-03,Closed
LOAN000465,CUST017137,Home Loan,1593662,12.71,12,142124.81,2025-01-08,2034-09-23,Defaulted
LOAN000466,CUST018262,Home Loan,2642565,10.28,120,35332.71,2024-04-20,2041-01-09,Defaulted
LOAN000467,CUST004910,Home Loan,2551511,12.19,84,45300.81,2017-07-16,2018-03-22,Active
LOAN000468,CUST017797,Education Loan,553669,12.01,12,49195.41,2016-12-18,2020-11-13,Active
LOAN000469,CUST008874,Car Loan,4346747,10.25,36,140768.05,2020-02-11,2045-11-03,Closed
LOAN000470,CUST018286,Home Loan,747112,14.44,180,10171.42,2019-08-29,2033-07-13,Defaulted
LOAN000471,CUST000410,Education Loan,2390200,11.99,12,212355.19,2020-07-26,2040-10-11,Closed
LOAN000472,CUST003796,Education Loan,4337353,10.25,24,200647.68,2024-12-24,2046-05-05,Active
LOAN000473,CUST002704,Personal Loan,4669746,8.79,120,58624.95,2022-03-17,2044-12-06,Defaulted
LOAN000474,CUST010343,Education Loan,999077,8.71,12,87236.46,2024-07-01,2044-07-02,Active
LOAN000475,CUST004982,Personal Loan,787654,8.54,12,68713.6,2019-01-26,2039-05-27,Active
LOAN000476,CUST008583,Personal Loan,2093737,11.81,84,36747.78,2024-03-26,2045-06-07,Active
LOAN000477,CUST007668,Education Loan,1649445,8.13,84,25815.56,2020-06-04,2045-08-01,Closed
LOAN000478,CUST017518,Education Loan,3895335,10.45,180,42938.32,2025-07-28,2042-03-12,Active
LOAN000479,CUST017184,Gold Loan,1223433,10.98,60,26588.2,2021-06-23,2035-04-11,Active
LOAN000480,CUST009726,Gold Loan,1697447,8.59,36,53655.04,2021-05-21,2031-05-12,Defaulted
LOAN000481,CUST018154,Home Loan,3244199,9.73,240,30729.1,2020-07-16,2021-08-26,Defaulted
LOAN000482,CUST007500,Gold Loan,1153450,7.75,36,36012.05,2020-02-19,2043-02-17,Active
LOAN000483,CUST017037,Education Loan,3375851,9.4,84,55002.12,2020-03-20,2045-04-15,Closed
LOAN000484,CUST007721,Car Loan,4606449,10.33,24,213266.55,2019-09-09,2025-01-07,Defaulted
LOAN000485,CUST001906,Personal Loan,2243653,14.2,60,52438.81,2017-05-18,2021-08-18,Defaulted
LOAN000486,CUST006718,Gold Loan,769033,14.3,240,9731.1,2021-09-05,2040-08-07,Defaulted
LOAN000487,CUST002175,Car Loan,4096782,12.07,60,91275.64,2022-06-15,2044-10-17,Closed
LOAN000488,CUST006770,Car Loan,4955349,12.44,24,234285.0,2024-05-01,2042-06-16,Defaulted
LOAN000489,CUST007162,Gold Loan,2913730,7.6,60,58523.73,2023-12-09,2044-02-06,Closed
LOAN000490,CUST006505,Education Loan,1279438,9.18,120,16332.28,2022-06-06,2029-06-15,Active
LOAN000491,CUST018766,Education Loan,2984955,13.94,12,267926.24,2021-04-05,2029-03-31,Closed
LOAN000492,CUST004421,Personal Loan,3678901,10.04,84,61150.17,2017-09-29,2038-05-04,Defaulted
LOAN000493,CUST001273,Education Loan,2785074,12.19,60,62220.17,2023-10-04,2024-03-12,Closed
LOAN000494,CUST000452,Education Loan,1330209,8.83,120,16728.39,2021-01-11,2030-04-10,Defaulted
LOAN000495,CUST003520,Home Loan,3519433,13.05,240,41358.25,2023-04-02,2030-07-15,Closed
LOAN000496,CUST017478,Education Loan,2651915,10.87,36,86657.13,2024-08-03,2027-05-03,Closed
LOAN000497,CUST009568,Gold Loan,2010978,9.68,36,64586.9,2020-12-06,2035-11-29,Defaulted
LOAN000498,CUST000248,Home Loan,3774547,11.01,120,52015.76,2020-01-07,2039-08-19,Defaulted
LOAN000499,CUST017816,Personal Loan,554033,9.78,60,11711.68,2018-12-27,2022-09-27,Active
LOAN000500,CUST001748,Education Loan,517160,12.45,180,6357.29,2024-11-12,2038-09-10,Active
LOAN000501,CUST002086,Gold Loan,309226,12.03,60,6883.25,2017-06-14,2045-05-22,Closed
LOAN000502,CUST012493,Gold Loan,370928,9.49,120,4797.69,2019-06-25,2043-01-07,Active
LOAN000503,CUST013352,Education Loan,2099362,13.52,36,71262.76,2024-11-17,2033-11-21,Active
LOAN000504,CUST004975,Personal Loan,604669,12.22,24,28526.03,2025-01-08,2033-08-03,Closed
LOAN000505,CUST003499,Personal Loan,3461149,10.43,24,160402.26,2019-09-29,2033-02-11,Defaulted
LOAN000506,CUST013443,Gold Loan,1934988,8.57,36,61145.59,2022-04-12,2033-12-30,Closed
LOAN000507,CUST001085,Gold Loan,462140,7.62,120,5514.67,2023-12-16,2041-02-03,Active
LOAN000508,CUST004936,Car Loan,4505603,7.88,240,37350.88,2017-05-23,2031-01-09,Defaulted
LOAN000509,CUST006238,Home Loan,418778,11.01,36,13712.24,2018-02-21,2035-01-31,Active
LOAN000510,CUST006735,Home Loan,4276491,7.75,24,192926.86,2021-08-25,2044-10-10,Closed
LOAN000511,CUST012984,Car Loan,3153456,12.75,84,56939.82,2020-06-29,2039-03-11,Closed
LOAN000512,CUST014250,Gold Loan,411303,10.06,60,8751.12,2024-12-26,2026-01-19,Defaulted
LOAN000513,CUST011983,Home Loan,2007677,8.38,60,41074.55,2024-06-21,2026-03-02,Defaulted
LOAN000514,CUST005923,Education Loan,2869458,12.64,24,135934.56,2017-08-22,2028-04-21,Closed
LOAN000515,CUST017269,Personal Loan,2920823,13.54,12,261620.52,2017-11-19,2038-10-11,Closed
LOAN000516,CUST008949,Education Loan,3316269,13.85,180,43830.42,2021-02-21,2022-11-27,Closed
LOAN000517,CUST019451,Gold Loan,3973697,8.98,240,35701.29,2021-05-18,2036-04-05,Closed
LOAN000518,CUST004150,Gold Loan,2681112,8.91,240,23967.69,2025-04-14,2026-10-02,Closed
LOAN000519,CUST005100,Personal Loan,2367010,11.25,180,27276.11,2019-02-23,2031-04-23,Defaulted
LOAN000520,CUST009513,Education Loan,1037507,10.75,120,14145.23,2020-06-05,2024-09-21,Defaulted
LOAN000521,CUST013260,Car Loan,2101379,9.08,36,66901.56,2024-01-23,2036-08-04,Defaulted
LOAN000522,CUST017361,Car Loan,1306156,8.25,240,11129.31,2018-05-10,2018-08-25,Closed
LOAN000523,CUST017038,Education Loan,4787860,12.55,24,226612.9,2020-12-02,2045-12-10,Closed
LOAN000524,CUST003336,Personal Loan,4107119,12.09,84,72699.7,2020-09-25,2037-01-08,Closed
LOAN000525,CUST017586,Personal Loan,4140954,13.1,84,75557.39,2019-06-12,2041-08-08,Defaulted
LOAN000526,CUST019820,Personal Loan,1293481,14.31,180,17496.05,2016-08-19,2027-03-05,Closed
LOAN000527,CUST013729,Personal Loan,2159296,11.28,12,191124.29,2020-08-18,2027-06-17,Closed
LOAN000528,CUST009894,Car Loan,4185912,9.46,240,38908.92,2021-07-13,2030-12-19,Closed
LOAN000529,CUST007651,Home Loan,2919037,9.44,84,47619.04,2022-11-16,2036-12-09,Defaulted
LOAN000530,CUST002239,Education Loan,3831411,13.96,24,183884.7,2021-05-20,2031-02-21,Defaulted
LOAN000531,CUST014205,Gold Loan,2645498,11.56,60,58261.12,2020-01-19,2032-10-08,Defaulted
LOAN000532,CUST000252,Gold Loan,1350018,12.67,12,120371.01,2016-09-02,2035-01-19,Defaulted
LOAN000533,CUST008197,Gold Loan,3300163,10.92,60,71621.94,2021-04-06,2036-07-01,Closed
LOAN000534,CUST004707,Gold Loan,2372725,11.2,36,77904.89,2019-02-18,2030-07-25,Closed
LOAN000535,CUST008144,Home Loan,2499670,13.19,36,84452.7,2018-10-30,2032-03-16,Defaulted
LOAN000536,CUST002715,Personal Loan,2368523,9.77,36,76170.07,2018-08-29,2022-04-13,Defaulted
LOAN000537,CUST018080,Car Loan,405862,8.84,120,5106.21,2018-04-25,2041-01-27,Closed
LOAN000538,CUST009530,Home Loan,802987,9.76,240,7621.75,2018-04-23,2025-02-27,Closed
LOAN000539,CUST010342,Personal Loan,3518547,7.63,240,28625.52,2018-06-24,2020-02-02,Active
LOAN000540,CUST015291,Gold Loan,2181836,8.59,240,19058.95,2019-12-08,2027-03-15,Closed
LOAN000541,CUST000327,Gold Loan,482368,9.07,180,4912.6,2020-04-27,2028-01-21,Defaulted
LOAN000542,CUST004981,Gold Loan,3865868,11.85,60,85701.35,2022-12-19,2034-07-11,Defaulted
LOAN000543,CUST007439,Education Loan,465720,11.84,36,15433.0,2024-02-29,2041-12-11,Defaulted
LOAN000544,CUST006648,Home Loan,4992230,13.52,12,447111.23,2021-08-08,2033-10-08,Closed
LOAN000545,CUST006259,Gold Loan,3933344,8.31,240,33662.95,2017-01-11,2038-08-19,Active
LOAN000546,CUST009048,Personal Loan,3535837,9.05,240,31926.63,2020-04-05,2030-05-28,Active
LOAN000547,CUST003394,Personal Loan,4934094,8.23,240,41979.8,2023-04-21,2046-03-30,Active
LOAN000548,CUST017665,Home Loan,1430839,9.44,12,125421.12,2021-11-13,2035-03-05,Defaulted
LOAN000549,CUST019415,Home Loan,1542673,13.35,84,28358.62,2018-08-23,2026-11-18,Active
LOAN000550,CUST016118,Education Loan,3378157,8.84,60,69862.95,2017-09-04,2033-12-29,Active
LOAN000551,CUST001338,Car Loan,2029179,11.79,240,22046.64,2017-01-04,2029-07-07,Defaulted
LOAN000552,CUST003169,Car Loan,1862344,8.82,60,38496.71,2018-12-28,2039-07-26,Defaulted
LOAN000553,CUST012861,Personal Loan,4763316,8.14,24,215736.15,2019-08-05,2042-08-03,Closed
LOAN000554,CUST019815,Car Loan,3872882,11.73,36,128136.24,2023-10-05,2039-09-07,Closed
LOAN000555,CUST002394,Education Loan,1922102,12.09,120,27676.67,2019-03-06,2031-06-03,Defaulted
LOAN000556,CUST019916,Home Loan,2879742,9.26,36,91923.89,2018-12-23,2039-12-17,Active
LOAN000557,CUST015180,Home Loan,4149765,11.76,180,49165.21,2021-03-14,2036-07-26,Active
LOAN000558,CUST005924,Home Loan,3456696,10.42,60,74160.96,2018-10-13,2037-07-20,Defaulted
LOAN000559,CUST016298,Car Loan,4357723,13.5,180,56577.13,2022-02-05,2034-06-09,Active
LOAN000560,CUST002744,Home Loan,2999057,11.37,60,65761.52,2020-04-10,2032-10-06,Defaulted
LOAN000561,CUST005006,Home Loan,3542814,10.68,180,39558.5,2019-02-07,2038-02-19,Closed
LOAN000562,CUST018717,Car Loan,1182456,14.31,60,27704.09,2024-04-14,2036-10-12,Defaulted
LOAN000563,CUST019614,Gold Loan,245316,11.28,60,5368.08,2022-01-29,2033-01-02,Defaulted
LOAN000564,CUST011644,Gold Loan,3963000,7.93,180,37712.52,2018-10-20,2034-07-19,Defaulted
LOAN000565,CUST004120,Education Loan,531787,14.17,240,6678.64,2019-05-26,2043-10-30,Defaulted
LOAN000566,CUST002091,Gold Loan,2184850,13.41,240,26237.97,2021-12-17,2037-06-09,Defaulted
LOAN000567,CUST007444,Car Loan,3309535,12.25,240,37019.29,2023-06-14,2033-03-29,Defaulted
LOAN000568,CUST008732,Home Loan,2449395,8.1,84,38298.94,2018-07-04,2034-07-22,Defaulted
LOAN000569,CUST014405,Personal Loan,1805410,12.04,180,21714.44,2023-06-20,2034-09-03,Defaulted
LOAN000570,CUST005703,Gold Loan,1053547,9.12,60,21931.31,2022-02-08,2024-06-26,Defaulted
LOAN000571,CUST003801,Personal Loan,246084,8.8,120,3090.71,2018-07-03,2026-05-22,Closed
LOAN000572,CUST011420,Car Loan,3058034,12.25,24,144309.56,2023-12-21,2044-02-25,Defaulted
LOAN000573,CUST002009,Car Loan,2280081,9.34,120,29304.32,2018-06-01,2028-09-10,Closed
LOAN000574,CUST001494,Personal Loan,2114416,13.88,240,26109.13,2019-02-11,2028-08-04,Active
LOAN000575,CUST009283,Gold Loan,2121991,11.04,60,46179.57,2019-04-04,2039-07-30,Closed
LOAN000576,CUST007790,Gold Loan,791837,11.7,180,9351.08,2017-10-03,2045-05-03,Defaulted
LOAN000577,CUST003849,Car Loan,3492832,12.3,36,116513.11,2020-04-14,2026-12-05,Defaulted
LOAN000578,CUST015651,Education Loan,3229143,12.48,60,72616.22,2023-01-16,2032-07-13,Closed
LOAN000579,CUST019144,Personal Loan,4599517,9.64,24,211480.94,2024-08-25,2030-12-01,Active
LOAN000580,CUST018552,Education Loan,2421521,7.81,12,210431.64,2023-01-30,2029-10-17,Defaulted
LOAN000581,CUST019250,Personal Loan,2699245,10.04,84,44866.47,2019-02-07,2025-11-27,Defaulted
LOAN000582,CUST004195,Home Loan,4954031,8.01,120,60132.25,2020-08-31,2025-06-22,Active
LOAN000583,CUST001513,Car Loan,1691494,14.31,36,58066.26,2019-06-19,2025-12-11,Active
LOAN000584,CUST002749,Education Loan,120460,14.05,12,10818.59,2019-01-15,2044-04-22,Closed
LOAN000585,CUST018212,Gold Loan,3159939,7.67,36,98540.65,2017-02-21,2018-04-02,Closed
LOAN000586,CUST003734,Car Loan,4166509,12.51,24,197125.84,2020-01-22,2041-10-18,Defaulted
LOAN000587,CUST007655,Education Loan,394633,8.67,24,17969.01,2017-01-15,2044-12-13,Active
LOAN000588,CUST002347,Personal Loan,1087390,8.75,24,49552.5,2021-10-12,2026-11-13,Defaulted
LOAN000589,CUST002520,Personal Loan,2027761,8.4,24,92080.51,2022-02-28,2036-09-21,Defaulted
LOAN000590,CUST000719,Personal Loan,3390718,13.07,84,61812.93,2020-07-02,2033-10-27,Defaulted
LOAN000591,CUST000140,Personal Loan,177526,13.28,240,2115.36,2020-02-18,2034-08-03,Closed
LOAN000592,CUST017948,Education Loan,4582685,12.92,120,68208.34,2017-07-01,2024-03-19,Active
LOAN000593,CUST017763,Personal Loan,1783771,10.68,60,38499.44,2016-12-13,2028-10-25,Active
LOAN000594,CUST002445,Education Loan,4943766,13.61,84,91584.41,2020-11-07,2035-08-18,Closed
LOAN000595,CUST005199,Personal Loan,2201917,9.42,24,101018.86,2019-07-26,2034-10-21,Active
LOAN000596,CUST001403,Gold Loan,527519,10.09,180,5697.83,2021-12-14,2042-02-09,Active
LOAN000597,CUST016322,Car Loan,138298,12.37,36,4617.95,2016-09-21,2040-07-29,Active
LOAN000598,CUST001731,Home Loan,3383348,10.37,120,45407.28,2023-10-27,2044-11-10,Defaulted
LOAN000599,CUST009261,Car Loan,2233583,10.08,120,29616.0,2021-06-16,2027-12-20,Active
LOAN000600,CUST003722,Home Loan,3330981,9.48,24,152909.65,2018-12-14,2045-06-25,Active
LOAN000601,CUST017841,Home Loan,3435140,8.66,12,299866.72,2018-01-05,2037-11-22,Defaulted
LOAN000602,CUST019737,Gold Loan,3806056,8.64,12,332210.16,2018-06-12,2041-03-19,Active
LOAN000603,CUST008122,Home Loan,1541716,13.3,120,23293.08,2025-04-09,2037-04-11,Defaulted
LOAN000604,CUST009532,Education Loan,2150043,8.7,240,18931.62,2019-04-26,2019-10-27,Closed
LOAN000605,CUST017731,Personal Loan,1179152,8.14,84,18460.87,2020-02-11,2027-05-01,Active
LOAN000606,CUST018907,Personal Loan,4711666,8.43,36,148582.91,2020-08-16,2040-07-12,Defaulted
LOAN000607,CUST014284,Home Loan,4662182,8.61,180,46211.46,2018-01-17,2038-07-21,Defaulted
LOAN000608,CUST004075,Gold Loan,4729568,9.96,12,415716.18,2018-05-01,2025-10-14,Defaulted
LOAN000609,CUST009050,Education Loan,4640233,10.06,240,44963.87,2021-07-21,2041-05-26,Active
LOAN000610,CUST006439,Home Loan,4317159,11.43,180,50240.65,2024-12-30,2034-03-24,Active
LOAN000611,CUST002268,Home Loan,4578751,12.37,180,56047.32,2025-01-07,2037-03-19,Active
LOAN000612,CUST002831,Home Loan,744952,13.08,120,11158.11,2019-06-14,2028-06-15,Closed
LOAN000613,CUST010496,Home Loan,4447237,12.4,240,50213.69,2019-10-13,2036-08-14,Defaulted
LOAN000614,CUST014178,Gold Loan,4687574,14.06,84,88000.63,2021-02-16,2038-10-19,Defaulted
LOAN000615,CUST012292,Home Loan,2991181,11.08,24,139523.6,2023-07-21,2025-10-15,Defaulted
LOAN000616,CUST008367,Personal Loan,2390618,7.72,60,48153.4,2025-06-05,2038-12-12,Active
LOAN000617,CUST016895,Gold Loan,4730992,11.63,60,104355.88,2023-07-31,2042-01-03,Closed
LOAN000618,CUST008467,Car Loan,4279693,9.43,180,44509.02,2019-04-14,2029-12-10,Closed
LOAN000619,CUST002933,Home Loan,985238,10.73,180,11031.71,2022-03-26,2042-12-29,Closed
LOAN000620,CUST013785,Education Loan,2416594,13.15,120,36296.46,2021-10-06,2030-04-01,Defaulted
LOAN000621,CUST016076,Gold Loan,211750,11.5,60,4656.93,2023-06-28,2030-08-25,Defaulted
LOAN000622,CUST012951,Car Loan,4068575,10.14,180,44070.24,2022-08-28,2040-05-12,Active
LOAN000623,CUST002947,Home Loan,143526,12.01,240,1581.35,2019-03-07,2032-01-22,Closed
LOAN000624,CUST017515,Personal Loan,1817691,9.99,120,24010.86,2024-11-26,2026-09-29,Defaulted
LOAN000625,CUST011293,Gold Loan,2642581,9.08,12,231195.66,2020-05-12,2043-01-29,Closed
LOAN000626,CUST019607,Personal Loan,2765558,12.86,240,32125.18,2023-01-31,2036-11-15,Defaulted
LOAN000627,CUST009391,Personal Loan,3883829,8.18,36,122027.85,2016-10-14,2021-02-03,Defaulted
LOAN000628,CUST009294,Car Loan,3878457,11.49,12,343671.56,2019-02-11,2025-11-04,Closed
LOAN000629,CUST017748,Education Loan,3846913,13.49,240,46418.98,2016-12-04,2030-06-30,Closed
LOAN000630,CUST006163,Gold Loan,2712568,11.57,24,127145.97,2018-10-23,2027-11-11,Defaulted
LOAN000631,CUST009759,Education Loan,1475871,9.45,120,19057.03,2022-04-29,2024-03-30,Defaulted
LOAN000632,CUST008545,Gold Loan,132699,14.34,120,2087.58,2025-04-23,2037-05-14,Closed
LOAN000633,CUST002580,Education Loan,2382567,12.87,240,27693.22,2024-02-08,2032-06-12,Active
LOAN000634,CUST004388,Home Loan,1881628,12.46,240,21324.9,2022-10-05,2034-08-16,Closed
LOAN000635,CUST011226,Gold Loan,2685171,14.09,84,50453.73,2016-09-07,2029-10-02,Defaulted
LOAN000636,CUST018150,Gold Loan,4917362,7.81,36,153661.61,2022-11-05,2038-11-13,Active
LOAN000637,CUST004833,Home Loan,203716,13.08,180,2588.23,2025-05-13,2036-01-08,Closed
LOAN000638,CUST009392,Education Loan,913438,7.71,240,7476.33,2021-08-14,2028-05-22,Defaulted
LOAN000639,CUST006706,Gold Loan,1711685,8.04,36,53669.58,2017-06-22,2039-05-05,Active
LOAN000640,CUST016193,Car Loan,4571824,11.38,24,213890.31,2017-08-21,2032-06-15,Defaulted
LOAN000641,CUST002627,Education Loan,4153213,12.13,180,50193.42,2019-05-23,2038-11-08,Defaulted
LOAN000642,CUST009099,Personal Loan,4555027,10.78,36,148651.63,2019-10-15,2026-08-02,Defaulted
LOAN000643,CUST010873,Home Loan,1198356,8.52,180,11814.74,2018-12-15,2025-08-15,Active
LOAN000644,CUST006889,Personal Loan,4022617,13.85,12,360895.34,2023-12-25,2029-08-06,Closed
LOAN000645,CUST019365,Personal Loan,1602886,12.18,36,53376.66,2024-05-12,2040-12-06,Closed
LOAN000646,CUST005688,Home Loan,3174070,7.53,180,29478.16,2019-10-03,2020-09-30,Defaulted
LOAN000647,CUST004950,Education Loan,3187390,7.71,120,38185.15,2022-07-31,2037-09-06,Closed
LOAN000648,CUST014307,Home Loan,3565621,13.85,60,82688.74,2016-09-27,2019-03-19,Defaulted
LOAN000649,CUST011331,Gold Loan,2328407,8.9,36,73934.4,2021-03-02,2035-06-18,Active
LOAN000650,CUST019491,Car Loan,1742263,11.38,120,24375.96,2018-05-22,2026-08-17,Closed
LOAN000651,CUST001806,Home Loan,2623697,10.77,180,29443.03,2020-01-07,2027-06-22,Active
LOAN000652,CUST013812,Personal Loan,936259,10.28,12,82434.02,2023-01-22,2034-08-21,Active
LOAN000653,CUST011998,Gold Loan,1754293,7.82,12,152457.23,2025-01-11,2046-06-22,Defaulted
LOAN000654,CUST016481,Home Loan,4020582,9.9,84,66538.86,2019-04-11,2020-12-08,Defaulted
LOAN000655,CUST008509,Car Loan,1946199,8.67,120,24307.39,2019-04-13,2026-01-23,Closed
LOAN000656,CUST019716,Home Loan,2053458,14.09,24,98679.77,2022-01-26,2029-06-18,Closed
LOAN000657,CUST008576,Gold Loan,955619,7.73,84,14766.26,2019-04-25,2025-11-21,Defaulted
LOAN000658,CUST004878,Personal Loan,2082168,9.22,60,43445.04,2024-11-03,2042-12-10,Active
LOAN000659,CUST010880,Home Loan,721147,10.2,180,7837.96,2021-02-15,2039-06-04,Closed
LOAN000660,CUST001148,Education Loan,4739426,11.22,120,65877.2,2022-06-14,2037-02-27,Defaulted
LOAN000661,CUST006077,Education Loan,1660586,8.15,60,33790.03,2023-11-07,2044-10-26,Closed
LOAN000662,CUST006310,Education Loan,1734361,10.66,24,80561.32,2019-04-25,2041-11-12,Active
LOAN000663,CUST006211,Education Loan,1671158,13.97,180,22221.83,2018-05-08,2027-07-10,Active
LOAN000664,CUST016880,Home Loan,126561,8.79,36,4012.25,2017-01-31,2038-04-29,Active
LOAN000665,CUST005715,Education Loan,3651125,10.03,60,77629.52,2017-01-09,2044-03-10,Closed
LOAN000666,CUST015993,Home Loan,2730724,10.45,120,36770.61,2018-10-25,2034-04-10,Active
LOAN000667,CUST015144,Home Loan,489547,8.17,36,15379.05,2021-01-20,2023-01-06,Active
LOAN000668,CUST013303,Education Loan,3526440,12.33,120,51269.18,2019-04-24,2030-03-24,Closed
LOAN000669,CUST000425,Home Loan,3202930,9.28,180,33021.91,2017-08-30,2038-04-05,Active
LOAN000670,CUST007361,Education Loan,4226280,11.9,180,50450.88,2020-08-19,2043-09-28,Closed
LOAN000671,CUST019417,Education Loan,3126160,13.68,84,58033.05,2016-08-11,2025-04-02,Closed
LOAN000672,CUST007242,Personal Loan,4078083,11.96,36,135372.81,2024-04-16,2027-04-08,Defaulted
LOAN000673,CUST015704,Car Loan,3836256,13.99,180,51063.24,2021-11-16,2034-06-25,Active
LOAN000674,CUST009996,Car Loan,1027389,8.78,240,9098.82,2024-04-17,2026-07-19,Defaulted
LOAN000675,CUST015487,Education Loan,1480320,13.18,60,33818.39,2018-04-26,2040-04-27,Closed
LOAN000676,CUST002178,Gold Loan,3504160,10.88,60,75979.39,2024-05-18,2034-08-07,Defaulted
LOAN000677,CUST007052,Education Loan,723428,11.1,240,7516.44,2018-10-19,2038-05-22,Active
LOAN000678,CUST006406,Car Loan,1982033,12.11,24,93403.02,2018-12-28,2030-07-22,Defaulted
LOAN000679,CUST005352,Home Loan,4781506,8.28,120,58722.71,2016-10-27,2026-10-16,Active
LOAN000680,CUST012907,Personal Loan,935881,12.07,180,11274.33,2023-04-16,2030-10-29,Active
LOAN000681,CUST001607,Car Loan,2064703,11.89,240,22576.02,2021-08-19,2022-09-01,Closed
LOAN000682,CUST003063,Car Loan,661848,13.37,240,7929.16,2022-06-29,2038-08-28,Closed
LOAN000683,CUST017403,Personal Loan,4258176,10.1,24,196689.81,2017-08-22,2040-09-30,Closed
LOAN000684,CUST003489,Personal Loan,4224484,8.05,120,51366.33,2022-04-19,2030-09-09,Closed
LOAN000685,CUST004202,Personal Loan,3876799,12.27,240,43418.88,2020-11-21,2046-05-01,Active
LOAN000686,CUST018506,Home Loan,1881315,11.68,120,26644.53,2025-06-03,2025-07-28,Defaulted
LOAN000687,CUST017688,Personal Loan,689539,14.36,180,9350.25,2024-03-28,2036-04-08,Defaulted
LOAN000688,CUST016599,Car Loan,997845,10.27,36,32324.29,2019-07-13,2040-07-25,Active
LOAN000689,CUST002806,Car Loan,2442464,12.84,120,36238.47,2023-08-28,2046-06-05,Defaulted
LOAN000690,CUST012350,Car Loan,4203204,9.59,120,54595.76,2018-05-01,2031-05-06,Defaulted
LOAN000691,CUST018690,Personal Loan,347893,8.62,36,11001.48,2022-03-06,2032-12-26,Defaulted
LOAN000692,CUST006249,Home Loan,4825224,10.52,24,223819.46,2017-07-18,2039-06-29,Active
LOAN000693,CUST009705,Personal Loan,3661196,9.79,60,77411.83,2024-09-22,2036-07-24,Defaulted
LOAN000694,CUST006915,Car Loan,2553657,11.0,12,225696.44,2023-06-04,2037-02-03,Active
LOAN000695,CUST014038,Car Loan,4024473,8.36,24,182677.5,2025-06-01,2044-03-16,Active
LOAN000696,CUST004032,Home Loan,274677,10.2,36,8888.87,2017-12-06,2018-12-24,Closed
LOAN000697,CUST004450,Personal Loan,3033959,10.05,36,97968.56,2017-03-07,2031-06-10,Defaulted
LOAN000698,CUST011263,Personal Loan,747043,13.8,240,9181.32,2021-03-30,2038-12-17,Closed
LOAN000699,CUST018577,Education Loan,774370,13.61,60,17862.05,2017-04-12,2043-02-01,Defaulted
LOAN000700,CUST003529,Education Loan,1386075,12.47,120,20264.56,2024-04-25,2038-01-16,Defaulted
LOAN000701,CUST018788,Education Loan,1475848,8.81,120,18544.0,2019-10-11,2031-10-27,Closed
LOAN000702,CUST015570,Education Loan,4507719,11.3,24,210723.43,2023-06-13,2035-03-06,Defaulted
LOAN000703,CUST017683,Personal Loan,532563,11.19,12,47116.01,2023-01-17,2032-11-21,Defaulted
LOAN000704,CUST002320,Car Loan,2733072,8.84,120,34385.18,2024-06-12,2025-06-26,Defaulted
LOAN000705,CUST012784,Education Loan,800230,12.01,36,26582.91,2024-01-06,2045-07-14,Active
LOAN000706,CUST008100,Gold Loan,3033137,13.92,240,37541.58,2017-01-13,2025-01-04,Defaulted
LOAN000707,CUST003510,Education Loan,3732942,9.62,180,39251.06,2021-12-04,2046-04-12,Closed
LOAN000708,CUST011341,Education Loan,3942183,12.92,120,58675.16,2021-10-07,2024-07-19,Closed
LOAN000709,CUST008166,Education Loan,943628,10.21,36,30541.34,2024-02-08,2036-05-24,Defaulted
LOAN000710,CUST005395,Gold Loan,4270983,10.53,36,138877.81,2024-09-28,2035-08-07,Active
LOAN000711,CUST008026,Car Loan,4783736,13.64,240,58240.14,2022-12-17,2043-07-19,Active
LOAN000712,CUST004394,Home Loan,4949847,11.73,36,163768.16,2019-02-02,2038-11-11,Closed
LOAN000713,CUST004591,Education Loan,690653,12.93,12,61664.56,2021-04-27,2031-10-11,Defaulted
LOAN000714,CUST016145,Gold Loan,3180156,11.81,180,37779.35,2018-06-07,2033-01-09,Active
LOAN000715,CUST001053,Gold Loan,2979103,7.69,84,45974.16,2023-04-15,2025-10-03,Defaulted
LOAN000716,CUST010331,Gold Loan,2016093,8.14,120,24610.17,2021-01-24,2037-02-08,Active
LOAN000717,CUST016862,Personal Loan,419683,12.6,24,19873.73,2017-10-04,2020-08-27,Defaulted
LOAN000718,CUST002579,Home Loan,890651,13.43,60,20461.64,2019-11-22,2029-06-11,Active
LOAN000719,CUST010505,Home Loan,2936771,10.53,240,29379.34,2024-04-27,2026-09-11,Active
LOAN000720,CUST019883,Car Loan,4260243,13.49,36,144551.97,2022-12-12,2029-11-02,Closed
LOAN000721,CUST008353,Car Loan,1240109,9.04,120,15736.04,2025-06-06,2040-11-06,Closed
LOAN000722,CUST017459,Home Loan,3390405,8.22,180,32832.54,2016-11-14,2044-08-10,Active
LOAN000723,CUST019376,Education Loan,1612513,12.83,84,29185.95,2022-12-27,2041-07-10,Closed
LOAN000724,CUST004725,Personal Loan,763638,14.5,36,26285.17,2019-10-09,2033-08-24,Active
LOAN000725,CUST018919,Car Loan,1166113,11.94,120,16689.91,2021-11-03,2028-02-12,Closed
LOAN000726,CUST002233,Personal Loan,256834,9.02,36,8169.64,2020-01-02,2029-07-17,Closed
LOAN000727,CUST002778,Home Loan,1077700,7.8,12,93647.8,2020-05-05,2044-10-20,Active
LOAN000728,CUST015132,Home Loan,2434351,10.19,120,32426.8,2020-03-21,2026-08-20,Defaulted
LOAN000729,CUST001291,Car Loan,429285,8.23,36,13497.83,2024-04-24,2027-03-25,Closed
LOAN000730,CUST014762,Gold Loan,3520589,12.16,24,165989.53,2024-10-17,2034-03-02,Active
LOAN000731,CUST002208,Personal Loan,1500992,7.95,60,30398.8,2022-03-22,2032-04-12,Closed
LOAN000732,CUST003450,Car Loan,142110,9.31,180,1467.7,2025-03-21,2034-03-03,Active
LOAN000733,CUST015250,Personal Loan,2902088,8.44,12,253038.86,2024-01-17,2034-05-02,Closed
LOAN000734,CUST009510,Personal Loan,1121499,9.75,36,36056.13,2019-11-19,2045-07-14,Defaulted
LOAN000735,CUST003036,Gold Loan,1922829,12.39,36,64224.2,2022-12-06,2031-05-15,Closed
LOAN000736,CUST016263,Gold Loan,2856340,8.76,36,90512.13,2021-10-04,2031-02-21,Active
LOAN000737,CUST016818,Home Loan,965214,8.46,84,15266.19,2016-09-19,2029-06-29,Active
LOAN000738,CUST015338,Personal Loan,2880270,11.94,120,41223.67,2020-04-09,2036-05-12,Defaulted
LOAN000739,CUST010183,Car Loan,1234213,11.83,60,27348.48,2023-05-10,2024-11-02,Closed
LOAN000740,CUST002999,Car Loan,2949079,9.36,120,37934.68,2017-03-03,2019-10-29,Active
LOAN000741,CUST006760,Gold Loan,1761219,13.94,24,84511.29,2018-08-27,2030-05-23,Active
LOAN000742,CUST002266,Car Loan,1655787,10.96,180,18778.06,2019-04-19,2036-11-21,Active
LOAN000743,CUST007338,Gold Loan,4644540,8.26,240,39603.69,2025-03-18,2031-12-28,Defaulted
LOAN000744,CUST010677,Car Loan,2175137,9.52,180,22739.57,2025-03-20,2038-05-14,Active
LOAN000745,CUST004506,Car Loan,2104500,13.28,240,25076.79,2017-05-20,2037-11-25,Closed
LOAN000746,CUST018427,Gold Loan,2883433,8.96,36,91638.73,2018-03-07,2039-09-12,Closed
LOAN000747,CUST019202,Car Loan,2935799,11.47,120,41225.62,2023-02-11,2031-09-20,Defaulted
LOAN000748,CUST006693,Education Loan,3413177,11.41,84,59180.29,2019-10-22,2044-06-08,Active
LOAN000749,CUST014802,Home Loan,1795606,11.77,24,84332.67,2025-01-26,2032-12-19,Defaulted
LOAN000750,CUST014031,Home Loan,2518625,9.33,12,220643.09,2021-02-25,2041-02-04,Defaulted
LOAN000751,CUST003107,Personal Loan,2570543,12.88,120,38199.24,2024-11-30,2036-06-04,Closed
LOAN000752,CUST000222,Gold Loan,3273626,10.84,240,33434.25,2022-08-25,2025-09-09,Defaulted
LOAN000753,CUST018357,Education Loan,2463809,13.41,36,83502.85,2021-10-21,2038-05-12,Defaulted
LOAN000754,CUST011826,Car Loan,352192,14.41,12,31690.29,2019-11-25,2044-12-20,Closed
LOAN000755,CUST003051,Gold Loan,390432,11.96,12,34682.1,2019-08-07,2044-03-09,Defaulted
LOAN000756,CUST004286,Home Loan,3853449,11.08,84,66142.64,2017-09-01,2019-07-22,Closed
LOAN000757,CUST017542,Car Loan,3264541,9.87,84,53976.22,2022-01-07,2025-10-28,Closed
LOAN000758,CUST012247,Education Loan,3135504,11.37,24,146678.27,2025-06-13,2027-04-06,Defaulted
LOAN000759,CUST000211,Education Loan,135298,8.33,60,2764.77,2022-09-03,2045-05-15,Active
LOAN000760,CUST018239,Personal Loan,1419553,7.66,120,16969.12,2017-01-11,2046-05-08,Active
LOAN000761,CUST001912,Personal Loan,4024849,11.61,84,70212.88,2020-06-15,2043-03-03,Defaulted
LOAN000762,CUST000500,Gold Loan,2640076,9.68,12,231711.89,2019-06-24,2028-06-02,Defaulted
LOAN000763,CUST005000,Education Loan,3484540,11.74,240,37738.06,2024-01-16,2033-08-13,Defaulted
LOAN000764,CUST017918,Home Loan,2552549,7.86,60,51585.63,2020-07-24,2038-02-14,Active
LOAN000765,CUST017267,Gold Loan,1712764,11.09,240,17783.98,2020-10-18,2043-03-27,Defaulted
LOAN000766,CUST008749,Car Loan,4136525,12.23,24,195165.19,2018-01-05,2030-02-11,Closed
LOAN000767,CUST013684,Home Loan,3723323,9.21,84,60302.41,2019-03-30,2029-07-12,Active
LOAN000768,CUST000181,Home Loan,875487,7.74,120,10502.18,2025-04-15,2046-07-14,Active
LOAN000769,CUST018927,Personal Loan,3497323,13.75,24,167503.81,2024-07-27,2032-06-30,Active
LOAN000770,CUST013685,Personal Loan,4002097,14.36,60,93870.42,2018-08-09,2018-09-15,Active
LOAN000771,CUST012001,Personal Loan,923278,10.64,240,9304.81,2017-08-08,2034-08-16,Active
LOAN000772,CUST018843,Personal Loan,2414031,8.31,36,75992.66,2022-03-25,2032-01-16,Active
LOAN000773,CUST011795,Gold Loan,1930526,9.18,120,24643.55,2019-08-14,2023-08-02,Closed
LOAN000774,CUST007268,Education Loan,961892,10.11,180,10401.37,2022-05-03,2037-05-28,Defaulted
LOAN000775,CUST002421,Home Loan,3597761,11.64,36,118879.48,2022-01-07,2027-01-14,Active
LOAN000776,CUST015826,Personal Loan,3249467,11.67,60,71741.89,2018-07-29,2037-02-01,Defaulted
LOAN000777,CUST018203,Education Loan,2975137,11.97,60,66135.19,2017-09-07,2035-04-28,Defaulted
LOAN000778,CUST015635,Personal Loan,1374833,12.62,24,65116.94,2020-06-10,2030-05-02,Closed
LOAN000779,CUST014889,Gold Loan,263143,8.7,36,8331.18,2020-09-07,2041-12-10,Active
LOAN000780,CUST000467,Gold Loan,4969694,9.57,180,52104.89,2019-07-16,2030-09-06,Defaulted
LOAN000781,CUST015058,Car Loan,1244961,13.61,60,28716.96,2019-03-07,2036-08-22,Active
LOAN000782,CUST000060,Gold Loan,1959024,10.35,36,63534.6,2017-12-26,2033-04-17,Closed
LOAN000783,CUST004203,Gold Loan,3603437,12.76,24,170908.03,2018-02-23,2041-08-08,Closed
LOAN000784,CUST018077,Education Loan,1898837,14.01,120,29493.98,2024-06-30,2030-03-28,Closed
LOAN000785,CUST007485,Personal Loan,3339632,9.39,240,30890.25,2023-07-14,2032-09-21,Defaulted
LOAN000786,CUST001581,Gold Loan,839388,11.83,60,18599.69,2019-10-29,2035-09-02,Closed
LOAN000787,CUST007285,Personal Loan,1776823,11.21,24,82987.22,2023-08-04,2029-05-03,Active
LOAN000788,CUST019828,Personal Loan,1167887,14.15,84,21983.1,2018-11-18,2037-02-04,Defaulted
LOAN000789,CUST016234,Personal Loan,3560518,12.68,120,52492.45,2023-03-06,2034-08-22,Defaulted
LOAN000790,CUST009394,Personal Loan,4560165,13.86,60,105776.37,2019-12-10,2037-01-09,Defaulted
LOAN000791,CUST002699,Personal Loan,3665178,13.49,24,175094.0,2020-01-07,2045-05-27,Active
LOAN000792,CUST004565,Personal Loan,4514542,11.6,12,400267.3,2020-02-22,2025-02-07,Active
LOAN000793,CUST011404,Personal Loan,105345,11.1,60,2295.71,2020-12-25,2035-05-11,Defaulted
LOAN000794,CUST004200,Car Loan,4564544,8.88,84,73161.63,2024-03-07,2039-12-13,Defaulted
LOAN000795,CUST019839,Car Loan,4641159,7.62,120,55382.49,2020-07-21,2039-04-08,Active
LOAN000796,CUST014903,Personal Loan,474422,13.19,12,42416.38,2017-01-21,2020-05-05,Defaulted
LOAN000797,CUST007158,Education Loan,1182988,8.17,120,14459.39,2018-05-31,2033-03-18,Active
LOAN000798,CUST002974,Gold Loan,4812357,10.27,240,47304.42,2020-08-15,2040-01-30,Active
LOAN000799,CUST007842,Home Loan,3050199,12.76,120,45111.99,2019-10-03,2021-04-03,Closed
LOAN000800,CUST014767,Education Loan,4618569,13.41,180,59687.57,2024-12-01,2041-09-10,Defaulted
LOAN000801,CUST013635,Education Loan,3011931,8.8,84,48154.04,2019-03-28,2038-12-31,Closed
LOAN000802,CUST007696,Gold Loan,3573822,13.51,24,170763.38,2025-06-26,2037-12-21,Active
LOAN000803,CUST005935,Education Loan,613051,12.87,180,7704.21,2020-04-25,2036-11-18,Defaulted
LOAN000804,CUST013876,Home Loan,3554601,9.81,24,163715.26,2018-10-02,2025-06-22,Closed
LOAN000805,CUST017226,Home Loan,3189416,11.69,24,149675.58,2021-05-13,2028-03-14,Closed
LOAN000806,CUST005216,Gold Loan,4450608,14.34,120,70015.73,2021-06-16,2025-10-06,Closed
LOAN000807,CUST011433,Gold Loan,1918342,10.43,240,19062.22,2019-11-22,2033-03-02,Active
LOAN000808,CUST011166,Car Loan,2862878,11.99,120,41057.43,2021-09-25,2029-07-08,Defaulted
LOAN000809,CUST011366,Personal Loan,3332197,11.64,24,156298.47,2020-11-20,2039-10-20,Defaulted
LOAN000810,CUST006627,Personal Loan,4323733,14.44,24,208494.76,2022-09-07,2034-01-05,Closed
LOAN000811,CUST003596,Personal Loan,4144926,10.9,36,135503.36,2023-04-07,2046-02-12,Closed
LOAN000812,CUST013086,Car Loan,602101,9.7,24,27700.61,2024-05-14,2026-06-14,Active
LOAN000813,CUST005273,Education Loan,4537697,10.82,60,98253.68,2019-10-16,2028-11-19,Defaulted
LOAN000814,CUST005628,Education Loan,4994966,12.42,120,72881.22,2023-11-04,2028-09-18,Closed
LOAN000815,CUST012011,Personal Loan,155279,9.06,24,7098.16,2020-09-26,2040-03-08,Closed
LOAN000816,CUST014842,Personal Loan,3626246,9.88,12,318602.29,2016-10-08,2025-09-05,Defaulted
LOAN000817,CUST010073,Personal Loan,2446056,7.53,120,29073.43,2022-12-14,2044-02-21,Active
LOAN000818,CUST014752,Gold Loan,4222600,8.69,240,37154.07,2023-10-26,2036-09-14,Closed
LOAN000819,CUST007325,Personal Loan,568091,7.66,240,4632.24,2023-05-27,2033-07-13,Defaulted
LOAN000820,CUST008633,Education Loan,4014082,7.6,24,180814.64,2020-07-20,2034-08-29,Active
LOAN000821,CUST014109,Home Loan,4280842,12.24,60,95744.96,2017-06-24,2020-05-15,Defaulted
LOAN000822,CUST001298,Personal Loan,4942143,8.23,60,100753.73,2023-11-24,2042-04-05,Closed
LOAN000823,CUST010367,Car Loan,349391,10.22,36,11309.99,2024-08-17,2036-04-26,Defaulted
LOAN000824,CUST013249,Gold Loan,1745330,12.78,36,58622.29,2019-03-08,2031-08-29,Active
LOAN000825,CUST000201,Personal Loan,3049477,12.81,120,45190.86,2018-11-12,2018-12-03,Defaulted
LOAN000826,CUST001457,Gold Loan,2133733,14.28,12,191862.96,2023-07-28,2034-07-09,Defaulted
LOAN000827,CUST010560,Personal Loan,4314602,11.13,240,44917.17,2022-12-25,2032-11-26,Defaulted
LOAN000828,CUST009801,Car Loan,2170034,13.23,60,49630.82,2021-05-30,2028-08-07,Closed
LOAN000829,CUST008454,Personal Loan,3524548,9.76,60,74470.7,2022-11-29,2032-06-02,Closed
LOAN000830,CUST009652,Car Loan,2357447,8.94,24,107634.47,2024-10-18,2028-09-15,Closed
LOAN000831,CUST008893,Gold Loan,4820337,8.06,180,46232.77,2023-07-03,2039-03-30,Defaulted
LOAN000832,CUST018545,Home Loan,3768573,11.07,36,123503.21,2025-02-21,2033-05-16,Closed
LOAN000833,CUST010264,Home Loan,3093588,10.76,60,66892.42,2017-04-10,2017-07-01,Active
LOAN000834,CUST001203,Car Loan,1458859,12.28,24,68864.47,2018-09-14,2025-03-04,Closed
LOAN000835,CUST015968,Personal Loan,2119045,11.44,24,99197.54,2017-11-20,2018-10-10,Defaulted
LOAN000836,CUST003644,Gold Loan,186040,8.2,36,5847.0,2021-08-20,2030-09-02,Active
LOAN000837,CUST010991,Education Loan,1221452,13.3,60,27979.73,2021-05-18,2037-03-15,Closed
LOAN000838,CUST010724,Education Loan,2086886,12.82,12,186218.78,2016-09-06,2021-05-24,Closed
LOAN000839,CUST010357,Car Loan,718170,12.63,36,24070.2,2017-09-06,2034-11-11,Active
LOAN000840,CUST003129,Home Loan,4163430,11.4,84,72166.71,2022-09-04,2035-08-16,Closed
LOAN000841,CUST004352,Home Loan,4828036,9.21,84,78194.18,2019-04-19,2021-03-09,Defaulted
LOAN000842,CUST019403,Car Loan,706918,14.36,36,24284.57,2021-09-15,2046-04-08,Defaulted
LOAN000843,CUST015879,Personal Loan,210863,8.74,240,1862.07,2025-01-25,2045-01-13,Closed
LOAN000844,CUST003012,Personal Loan,3176342,9.22,84,51459.76,2018-09-07,2027-02-14,Defaulted
LOAN000845,CUST005091,Gold Loan,1094266,12.97,12,97721.46,2017-06-14,2041-01-17,Defaulted
LOAN000846,CUST017108,Education Loan,2472814,8.88,84,39634.87,2022-10-03,2029-12-28,Active
LOAN000847,CUST002622,Gold Loan,1880236,8.57,12,164054.73,2018-03-11,2021-03-28,Active
LOAN000848,CUST001535,Home Loan,2118870,8.61,240,18535.83,2021-11-25,2037-06-09,Closed
LOAN000849,CUST018179,Personal Loan,469196,11.76,120,6666.66,2017-05-07,2042-01-24,Closed
LOAN000850,CUST003837,Personal Loan,4701159,12.94,240,54876.81,2019-10-02,2025-07-25,Defaulted
LOAN000851,CUST017767,Gold Loan,2168523,13.18,240,25684.47,2024-11-21,2040-12-10,Active
LOAN000852,CUST011521,Personal Loan,4814045,11.35,120,67270.81,2022-06-05,2044-12-06,Closed
LOAN000853,CUST016081,Car Loan,1495518,12.95,60,33989.36,2021-08-15,2036-03-02,Active
LOAN000854,CUST015860,Education Loan,3767423,7.84,24,170115.55,2020-03-06,2032-11-23,Closed
LOAN000855,CUST008551,Home Loan,4531239,13.33,180,58318.55,2025-05-09,2040-03-31,Defaulted
LOAN000856,CUST015663,Car Loan,1718450,9.15,240,15627.51,2022-07-05,2030-10-08,Defaulted
LOAN000857,CUST005130,Car Loan,3589929,11.05,24,167402.18,2019-08-28,2021-06-24,Defaulted
LOAN000858,CUST014009,Gold Loan,3901393,8.01,12,339394.09,2022-06-30,2035-08-15,Defaulted
LOAN000859,CUST003353,Gold Loan,4208305,13.33,24,200723.41,2024-04-28,2045-06-09,Closed
LOAN000860,CUST013455,Car Loan,3037752,13.85,84,56676.09,2019-12-04,2037-04-07,Active
LOAN000861,CUST013759,Car Loan,3078296,7.9,60,62269.53,2018-11-14,2042-03-06,Defaulted
LOAN000862,CUST004904,Personal Loan,3185081,14.16,180,42759.98,2023-06-10,2032-06-29,Closed
LOAN000863,CUST002931,Education Loan,4212333,12.85,60,95520.38,2020-07-08,2031-09-23,Active
LOAN000864,CUST001088,Car Loan,1991803,12.35,120,28981.03,2021-04-10,2034-08-15,Defaulted
LOAN000865,CUST015245,Gold Loan,4023051,13.55,60,92673.45,2020-01-13,2020-02-23,Closed
LOAN000866,CUST012089,Education Loan,2844727,11.18,180,32655.34,2016-10-08,2046-07-20,Closed
LOAN000867,CUST004885,Home Loan,2735671,13.25,60,62595.59,2022-06-22,2041-05-31,Active
LOAN000868,CUST014634,Gold Loan,3065038,12.69,240,35234.51,2022-02-12,2036-03-26,Active
LOAN000869,CUST007948,Gold Loan,4741250,9.25,60,98996.82,2022-04-05,2038-04-02,Defaulted
LOAN000870,CUST016824,Car Loan,1095392,10.01,240,10578.03,2016-11-25,2021-09-12,Closed
LOAN000871,CUST015820,Personal Loan,1385606,7.61,120,16527.05,2022-03-03,2037-03-24,Closed
LOAN000872,CUST005392,Education Loan,408467,14.14,60,9533.99,2021-06-21,2040-11-22,Active
LOAN000873,CUST007246,Car Loan,3877656,12.8,180,48552.55,2022-06-01,2033-09-19,Defaulted
LOAN000874,CUST015683,Home Loan,3021043,14.2,36,103545.79,2017-10-23,2017-10-26,Active
LOAN000875,CUST006280,Gold Loan,278052,9.01,60,5773.25,2018-05-09,2024-06-07,Closed
LOAN000876,CUST005195,Personal Loan,1271703,12.22,180,15443.03,2017-06-07,2028-07-22,Closed
LOAN000877,CUST014223,Car Loan,872686,14.34,36,29970.65,2018-04-28,2020-07-14,Defaulted
LOAN000878,CUST017122,Personal Loan,3353363,12.88,12,299324.49,2019-03-19,2033-03-17,Active
LOAN000879,CUST019673,Home Loan,3515875,12.28,180,42831.82,2017-12-22,2043-07-30,Defaulted
LOAN000880,CUST017186,Home Loan,2017370,8.25,60,41146.79,2022-03-11,2032-02-20,Active
LOAN000881,CUST001730,Home Loan,4314574,13.06,60,98302.39,2024-01-11,2030-04-26,Active
LOAN000882,CUST019915,Home Loan,4215432,12.7,180,52506.02,2025-01-19,2027-09-26,Active
LOAN000883,CUST019842,Personal Loan,1158763,13.79,24,55520.66,2021-08-10,2033-07-04,Defaulted
LOAN000884,CUST013337,Home Loan,4031350,9.77,24,185598.69,2023-02-22,2044-06-15,Closed
LOAN000885,CUST003311,Home Loan,2660997,8.1,36,83508.79,2025-06-17,2034-03-20,Active
LOAN000886,CUST012572,Education Loan,855067,11.61,24,40095.42,2021-02-04,2024-05-21,Active
LOAN000887,CUST003416,Personal Loan,3743972,8.0,60,75914.25,2017-09-05,2026-04-02,Defaulted
LOAN000888,CUST005862,Gold Loan,1975341,8.81,60,40822.92,2020-08-02,2043-07-28,Closed
LOAN000889,CUST015238,Gold Loan,1110938,12.14,120,16028.77,2022-08-03,2038-06-11,Closed
LOAN000890,CUST006260,Personal Loan,2302159,10.12,24,106360.51,2021-03-02,2034-11-28,Closed
LOAN000891,CUST009620,Car Loan,386890,9.05,60,8040.59,2019-07-28,2041-03-06,Closed
LOAN000892,CUST005864,Car Loan,382107,8.55,120,4747.8,2024-12-25,2030-05-04,Closed
LOAN000893,CUST009807,Car Loan,3055244,12.38,12,271998.15,2021-04-09,2042-07-28,Active
LOAN000894,CUST005850,Education Loan,4095358,10.58,36,133263.68,2019-04-15,2030-11-30,Active
LOAN000895,CUST002755,Personal Loan,1710895,10.43,12,150757.23,2022-10-26,2030-01-06,Closed
LOAN000896,CUST013644,Car Loan,1210986,8.63,36,38300.83,2023-10-04,2031-09-28,Active
LOAN000897,CUST010193,Personal Loan,4784170,10.13,36,154663.87,2018-12-04,2036-01-03,Defaulted
LOAN000898,CUST008036,Car Loan,2634070,9.92,60,55862.57,2019-03-24,2044-10-19,Active
LOAN000899,CUST016837,Personal Loan,4084486,13.49,36,138588.45,2017-07-11,2037-07-28,Closed
LOAN000900,CUST015028,Personal Loan,4874782,11.46,24,228245.54,2020-09-13,2024-02-05,Defaulted
LOAN000901,CUST010762,Personal Loan,2757295,10.03,60,58625.08,2020-11-18,2021-03-07,Closed
LOAN000902,CUST007376,Personal Loan,2564285,12.44,60,57612.9,2022-09-21,2037-01-01,Closed
LOAN000903,CUST010710,Education Loan,4031258,12.31,84,71832.76,2016-08-21,2028-05-14,Active
LOAN000904,CUST005999,Home Loan,3250741,9.5,84,53130.05,2022-06-08,2045-09-16,Active
LOAN000905,CUST012265,Gold Loan,2336720,9.69,36,75059.75,2020-07-24,2031-11-12,Defaulted
LOAN000906,CUST019734,Education Loan,2405367,13.56,12,215473.31,2021-03-29,2033-08-19,Closed
LOAN000907,CUST019733,Home Loan,2738745,9.81,120,35905.18,2021-02-15,2024-01-21,Active
LOAN000908,CUST001283,Gold Loan,1418518,14.45,12,127665.18,2025-04-05,2026-10-10,Active
LOAN000909,CUST005291,Home Loan,625722,10.68,240,6322.92,2017-01-10,2039-12-31,Closed
LOAN000910,CUST010785,Education Loan,3912566,12.0,12,347626.75,2023-08-10,2030-06-26,Closed
LOAN000911,CUST011068,Gold Loan,1072646,7.63,84,16521.45,2018-11-03,2029-03-08,Defaulted
LOAN000912,CUST019689,Car Loan,512908,9.01,24,23434.42,2016-09-27,2029-11-15,Defaulted
LOAN000913,CUST004022,Education Loan,3456663,13.67,60,79840.35,2018-01-11,2036-11-07,Active
LOAN000914,CUST016142,Car Loan,2365272,11.18,12,209245.31,2021-05-19,2038-12-02,Active
LOAN000915,CUST006827,Car Loan,3036600,11.52,12,269116.84,2025-01-19,2041-04-13,Closed
LOAN000916,CUST018362,Education Loan,1224905,11.26,240,12860.78,2017-05-04,2024-07-07,Defaulted
LOAN000917,CUST012085,Gold Loan,213314,10.64,60,4599.76,2019-10-11,2030-08-31,Active
LOAN000918,CUST011052,Education Loan,3086423,10.0,24,142422.76,2023-09-19,2044-09-30,Active
LOAN000919,CUST008332,Personal Loan,1307027,9.7,60,27577.92,2022-05-12,2040-11-28,Closed
LOAN000920,CUST010079,Home Loan,268420,9.66,24,12344.14,2025-06-14,2029-09-19,Closed
LOAN000921,CUST008994,Home Loan,2700330,12.54,120,39589.5,2017-11-06,2035-10-22,Defaulted
LOAN000922,CUST009819,Personal Loan,3061218,8.63,240,26818.37,2020-09-19,2030-05-05,Closed
LOAN000923,CUST016875,Education Loan,3259001,11.95,180,39008.72,2022-03-08,2043-11-14,Active
LOAN000924,CUST010647,Education Loan,1174727,12.96,24,55826.59,2021-07-06,2042-07-12,Active
LOAN000925,CUST013994,Personal Loan,2724371,9.46,180,28382.83,2018-05-20,2025-10-28,Active
LOAN000926,CUST019990,Education Loan,4951066,13.33,24,236150.86,2024-01-23,2029-08-16,Active
LOAN000927,CUST009711,Home Loan,2968574,10.35,84,49820.35,2024-04-15,2032-10-29,Active
LOAN000928,CUST006897,Home Loan,334466,11.33,180,3871.12,2019-07-13,2020-05-05,Active
LOAN000929,CUST015371,Home Loan,2265453,7.91,120,27378.58,2022-10-24,2042-10-13,Defaulted
LOAN000930,CUST011680,Home Loan,2414563,7.68,180,22630.99,2019-09-24,2023-05-01,Closed
LOAN000931,CUST008963,Education Loan,4368293,14.27,180,58968.91,2018-04-28,2042-11-10,Active
LOAN000932,CUST005475,Education Loan,2309988,8.94,240,20694.51,2018-06-27,2038-05-31,Closed
LOAN000933,CUST006403,Home Loan,1311432,8.73,84,20920.48,2021-02-27,2022-02-24,Defaulted
LOAN000934,CUST003726,Education Loan,4849711,12.92,84,88014.97,2018-06-20,2044-05-18,Active
LOAN000935,CUST003740,Gold Loan,1709638,7.6,36,53258.93,2025-07-04,2032-02-01,Closed
LOAN000936,CUST010222,Home Loan,4831277,11.59,36,159523.1,2018-05-14,2021-05-04,Active
LOAN000937,CUST013085,Personal Loan,3776915,13.98,240,46911.87,2016-11-21,2037-05-02,Closed
LOAN000938,CUST008733,Car Loan,1432156,9.38,12,125496.67,2025-02-23,2030-01-10,Closed
LOAN000939,CUST012492,Home Loan,456960,8.52,24,20775.61,2016-08-15,2025-09-13,Defaulted
LOAN000940,CUST006776,Education Loan,2061115,11.69,12,182828.8,2020-07-28,2034-04-16,Active
LOAN000941,CUST019981,Gold Loan,2725180,13.61,60,62860.52,2021-03-19,2046-06-18,Closed
LOAN000942,CUST004292,Personal Loan,3887418,9.23,24,178006.2,2021-01-23,2043-08-09,Active
LOAN000943,CUST003580,Gold Loan,587326,8.13,36,18439.91,2017-01-14,2034-01-12,Closed
LOAN000944,CUST012569,Gold Loan,2063817,10.14,180,22354.98,2023-10-14,2033-04-03,Closed
LOAN000945,CUST000929,Car Loan,3017338,10.93,240,31001.0,2023-07-01,2036-02-07,Defaulted
LOAN000946,CUST006530,Education Loan,493173,11.78,36,16328.63,2019-03-19,2025-02-12,Closed
LOAN000947,CUST003845,Home Loan,1910262,8.94,84,30676.22,2017-08-14,2025-11-11,Defaulted
LOAN000948,CUST018144,Car Loan,172894,7.82,120,2081.27,2024-12-17,2039-04-28,Defaulted
LOAN000949,CUST010868,Home Loan,3859963,12.3,180,47073.64,2022-02-22,2032-05-28,Closed
LOAN000950,CUST017780,Education Loan,570473,7.51,36,17747.88,2018-07-20,2042-05-09,Defaulted
LOAN000951,CUST017401,Personal Loan,157222,12.22,120,2275.72,2022-02-04,2045-09-15,Closed
LOAN000952,CUST006149,Home Loan,1570489,10.89,36,51334.02,2018-10-08,2041-01-25,Active
LOAN000953,CUST008320,Education Loan,999743,9.08,60,20791.86,2021-08-13,2024-03-30,Active
LOAN000954,CUST001816,Gold Loan,362611,8.53,180,3577.15,2021-09-05,2035-07-16,Active
LOAN000955,CUST006073,Car Loan,3840900,13.52,120,58532.79,2022-05-05,2025-07-04,Closed
LOAN000956,CUST009301,Education Loan,860793,8.33,12,75010.44,2021-06-23,2026-03-05,Defaulted
LOAN000957,CUST011848,Personal Loan,1596838,7.72,84,24666.49,2025-01-20,2026-10-03,Defaulted
LOAN000958,CUST019588,Personal Loan,1145672,7.9,12,99607.24,2025-07-16,2029-12-08,Active
LOAN000959,CUST009458,Home Loan,790323,14.22,60,18479.7,2017-11-30,2025-03-13,Closed
LOAN000960,CUST005834,Car Loan,814701,9.71,240,7706.15,2017-12-29,2029-07-16,Active
LOAN000961,CUST019265,Education Loan,826023,11.68,36,27309.71,2017-10-10,2032-08-01,Active
LOAN000962,CUST015022,Education Loan,2358990,11.72,12,209284.53,2017-07-21,2030-08-25,Active
LOAN000963,CUST014378,Gold Loan,1372166,8.28,12,119540.28,2024-09-14,2041-03-16,Closed
LOAN000964,CUST008883,Gold Loan,2092500,14.49,180,28558.91,2021-07-07,2026-11-14,Active
LOAN000965,CUST014305,Gold Loan,403064,12.46,240,4568.01,2017-05-03,2019-09-10,Defaulted
LOAN000966,CUST010490,Car Loan,4489786,11.13,60,97910.16,2024-10-28,2027-05-28,Active
LOAN000967,CUST011886,Personal Loan,2574031,14.39,120,40571.85,2023-04-07,2043-10-30,Defaulted
LOAN000968,CUST014219,Car Loan,2862463,7.55,60,57425.92,2023-09-11,2035-06-04,Active
LOAN000969,CUST005904,Car Loan,2161918,13.89,36,73773.78,2021-08-22,2043-06-20,Defaulted
LOAN000970,CUST007665,Home Loan,1846232,9.38,60,38666.13,2019-06-28,2036-03-12,Active
LOAN000971,CUST014010,Car Loan,1809831,13.45,60,41597.33,2020-05-19,2043-03-17,Defaulted
LOAN000972,CUST002130,Personal Loan,4453170,8.69,36,140968.0,2019-10-03,2045-08-04,Active
LOAN000973,CUST019863,Education Loan,2640812,11.82,24,124090.32,2019-04-16,2035-04-21,Active
LOAN000974,CUST007780,Personal Loan,3406079,10.18,180,36977.88,2023-08-24,2038-11-03,Active
LOAN000975,CUST002741,Gold Loan,1839374,12.73,12,164054.96,2024-06-29,2024-09-12,Defaulted
LOAN000976,CUST017471,Education Loan,1882183,9.36,36,60168.77,2016-11-04,2042-09-06,Active
LOAN000977,CUST008814,Gold Loan,4972326,13.49,60,114386.84,2019-02-11,2030-04-15,Active
LOAN000978,CUST015173,Home Loan,4084003,10.8,84,69499.35,2016-10-03,2019-08-16,Active
LOAN000979,CUST010780,Car Loan,2581909,9.89,36,83177.66,2016-10-17,2019-08-02,Defaulted
LOAN000980,CUST001351,Car Loan,1449880,9.03,24,66257.35,2023-02-09,2027-03-21,Defaulted
LOAN000981,CUST009059,Education Loan,3324613,12.79,180,41606.06,2017-07-27,2020-01-20,Active
LOAN000982,CUST013496,Car Loan,443219,12.33,24,20932.23,2019-03-26,2036-08-09,Closed
LOAN000983,CUST009923,Education Loan,1753179,11.45,120,24598.77,2021-10-28,2038-07-14,Closed
LOAN000984,CUST001523,Gold Loan,1872679,9.12,24,85656.0,2020-06-01,2026-05-30,Defaulted
LOAN000985,CUST006761,Home Loan,2825404,8.95,84,45386.48,2022-09-12,2039-09-13,Closed
LOAN000986,CUST018863,Gold Loan,3940612,10.3,36,127708.22,2021-02-28,2021-07-04,Closed
LOAN000987,CUST002798,Education Loan,1504409,11.68,120,21306.52,2016-09-09,2046-03-13,Defaulted
LOAN000988,CUST007041,Home Loan,2622867,13.95,60,60961.56,2018-12-13,2026-01-25,Active
LOAN000989,CUST002993,Gold Loan,3841513,13.08,24,182776.91,2024-08-08,2035-02-17,Closed
LOAN000990,CUST013752,Car Loan,4959930,13.0,120,74057.08,2021-01-06,2036-05-18,Closed
LOAN000991,CUST015060,Home Loan,135372,10.9,12,11958.09,2023-02-23,2042-12-09,Active
LOAN000992,CUST015067,Home Loan,970028,9.29,180,10006.72,2022-12-10,2044-10-03,Defaulted
LOAN000993,CUST009756,Car Loan,350884,14.43,120,5539.13,2022-06-15,2024-05-01,Active
LOAN000994,CUST009153,Car Loan,2206825,10.31,36,71529.66,2019-07-01,2030-05-30,Active
LOAN000995,CUST007458,Personal Loan,3082989,9.19,180,31619.15,2016-10-26,2039-04-06,Defaulted
LOAN000996,CUST007684,Personal Loan,1922057,11.77,60,42532.04,2024-05-12,2024-05-16,Defaulted
LOAN000997,CUST017822,Gold Loan,2885102,10.16,36,93311.0,2023-04-23,2041-01-22,Closed
LOAN000998,CUST010262,Personal Loan,3387390,8.22,240,28799.03,2017-11-16,2035-03-20,Active
LOAN000999,CUST012965,Gold Loan,4769617,12.5,60,107306.55,2024-11-29,2033-03-11,Active
LOAN001000,CUST000089,Personal Loan,1326259,10.55,180,14701.59,2024-09-20,2042-12-07,Active
LOAN001001,CUST010400,Home Loan,2787401,12.01,24,131225.66,2016-10-23,2040-12-25,Active
LOAN001002,CUST008973,Education Loan,2865405,8.93,12,250490.89,2020-03-16,2027-03-15,Active
LOAN001003,CUST016703,Personal Loan,1398295,13.37,36,47363.67,2016-12-01,2043-01-26,Defaulted
LOAN001004,CUST013251,Home Loan,2397713,12.67,84,43190.09,2017-06-21,2020-03-24,Defaulted
LOAN001005,CUST011163,Education Loan,3465322,11.41,12,306934.03,2017-03-12,2024-01-11,Defaulted
LOAN001006,CUST018191,Education Loan,1839547,8.43,84,29067.25,2018-02-13,2046-01-26,Active
LOAN001007,CUST008514,Personal Loan,4476699,9.34,36,143067.28,2019-07-14,2033-07-14,Defaulted
LOAN001008,CUST001444,Gold Loan,179718,8.31,180,1749.8,2023-03-08,2025-06-22,Defaulted
LOAN001009,CUST009011,Home Loan,1617681,9.9,240,15503.94,2017-06-23,2028-06-18,Active
LOAN001010,CUST017558,Gold Loan,2682578,8.98,84,43132.98,2021-08-15,2038-07-28,Defaulted
LOAN001011,CUST013250,Personal Loan,4477667,14.08,240,55941.07,2021-09-03,2042-04-24,Defaulted
LOAN001012,CUST017832,Gold Loan,4361913,13.17,120,65566.15,2025-06-23,2036-02-21,Active
LOAN001013,CUST011082,Education Loan,2775823,10.43,84,46701.02,2017-02-22,2042-10-08,Closed
LOAN001014,CUST017949,Education Loan,4249525,14.03,180,56678.36,2022-11-03,2041-05-07,Closed
LOAN001015,CUST002302,Personal Loan,2674486,7.73,24,120630.68,2018-05-22,2025-06-08,Closed
LOAN001016,CUST016293,Car Loan,2616195,14.22,180,35228.5,2018-09-22,2042-01-12,Active
LOAN001017,CUST018255,Gold Loan,4192928,13.08,84,76460.07,2023-11-30,2042-10-05,Closed
LOAN001018,CUST002362,Education Loan,3895866,9.47,24,178822.93,2018-06-12,2021-08-15,Closed
LOAN001019,CUST005072,Gold Loan,3908976,8.36,12,340686.68,2017-09-04,2028-02-04,Active
LOAN001020,CUST019639,Gold Loan,117818,14.46,12,10604.06,2017-12-29,2035-08-07,Closed
LOAN001021,CUST012403,Car Loan,2788135,7.56,36,86805.19,2018-08-16,2030-02-07,Defaulted
LOAN001022,CUST013827,Personal Loan,4909092,8.57,60,100883.24,2025-02-17,2030-06-04,Closed
LOAN001023,CUST009265,Personal Loan,4877216,8.47,36,153893.91,2019-04-19,2038-06-09,Defaulted
LOAN001024,CUST010676,Education Loan,1607821,11.26,84,27750.1,2019-10-25,2026-05-13,Active
LOAN001025,CUST009060,Personal Loan,3684937,13.97,180,48999.58,2021-01-20,2035-01-11,Closed
LOAN001026,CUST015528,Home Loan,3977379,14.02,84,74580.08,2019-11-19,2022-09-24,Active
LOAN001027,CUST014252,Education Loan,1003537,10.65,84,16998.88,2025-04-07,2035-05-27,Closed
LOAN001028,CUST015832,Education Loan,3296100,13.73,240,40342.94,2025-06-14,2044-09-01,Defaulted
LOAN001029,CUST019558,Personal Loan,4160031,12.53,12,370645.94,2018-11-28,2033-08-26,Defaulted
LOAN001030,CUST012843,Home Loan,4917412,9.38,36,157243.52,2022-10-14,2027-07-19,Defaulted
LOAN001031,CUST008021,Education Loan,3776855,10.6,36,122935.18,2018-07-03,2041-10-31,Defaulted
LOAN001032,CUST008304,Car Loan,2448939,12.32,12,217952.04,2021-12-14,2045-05-10,Active
LOAN001033,CUST006187,Home Loan,1007802,8.84,60,20842.14,2025-08-01,2025-11-21,Closed
LOAN001034,CUST019337,Personal Loan,1128972,11.65,84,19718.75,2024-12-25,2029-06-12,Defaulted
LOAN001035,CUST015410,Home Loan,1221753,14.14,240,15317.14,2025-03-18,2030-06-03,Active
LOAN001036,CUST005024,Car Loan,1800993,8.45,240,15572.49,2020-10-22,2027-09-07,Active
LOAN001037,CUST009791,Car Loan,4921938,7.96,180,46923.02,2021-03-21,2045-01-25,Defaulted
LOAN001038,CUST007840,Gold Loan,1816634,9.2,84,29412.69,2019-01-20,2040-11-21,Defaulted
LOAN001039,CUST004392,Car Loan,1014921,7.69,24,45758.77,2021-07-05,2029-08-07,Closed
LOAN001040,CUST011234,Home Loan,1165134,14.3,24,56106.71,2020-06-20,2045-07-11,Closed
LOAN001041,CUST014540,Gold Loan,2897158,14.38,60,67983.92,2016-08-12,2040-04-19,Active
LOAN001042,CUST004640,Education Loan,3763877,8.05,36,118033.06,2021-05-11,2028-10-09,Closed
LOAN001043,CUST011483,Personal Loan,3215002,9.17,240,29278.64,2025-04-22,2036-02-04,Defaulted
LOAN001044,CUST012954,Education Loan,1566217,12.27,36,52223.02,2022-04-19,2027-07-01,Active
LOAN001045,CUST019975,Gold Loan,4481348,8.13,120,54679.44,2019-11-09,2038-10-12,Defaulted
LOAN001046,CUST003275,Car Loan,2961933,8.14,24,134149.41,2018-05-22,2022-06-08,Defaulted
LOAN001047,CUST014735,Home Loan,802812,9.28,180,8276.92,2021-06-10,2027-06-02,Defaulted
LOAN001048,CUST009993,Personal Loan,1369328,13.36,84,25179.55,2022-03-20,2036-01-04,Active
LOAN001049,CUST006741,Personal Loan,3933365,10.28,36,127436.33,2019-02-21,2021-12-11,Closed
LOAN001050,CUST000258,Personal Loan,682844,13.48,36,23165.9,2020-04-04,2021-08-02,Active
LOAN001051,CUST012975,Car Loan,936311,14.44,60,22000.49,2021-06-07,2033-09-28,Defaulted
LOAN001052,CUST014688,Education Loan,1816488,14.46,12,163490.64,2025-02-09,2045-05-09,Defaulted
LOAN001053,CUST018644,Personal Loan,4904226,11.47,120,68867.04,2019-05-13,2032-03-06,Closed
LOAN001054,CUST019552,Personal Loan,3982971,9.44,12,349129.91,2019-10-07,2035-11-27,Defaulted
LOAN001055,CUST008067,Car Loan,2152602,11.72,180,25448.35,2024-05-20,2033-12-29,Active
LOAN001056,CUST013104,Personal Loan,718026,7.73,12,62370.35,2020-09-04,2023-11-08,Defaulted
LOAN001057,CUST001769,Personal Loan,229566,11.79,12,20374.12,2019-01-03,2035-09-27,Defaulted
LOAN001058,CUST017090,Car Loan,3600345,8.19,36,113137.57,2020-03-23,2042-03-30,Active
LOAN001059,CUST005060,Home Loan,4888792,12.44,240,55336.9,2016-09-07,2031-06-10,Closed
LOAN001060,CUST007093,Home Loan,4101129,12.52,12,365378.74,2017-09-14,2029-08-28,Active
LOAN001061,CUST014603,Personal Loan,3129292,8.75,24,142602.22,2024-07-01,2044-08-18,Defaulted
LOAN001062,CUST010312,Gold Loan,1389398,10.04,12,122176.01,2024-09-11,2029-03-04,Closed
LOAN001063,CUST008802,Gold Loan,2637176,12.23,60,58969.49,2022-01-16,2038-03-25,Defaulted
LOAN001064,CUST010578,Gold Loan,1999152,8.94,60,41440.92,2022-08-09,2023-12-19,Closed
LOAN001065,CUST019483,Car Loan,1052863,11.14,84,18105.18,2016-11-18,2042-06-01,Closed
LOAN001066,CUST000347,Gold Loan,2034562,8.4,60,41644.17,2020-08-13,2031-09-25,Defaulted
LOAN001067,CUST005149,Home Loan,4269589,13.38,180,55092.57,2017-06-03,2029-03-08,Active
LOAN001068,CUST018009,Home Loan,252623,14.11,180,3382.98,2023-04-17,2039-03-20,Active
LOAN001069,CUST005021,Personal Loan,3421798,11.15,12,302663.65,2019-10-27,2036-06-03,Defaulted
LOAN001070,CUST004345,Home Loan,1732380,13.07,84,31581.36,2024-01-25,2042-11-28,Defaulted
LOAN001071,CUST012865,Education Loan,3909867,12.38,240,44091.26,2022-06-05,2027-06-17,Active
LOAN001072,CUST006302,Personal Loan,2912489,13.02,60,66297.9,2022-10-30,2029-03-27,Active
LOAN001073,CUST002982,Home Loan,4891768,11.25,180,56370.02,2021-07-22,2039-07-12,Active
LOAN001074,CUST002415,Car Loan,2521115,11.4,36,83016.45,2017-06-15,2022-06-07,Closed
LOAN001075,CUST015598,Education Loan,4615549,12.12,60,102950.44,2017-01-21,2036-09-15,Defaulted
LOAN001076,CUST008798,Car Loan,3133847,7.87,120,37807.28,2019-06-12,2039-11-11,Closed
LOAN001077,CUST017551,Car Loan,1018599,9.09,120,12952.85,2017-10-25,2043-08-23,Closed
LOAN001078,CUST009412,Home Loan,1586868,10.68,180,17718.72,2016-10-24,2040-01-16,Closed
LOAN001079,CUST006076,Gold Loan,1599204,13.96,120,24791.82,2018-12-15,2041-03-29,Active
LOAN001080,CUST003530,Home Loan,4975636,9.16,180,50940.89,2018-01-08,2046-04-22,Closed
LOAN001081,CUST016523,Gold Loan,2274300,12.75,180,28402.3,2023-04-24,2030-07-29,Active
LOAN001082,CUST018440,Education Loan,100007,11.61,24,4689.48,2021-06-09,2032-09-13,Active
LOAN001083,CUST012580,Personal Loan,691517,9.22,12,60544.75,2022-01-23,2044-07-01,Defaulted
LOAN001084,CUST010291,Home Loan,555620,8.33,240,4762.18,2019-09-02,2025-04-11,Active
LOAN001085,CUST016752,Personal Loan,908146,14.05,180,12124.68,2017-10-31,2040-09-12,Closed
LOAN001086,CUST002066,Gold Loan,3944079,7.79,120,47416.03,2023-03-31,2028-01-06,Closed
LOAN001087,CUST001705,Education Loan,1449484,9.69,240,13691.44,2020-04-28,2034-12-03,Active
LOAN001088,CUST008142,Home Loan,4002666,8.02,24,181066.25,2018-01-22,2024-06-05,Active
LOAN001089,CUST002085,Gold Loan,4258000,9.93,36,137253.79,2017-06-13,2032-08-25,Active
LOAN001090,CUST018812,Home Loan,676515,8.91,24,30878.49,2024-11-04,2037-10-05,Active
LOAN001091,CUST000104,Gold Loan,2201473,11.37,180,25535.73,2024-02-23,2040-11-16,Defaulted
LOAN001092,CUST017530,Gold Loan,4151204,9.77,84,68422.58,2025-07-26,2044-11-08,Active
LOAN001093,CUST005381,Personal Loan,2951530,9.01,60,61283.23,2019-01-05,2034-03-25,Active
LOAN001094,CUST014207,Home Loan,4135703,8.44,36,130439.01,2023-12-08,2029-10-18,Closed
LOAN001095,CUST001789,Gold Loan,4058900,12.65,84,73069.23,2023-07-18,2030-02-17,Active
LOAN001096,CUST018170,Car Loan,2475902,9.88,84,40949.55,2020-09-15,2021-11-30,Closed
LOAN001097,CUST015402,Home Loan,3361224,13.71,240,41091.46,2021-02-28,2044-07-25,Closed
LOAN001098,CUST004619,Car Loan,4935042,9.77,36,158707.55,2019-07-16,2043-07-26,Defaulted
LOAN001099,CUST012585,Personal Loan,3052568,9.65,12,267872.58,2023-05-22,2024-07-10,Defaulted
LOAN001100,CUST017497,Gold Loan,406078,8.24,24,18410.29,2018-05-16,2021-01-06,Active
LOAN001101,CUST004190,Home Loan,420241,11.89,84,7393.7,2018-02-02,2046-04-19,Defaulted
LOAN001102,CUST004000,Education Loan,2388467,11.0,12,211096.67,2021-09-11,2037-04-06,Closed
LOAN001103,CUST012365,Education Loan,2541274,13.94,36,86780.68,2018-02-09,2022-08-24,Defaulted
LOAN001104,CUST016095,Personal Loan,856880,14.01,84,16062.68,2017-05-11,2035-01-04,Active
LOAN001105,CUST008324,Gold Loan,2033368,9.72,60,42923.45,2019-12-07,2037-11-06,Closed
LOAN001106,CUST011733,Gold Loan,429225,12.35,240,4831.29,2020-04-24,2038-10-21,Closed
LOAN001107,CUST003923,Gold Loan,1849328,9.17,84,29913.78,2022-08-09,2024-07-29,Active
LOAN001108,CUST011228,Car Loan,2627297,8.64,36,83107.84,2020-08-29,2038-04-04,Defaulted
LOAN001109,CUST012533,Education Loan,3226911,7.63,240,26252.89,2024-05-25,2041-01-19,Defaulted
LOAN001110,CUST012087,Home Loan,4896815,8.34,24,222229.79,2017-06-30,2018-07-06,Active
LOAN001111,CUST003699,Gold Loan,3137131,10.71,120,42700.61,2022-10-10,2034-09-02,Defaulted
LOAN001112,CUST005278,Gold Loan,2705111,12.73,24,128263.11,2017-06-29,2045-09-21,Active
LOAN001113,CUST011799,Home Loan,2040428,13.49,240,24620.93,2021-05-12,2027-10-09,Defaulted
LOAN001114,CUST000058,Personal Loan,2706570,11.2,120,37590.08,2019-02-17,2042-02-10,Closed
LOAN001115,CUST017725,Car Loan,730916,14.02,36,24988.08,2018-05-04,2032-10-12,Active
LOAN001116,CUST019122,Home Loan,3345413,8.73,36,105963.35,2020-01-18,2039-01-05,Active
LOAN001117,CUST005514,Personal Loan,4672626,7.76,180,44009.06,2021-11-10,2023-08-08,Closed
LOAN001118,CUST001490,Home Loan,721527,8.93,120,9112.69,2021-06-13,2029-05-15,Active
LOAN001119,CUST011626,Car Loan,4673169,13.09,180,59403.92,2022-08-06,2034-08-12,Closed
LOAN001120,CUST009438,Education Loan,3797086,13.54,12,340108.11,2017-10-26,2021-06-23,Closed
LOAN001121,CUST019884,Car Loan,3316511,11.41,12,293753.39,2023-08-25,2042-08-14,Active
LOAN001122,CUST002468,Gold Loan,3220114,13.45,24,153771.6,2018-08-17,2038-06-04,Active
LOAN001123,CUST009743,Home Loan,303404,13.71,120,4658.09,2017-12-17,2046-01-29,Active
LOAN001124,CUST007054,Education Loan,2337861,9.06,240,21124.64,2016-08-16,2018-10-03,Defaulted
LOAN001125,CUST002027,Personal Loan,1748781,12.97,12,156171.74,2019-09-09,2033-05-14,Defaulted
LOAN001126,CUST002813,Personal Loan,431321,14.43,60,10132.5,2018-08-02,2038-07-27,Defaulted
LOAN001127,CUST010250,Education Loan,3749111,13.1,12,335036.3,2020-02-07,2040-12-17,Closed
LOAN001128,CUST014993,Personal Loan,2761356,9.03,12,241523.08,2017-03-16,2042-03-29,Active
LOAN001129,CUST009017,Personal Loan,214008,12.59,24,10133.17,2023-06-09,2040-12-27,Defaulted
LOAN001130,CUST012385,Home Loan,1184747,8.88,120,14931.04,2019-01-14,2041-10-03,Active
LOAN001131,CUST008855,Education Loan,4983510,10.43,60,106942.34,2019-01-15,2036-06-07,Active
LOAN001132,CUST014649,Gold Loan,4465121,11.89,240,48822.84,2018-06-16,2025-05-24,Closed
LOAN001133,CUST016527,Personal Loan,4939426,9.07,84,79646.4,2019-12-29,2038-02-01,Active
LOAN001134,CUST011567,Personal Loan,2295457,10.93,180,25989.28,2024-07-02,2041-07-10,Active
LOAN001135,CUST016207,Education Loan,4925305,12.24,12,438160.56,2020-12-10,2024-04-19,Active
LOAN001136,CUST017834,Car Loan,4362536,10.23,36,141238.32,2020-10-23,2030-09-23,Defaulted
LOAN001137,CUST000380,Gold Loan,1269759,9.74,24,58440.68,2017-08-12,2025-09-18,Active
LOAN001138,CUST016773,Home Loan,1423096,12.11,180,17180.38,2016-12-31,2039-06-22,Active
LOAN001139,CUST001528,Home Loan,2695627,13.6,240,32740.46,2019-12-18,2046-06-25,Closed
LOAN001140,CUST007899,Car Loan,1387565,14.47,36,47741.04,2019-10-15,2029-11-11,Defaulted
LOAN001141,CUST006562,Education Loan,1361816,9.7,24,62652.5,2019-08-30,2035-12-28,Closed
LOAN001142,CUST002389,Personal Loan,2168450,8.64,24,98707.29,2024-08-12,2040-01-08,Defaulted
LOAN001143,CUST009882,Car Loan,2203022,7.81,24,99445.92,2020-06-20,2043-05-12,Closed
LOAN001144,CUST006691,Home Loan,505973,10.09,84,8423.3,2020-09-26,2039-01-09,Active
LOAN001145,CUST006921,Car Loan,3858573,13.3,240,46033.26,2025-06-19,2026-12-04,Closed
LOAN001146,CUST019087,Gold Loan,2792341,8.98,36,88769.71,2020-03-10,2033-03-08,Defaulted
LOAN001147,CUST015577,Personal Loan,1195889,12.84,120,17743.23,2022-06-16,2036-12-13,Active
LOAN001148,CUST015468,Gold Loan,2565527,14.47,24,123748.75,2020-10-30,2030-06-14,Active
LOAN001149,CUST010885,Personal Loan,3364995,9.27,180,34672.6,2023-02-27,2023-08-19,Closed
LOAN001150,CUST017810,Gold Loan,4485995,7.7,84,69251.07,2024-07-08,2038-04-17,Active
LOAN001151,CUST008057,Personal Loan,4958195,8.61,120,61766.6,2025-05-17,2036-01-14,Closed
LOAN001152,CUST015685,Gold Loan,2073387,14.28,60,48545.59,2023-04-16,2041-07-11,Closed
LOAN001153,CUST012793,Education Loan,2005512,14.47,36,69002.34,2018-08-27,2023-05-02,Closed
LOAN001154,CUST009290,Home Loan,3042691,11.32,24,142265.72,2022-03-05,2027-04-25,Active
LOAN001155,CUST006594,Home Loan,4427664,13.7,12,396922.47,2020-02-16,2044-12-08,Defaulted
LOAN001156,CUST004784,Car Loan,523879,14.03,24,25160.37,2024-02-04,2033-06-17,Closed
LOAN001157,CUST003426,Education Loan,372318,7.99,120,4515.28,2020-01-16,2041-04-27,Closed
LOAN001158,CUST000912,Car Loan,2002074,10.0,84,33236.8,2021-04-15,2044-05-24,Active
LOAN001159,CUST019507,Education Loan,2251683,14.41,180,30609.37,2017-05-11,2028-11-22,Active
LOAN001160,CUST016325,Car Loan,3256647,10.34,120,43652.32,2022-04-15,2025-01-10,Active
LOAN001161,CUST014845,Gold Loan,3210028,13.67,60,74143.69,2017-12-25,2018-10-13,Defaulted
LOAN001162,CUST011659,Gold Loan,3219507,10.85,120,44075.79,2018-09-15,2024-07-26,Closed
LOAN001163,CUST015656,Car Loan,3068439,10.71,60,66272.38,2023-02-14,2046-07-08,Closed
LOAN001164,CUST004985,Home Loan,184456,8.14,180,1777.7,2024-10-17,2037-08-28,Closed
LOAN001165,CUST003770,Car Loan,2244569,9.75,36,72162.76,2023-10-07,2029-09-05,Active
LOAN001166,CUST006089,Personal Loan,4931054,8.81,24,224844.31,2016-08-25,2022-02-22,Closed
LOAN001167,CUST001982,Car Loan,3892282,11.55,180,45593.04,2020-08-19,2022-06-30,Closed
LOAN001168,CUST006558,Car Loan,1563966,10.78,84,26598.34,2020-06-11,2027-03-27,Active
LOAN001169,CUST016405,Car Loan,2467271,13.52,84,45584.94,2020-11-04,2021-03-31,Closed
LOAN001170,CUST005762,Car Loan,1884235,10.04,240,18233.24,2017-03-02,2024-08-25,Active
LOAN001171,CUST014723,Car Loan,2007965,8.06,36,62977.92,2025-06-04,2037-10-14,Closed
LOAN001172,CUST005835,Home Loan,1248006,8.88,60,25833.93,2021-10-24,2038-12-14,Defaulted
LOAN001173,CUST007354,Home Loan,2700975,11.55,24,126577.41,2024-01-27,2025-12-31,Closed
LOAN001174,CUST007783,Home Loan,3958593,7.86,240,32767.18,2019-01-13,2045-01-19,Active
LOAN001175,CUST003785,Home Loan,2450197,7.57,240,19843.63,2022-06-07,2025-05-08,Closed
LOAN001176,CUST018627,Car Loan,2782787,13.35,180,35852.28,2017-09-20,2042-06-18,Closed
LOAN001177,CUST014327,Personal Loan,4860278,12.48,24,229881.15,2016-11-13,2037-11-01,Defaulted
LOAN001178,CUST001536,Home Loan,3307023,12.24,120,47906.12,2023-04-01,2029-11-07,Closed
LOAN001179,CUST013982,Personal Loan,2278936,12.76,120,33705.12,2019-11-19,2042-08-07,Defaulted
LOAN001180,CUST013594,Gold Loan,2809029,9.0,240,25273.56,2024-06-10,2042-07-04,Active
LOAN001181,CUST005422,Gold Loan,3605869,12.35,12,320967.79,2021-05-20,2028-11-24,Closed
LOAN001182,CUST010993,Education Loan,4300609,12.62,84,77350.8,2024-02-10,2030-04-16,Defaulted
LOAN001183,CUST005528,Education Loan,4236535,13.2,24,201810.81,2020-06-16,2024-09-10,Defaulted
LOAN001184,CUST005184,Gold Loan,253316,7.53,84,3889.18,2024-04-07,2045-04-26,Defaulted
LOAN001185,CUST002606,Car Loan,2543141,12.75,120,37597.75,2019-06-25,2026-10-10,Defaulted
LOAN001186,CUST008084,Personal Loan,2508355,13.99,24,120421.51,2017-01-06,2027-11-07,Active
LOAN001187,CUST016410,Car Loan,3842793,14.17,240,48261.12,2022-12-16,2030-06-26,Active
LOAN001188,CUST007192,Gold Loan,4333108,9.44,180,45090.64,2019-01-31,2028-08-14,Defaulted
LOAN001189,CUST007538,Education Loan,1981148,9.77,120,25929.34,2023-11-18,2031-08-05,Closed
LOAN001190,CUST004521,Personal Loan,787535,13.39,12,70484.66,2018-04-10,2038-09-19,Closed
LOAN001191,CUST007900,Gold Loan,3925521,9.91,60,83231.99,2020-11-03,2033-02-26,Active
LOAN001192,CUST009967,Personal Loan,1820897,12.3,84,32436.67,2021-12-05,2023-05-23,Closed
LOAN001193,CUST008138,Education Loan,3004151,9.96,240,28911.14,2023-04-30,2038-01-16,Defaulted
LOAN001194,CUST019923,Car Loan,4511787,9.48,84,73694.36,2018-09-10,2023-01-29,Defaulted
LOAN001195,CUST017057,Education Loan,3604886,13.01,24,171399.78,2018-03-17,2019-06-23,Defaulted
LOAN001196,CUST012241,Car Loan,1462092,10.3,180,15981.14,2019-01-11,2026-12-05,Active
LOAN001197,CUST004817,Personal Loan,4712255,14.13,36,161351.4,2021-07-15,2042-10-15,Active
LOAN001198,CUST008482,Education Loan,2831233,13.15,180,36101.85,2018-06-20,2025-06-10,Active
LOAN001199,CUST015381,Home Loan,423881,13.03,12,37865.86,2020-10-11,2030-06-26,Active
LOAN001200,CUST003060,Gold Loan,2950685,9.04,24,134855.44,2023-11-28,2031-09-08,Active
LOAN001201,CUST014960,Gold Loan,4314391,12.36,12,384055.39,2020-10-06,2032-06-28,Closed
LOAN001202,CUST002449,Education Loan,1941640,13.78,180,25571.27,2019-07-27,2023-01-15,Active
LOAN001203,CUST015923,Car Loan,675420,10.19,84,11279.19,2024-07-18,2041-10-15,Defaulted
LOAN001204,CUST015265,Gold Loan,633846,11.78,12,56251.24,2025-01-16,2028-11-03,Active
LOAN001205,CUST000004,Education Loan,3066189,12.47,84,54900.31,2019-09-26,2023-12-22,Active
LOAN001206,CUST016276,Education Loan,293422,11.76,36,9712.21,2019-03-27,2034-05-09,Closed
LOAN001207,CUST012349,Gold Loan,1062520,12.54,24,50284.87,2025-04-23,2025-11-29,Defaulted
LOAN001208,CUST011067,Gold Loan,1538531,13.96,24,73840.24,2022-01-31,2027-11-09,Active
LOAN001209,CUST013906,Education Loan,1465570,12.54,60,33002.13,2021-07-10,2035-09-22,Closed
LOAN001210,CUST015307,Personal Loan,4297012,13.52,120,65483.64,2017-01-18,2018-12-10,Closed
LOAN001211,CUST008643,Home Loan,392969,13.76,180,5170.12,2022-11-30,2034-08-09,Closed
LOAN001212,CUST008724,Education Loan,2776007,10.72,36,90515.26,2023-06-04,2031-07-12,Closed
LOAN001213,CUST000345,Car Loan,3940369,12.03,120,56601.2,2023-05-07,2036-10-06,Closed
LOAN001214,CUST006189,Personal Loan,317352,12.21,84,5637.83,2017-11-29,2044-04-16,Defaulted
LOAN001215,CUST017242,Personal Loan,3899880,12.03,240,43022.63,2021-02-17,2030-12-27,Defaulted
LOAN001216,CUST011883,Home Loan,464098,8.48,180,4564.72,2017-10-16,2035-09-16,Closed
LOAN001217,CUST018278,Education Loan,1438437,10.33,180,15749.21,2018-08-25,2026-10-18,Active
LOAN001218,CUST012934,Home Loan,452078,8.09,36,14185.26,2018-12-05,2022-03-28,Active
LOAN001219,CUST003316,Gold Loan,3319327,14.05,12,298110.9,2017-07-28,2036-05-10,Defaulted
LOAN001220,CUST019388,Car Loan,1626608,14.33,120,25579.51,2024-11-14,2026-09-05,Closed
LOAN001221,CUST005249,Home Loan,565608,13.29,240,6743.72,2023-07-26,2041-08-21,Closed
LOAN001222,CUST005382,Education Loan,3157256,12.38,36,105440.03,2020-03-01,2020-07-05,Active
LOAN001223,CUST013709,Education Loan,773408,9.41,240,7163.78,2023-05-18,2046-01-27,Active
LOAN001224,CUST000043,Education Loan,822797,8.25,120,10091.82,2018-07-11,2031-06-06,Defaulted
LOAN001225,CUST013304,Car Loan,3145971,11.38,180,36511.26,2022-01-20,2040-09-20,Active
LOAN001226,CUST010260,Personal Loan,1786819,7.59,180,16655.55,2019-05-06,2045-06-03,Active
LOAN001227,CUST000796,Gold Loan,976571,14.14,84,18376.56,2021-09-28,2035-10-15,Closed
LOAN001228,CUST010027,Car Loan,2935596,13.46,84,54141.13,2020-01-19,2022-11-25,Defaulted
LOAN001229,CUST014308,Gold Loan,1036552,8.13,36,32543.97,2018-09-02,2043-05-27,Defaulted
LOAN001230,CUST002550,Home Loan,1446096,9.14,84,23369.23,2024-05-21,2033-03-14,Closed
LOAN001231,CUST014625,Gold Loan,1606365,13.6,84,29749.47,2022-09-07,2043-12-27,Defaulted
LOAN001232,CUST013611,Car Loan,4841297,9.05,12,423490.83,2021-11-08,2033-09-09,Defaulted
LOAN001233,CUST007531,Personal Loan,1395946,12.91,180,17579.51,2021-11-19,2023-01-23,Defaulted
LOAN001234,CUST017461,Education Loan,2199656,12.7,120,32455.15,2023-01-28,2027-08-27,Defaulted
LOAN001235,CUST003101,Gold Loan,1710468,14.28,24,82350.94,2022-10-10,2022-10-24,Closed
LOAN001236,CUST016817,Car Loan,2388622,8.59,240,20865.28,2016-09-27,2019-06-15,Closed
LOAN001237,CUST011249,Car Loan,3024099,13.32,60,69303.94,2020-02-14,2023-03-18,Defaulted
LOAN001238,CUST013824,Car Loan,2073664,13.83,240,25530.81,2021-05-22,2041-11-22,Active
LOAN001239,CUST000047,Education Loan,3874262,9.64,84,63598.98,2020-12-04,2034-06-06,Defaulted
LOAN001240,CUST019829,Car Loan,2412939,10.43,240,23976.95,2023-06-18,2026-04-06,Closed
LOAN001241,CUST019382,Gold Loan,2404793,10.6,24,111636.13,2017-01-03,2039-04-28,Active
LOAN001242,CUST004308,Personal Loan,3575611,10.81,36,116739.46,2022-02-05,2044-11-24,Active
LOAN001243,CUST016169,Home Loan,1400197,10.08,24,64663.7,2022-05-13,2045-01-03,Active
LOAN001244,CUST004230,Education Loan,4360017,12.9,60,98980.73,2021-11-17,2024-04-06,Active
LOAN001245,CUST004915,Gold Loan,1406741,7.66,240,11470.63,2020-12-26,2043-09-02,Closed
LOAN001246,CUST017628,Home Loan,3341016,10.63,36,108796.1,2019-08-22,2023-08-15,Defaulted
LOAN001247,CUST015911,Personal Loan,4746628,8.45,240,41042.25,2024-10-02,2043-04-03,Active
LOAN001248,CUST009890,Car Loan,2537584,8.14,120,30975.94,2023-08-11,2026-01-11,Active
LOAN001249,CUST015133,Home Loan,2142419,12.42,12,190772.53,2022-08-25,2034-04-25,Closed
LOAN001250,CUST017813,Gold Loan,4337809,10.73,36,141460.3,2024-07-02,2026-10-12,Closed
LOAN001251,CUST008970,Home Loan,1891023,8.98,120,23934.22,2017-10-26,2044-11-26,Closed
LOAN001252,CUST010463,Personal Loan,2372803,10.24,240,23276.64,2021-12-21,2023-10-10,Defaulted
LOAN001253,CUST016786,Personal Loan,4447753,13.28,120,67146.3,2025-07-14,2031-10-29,Defaulted
LOAN001254,CUST005894,Car Loan,4876959,11.18,180,55983.85,2017-05-01,2035-07-06,Defaulted
LOAN001255,CUST005457,Home Loan,1723672,10.93,180,19515.5,2024-02-24,2041-09-07,Active
LOAN001256,CUST008301,Gold Loan,1374105,9.36,60,28764.84,2023-10-30,2046-06-25,Active
LOAN001257,CUST012398,Personal Loan,1330894,13.79,60,30822.87,2018-02-20,2024-01-16,Active
LOAN001258,CUST002190,Gold Loan,2990850,12.58,12,266545.59,2022-07-17,2031-02-14,Defaulted
LOAN001259,CUST007918,Car Loan,1049837,8.61,60,21594.71,2021-03-14,2029-06-08,Defaulted
LOAN001260,CUST014144,Gold Loan,1188024,13.89,36,40540.4,2018-01-05,2034-06-22,Closed
LOAN001261,CUST002603,Personal Loan,2221651,8.86,84,35586.67,2019-06-21,2025-10-15,Defaulted
LOAN001262,CUST016671,Education Loan,1699028,12.54,180,20985.14,2017-01-04,2036-08-01,Closed
LOAN001263,CUST009949,Car Loan,788648,11.42,120,11051.97,2025-06-26,2044-04-24,Defaulted
LOAN001264,CUST010276,Home Loan,1803297,8.6,240,15763.75,2020-05-04,2037-02-11,Defaulted
LOAN001265,CUST013771,Gold Loan,2162168,11.34,60,47378.22,2024-09-20,2043-11-17,Active
LOAN001266,CUST014893,Gold Loan,739110,11.64,24,34668.35,2024-07-16,2030-08-20,Active
LOAN001267,CUST011694,Home Loan,4010302,13.87,36,136809.54,2018-01-12,2038-08-09,Active
LOAN001268,CUST009124,Car Loan,3378372,9.41,12,296086.33,2019-03-25,2038-05-22,Closed
LOAN001269,CUST004984,Education Loan,3142409,10.31,240,30973.15,2021-04-30,2029-12-30,Defaulted
LOAN001270,CUST010181,Car Loan,3147707,7.62,36,98086.83,2017-03-18,2034-10-09,Defaulted
LOAN001271,CUST015364,Personal Loan,4479340,13.73,12,401618.19,2020-06-05,2045-05-05,Active
LOAN001272,CUST012615,Car Loan,2877261,10.01,12,252970.34,2019-08-11,2021-03-24,Closed
LOAN001273,CUST007229,Car Loan,4502236,12.45,12,400966.62,2018-09-03,2033-04-21,Closed
LOAN001274,CUST007884,Car Loan,3671612,11.85,36,121687.18,2018-08-27,2035-12-05,Closed
LOAN001275,CUST013485,Gold Loan,2901928,10.75,240,29461.21,2018-08-19,2026-04-15,Defaulted
LOAN001276,CUST019051,Home Loan,3693946,13.23,120,55656.83,2024-01-26,2035-04-01,Closed
LOAN001277,CUST019035,Gold Loan,1118889,10.9,60,24271.6,2019-06-12,2035-02-20,Closed
LOAN001278,CUST017914,Education Loan,1651618,8.76,12,144252.68,2019-12-07,2037-08-10,Active
LOAN001279,CUST002504,Personal Loan,4320424,9.85,60,91477.69,2020-08-19,2039-08-14,Closed
LOAN001280,CUST019392,Home Loan,2483222,9.79,120,32527.87,2021-03-15,2024-07-13,Defaulted
LOAN001281,CUST004631,Car Loan,3552330,11.73,84,62196.57,2018-10-13,2032-09-08,Defaulted
LOAN001282,CUST001511,Personal Loan,183398,12.99,180,2319.22,2017-06-03,2035-07-25,Active
LOAN001283,CUST006286,Personal Loan,4099617,13.75,36,139617.92,2023-07-10,2032-08-09,Defaulted
LOAN001284,CUST015443,Personal Loan,3867787,10.89,84,66002.45,2018-05-08,2023-12-22,Active
LOAN001285,CUST018531,Personal Loan,1883755,10.25,180,20532.0,2024-07-27,2030-12-11,Defaulted
LOAN001286,CUST014836,Education Loan,3844252,8.42,120,47498.9,2017-04-19,2046-04-11,Defaulted
LOAN001287,CUST013302,Car Loan,4086562,11.75,180,48390.26,2020-04-05,2038-09-12,Closed
LOAN001288,CUST012755,Personal Loan,3983421,9.73,240,37731.03,2023-09-07,2044-03-20,Defaulted
LOAN001289,CUST018744,Education Loan,1427227,7.59,180,13303.67,2023-12-20,2043-08-19,Closed
LOAN001290,CUST019895,Home Loan,3592515,8.17,84,56298.47,2023-06-20,2042-01-01,Active
LOAN001291,CUST001902,Education Loan,941388,7.92,24,42542.09,2018-05-01,2044-05-10,Defaulted
LOAN001292,CUST000709,Gold Loan,1802148,8.07,84,28151.56,2018-05-21,2031-01-08,Defaulted
LOAN001293,CUST016125,Car Loan,3501537,12.23,120,50703.54,2024-08-31,2025-07-08,Defaulted
LOAN001294,CUST005237,Car Loan,2981902,13.87,60,69182.84,2023-02-14,2032-04-20,Defaulted
LOAN001295,CUST002496,Home Loan,141604,8.66,36,4480.6,2018-02-12,2039-02-20,Active
LOAN001296,CUST000689,Education Loan,154479,10.59,24,7170.56,2020-08-23,2039-02-24,Active
LOAN001297,CUST004451,Car Loan,2373274,13.02,24,112852.07,2024-02-10,2026-11-07,Defaulted
LOAN001298,CUST003185,Personal Loan,4609604,10.9,240,47266.49,2022-04-02,2043-09-27,Defaulted
LOAN001299,CUST011488,Home Loan,2857699,8.06,12,248666.03,2019-12-24,2042-06-11,Closed
LOAN001300,CUST013650,Car Loan,3503052,11.36,12,310194.09,2024-12-09,2032-02-08,Active
LOAN001301,CUST010586,Car Loan,4993530,8.68,84,79532.71,2020-01-03,2025-02-07,Defaulted
LOAN001302,CUST002572,Gold Loan,2220416,7.7,12,192842.64,2019-08-15,2040-03-06,Defaulted
LOAN001303,CUST012660,Home Loan,4989343,13.52,84,92182.38,2022-08-25,2026-05-20,Closed
LOAN001304,CUST007732,Home Loan,4740839,11.85,12,420885.2,2024-04-03,2042-07-10,Closed
LOAN001305,CUST008510,Education Loan,605429,13.33,120,9157.93,2018-09-22,2032-12-02,Defaulted
LOAN001306,CUST010530,Education Loan,2293553,9.51,84,37497.53,2021-01-24,2022-11-26,Active
LOAN001307,CUST007150,Education Loan,1785440,9.39,120,22995.76,2021-05-23,2029-08-16,Defaulted
LOAN001308,CUST017235,Education Loan,1536572,8.06,24,69537.05,2024-06-04,2045-10-06,Closed
LOAN001309,CUST008181,Gold Loan,1835216,10.27,36,59450.17,2018-02-09,2023-12-30,Active
LOAN001310,CUST019134,Personal Loan,2613849,9.18,24,119629.0,2025-01-07,2046-01-30,Active
LOAN001311,CUST011774,Home Loan,1485839,9.22,84,24072.01,2018-06-11,2023-08-22,Active
LOAN001312,CUST004337,Home Loan,169135,11.96,60,3758.9,2020-01-18,2027-09-29,Active
LOAN001313,CUST001431,Car Loan,706199,11.75,60,15619.94,2016-12-26,2035-08-15,Closed
LOAN001314,CUST011616,Education Loan,123073,10.37,60,2637.4,2017-08-05,2044-03-03,Closed
LOAN001315,CUST016172,Car Loan,3527331,12.43,60,79232.14,2024-06-26,2041-05-02,Active
LOAN001316,CUST005538,Home Loan,2763158,10.01,84,45885.97,2022-02-26,2036-03-01,Active
LOAN001317,CUST016827,Personal Loan,2245192,10.31,84,37633.46,2022-01-30,2044-07-27,Closed
LOAN001318,CUST007232,Personal Loan,984438,11.12,180,11263.38,2019-11-02,2020-05-24,Closed
LOAN001319,CUST019236,Education Loan,4055094,8.71,84,64647.49,2017-02-15,2027-07-24,Closed
LOAN001320,CUST002271,Education Loan,3011822,7.62,240,24484.51,2018-07-08,2034-01-19,Active
LOAN001321,CUST005901,Home Loan,3715184,9.31,240,34170.74,2025-02-23,2032-03-25,Defaulted
LOAN001322,CUST003508,Personal Loan,4510045,7.68,240,36830.62,2024-08-29,2029-05-18,Defaulted
LOAN001323,CUST016886,Home Loan,2303979,10.01,36,74353.74,2024-11-08,2044-01-04,Closed
LOAN001324,CUST018146,Personal Loan,884723,14.15,24,42540.82,2023-03-13,2037-10-03,Active
LOAN001325,CUST014160,Education Loan,2241771,11.16,120,31083.78,2023-01-27,2038-08-08,Defaulted
LOAN001326,CUST014094,Personal Loan,3836696,9.49,36,122882.76,2019-11-27,2045-11-11,Active
LOAN001327,CUST013584,Education Loan,3229340,13.61,180,42163.63,2019-11-04,2033-09-09,Active
LOAN001328,CUST003172,Home Loan,631196,11.66,84,11027.89,2025-06-17,2035-04-08,Closed
LOAN001329,CUST003887,Education Loan,3750656,9.07,120,47653.93,2022-11-10,2045-10-01,Active
LOAN001330,CUST010329,Car Loan,3648519,9.21,240,33321.05,2023-03-28,2033-10-07,Defaulted
LOAN001331,CUST018297,Education Loan,209014,9.54,60,4393.77,2024-09-18,2028-03-21,Active
LOAN001332,CUST004756,Home Loan,4186211,9.27,60,87448.44,2025-06-07,2030-11-14,Defaulted
LOAN001333,CUST018356,Home Loan,123408,10.34,180,1351.94,2021-05-24,2023-05-30,Defaulted
LOAN001334,CUST012506,Home Loan,121314,13.38,12,10857.08,2017-07-23,2037-04-08,Defaulted
LOAN001335,CUST010245,Home Loan,931883,8.12,60,18948.79,2020-09-09,2034-08-07,Closed
LOAN001336,CUST009735,Car Loan,4605583,14.33,180,62358.93,2019-07-14,2022-01-14,Defaulted
LOAN001337,CUST007366,Education Loan,552769,9.3,84,8977.93,2022-04-24,2030-04-05,Closed
LOAN001338,CUST012494,Home Loan,2438170,13.64,60,56277.93,2021-05-02,2024-05-12,Closed
LOAN001339,CUST016556,Education Loan,4150564,9.01,240,37370.4,2025-06-10,2036-09-09,Active
LOAN001340,CUST005785,Gold Loan,1571528,14.34,120,24722.84,2018-01-22,2027-03-15,Active
LOAN001341,CUST017294,Personal Loan,391434,10.49,12,34502.54,2017-08-08,2040-12-04,Active
LOAN001342,CUST013100,Personal Loan,3689314,9.13,240,33502.8,2022-12-10,2028-07-07,Defaulted
LOAN001343,CUST009381,Education Loan,3419192,9.61,84,56076.01,2018-05-25,2021-09-30,Active
LOAN001344,CUST012400,Home Loan,4526443,9.49,84,73956.92,2017-06-17,2018-03-01,Closed
LOAN001345,CUST014887,Education Loan,1901279,13.5,36,64520.45,2017-06-08,2046-05-25,Closed
LOAN001346,CUST012860,Personal Loan,1288276,13.34,60,29536.95,2024-12-10,2035-07-18,Closed
LOAN001347,CUST014797,Personal Loan,4311018,10.9,12,380813.86,2016-11-26,2044-06-03,Active
LOAN001348,CUST005599,Education Loan,507966,12.92,36,17095.82,2020-08-08,2043-04-13,Active
LOAN001349,CUST009053,Home Loan,1317754,8.1,36,41354.44,2022-11-08,2041-05-13,Closed
LOAN001350,CUST015325,Personal Loan,371386,11.93,120,5313.29,2021-12-22,2024-03-08,Defaulted
LOAN001351,CUST008953,Home Loan,1718473,9.26,24,78713.16,2024-07-26,2031-04-15,Closed
LOAN001352,CUST005801,Car Loan,1082951,8.49,84,17144.69,2023-09-19,2042-01-22,Closed
LOAN001353,CUST006085,Gold Loan,3382126,8.48,240,29308.08,2016-09-25,2046-04-23,Closed
LOAN001354,CUST018020,Car Loan,2425061,13.85,60,56238.52,2024-09-19,2045-08-22,Active
LOAN001355,CUST015343,Home Loan,3051892,13.98,60,70980.55,2025-07-18,2031-01-23,Defaulted
LOAN001356,CUST019001,Personal Loan,4093328,11.48,84,71125.08,2021-01-30,2022-07-01,Active
LOAN001357,CUST016533,Car Loan,3247376,11.66,36,107332.77,2018-03-24,2019-11-11,Defaulted
LOAN001358,CUST007878,Gold Loan,949122,12.81,36,31892.88,2021-08-24,2033-09-13,Closed
LOAN001359,CUST002278,Car Loan,3515398,11.82,180,41784.45,2025-06-08,2043-11-02,Closed
LOAN001360,CUST006429,Gold Loan,3909108,10.86,36,127720.17,2019-09-17,2026-05-25,Closed
LOAN001361,CUST008247,Gold Loan,698940,11.93,12,62077.09,2023-03-11,2032-08-17,Active
LOAN001362,CUST017623,Education Loan,3380482,10.43,180,37221.24,2023-01-12,2031-09-03,Defaulted
LOAN001363,CUST004372,Car Loan,761185,10.56,24,35321.89,2021-03-26,2027-10-18,Closed
LOAN001364,CUST006960,Education Loan,1772835,13.44,36,60110.23,2020-11-22,2027-05-14,Closed
LOAN001365,CUST009566,Personal Loan,1955016,10.3,240,19256.55,2018-03-26,2033-02-13,Active
LOAN001366,CUST007090,Personal Loan,944205,9.76,60,19950.25,2020-02-24,2023-08-15,Active
LOAN001367,CUST009902,Education Loan,2140137,9.3,240,19670.21,2017-09-18,2023-09-20,Closed
LOAN001368,CUST006830,Car Loan,3166350,9.43,240,29369.95,2021-01-24,2029-03-28,Closed
LOAN001369,CUST001163,Gold Loan,3004087,8.71,12,262308.02,2016-12-03,2018-01-10,Active
LOAN001370,CUST002865,Education Loan,3333572,12.25,84,59293.27,2018-03-22,2021-03-13,Active
LOAN001371,CUST017035,Car Loan,405577,12.74,240,4676.72,2022-04-22,2025-02-03,Defaulted
LOAN001372,CUST009619,Personal Loan,3507728,12.03,60,78080.66,2022-06-23,2038-01-23,Defaulted
LOAN001373,CUST013161,Gold Loan,1068845,13.01,36,36018.76,2025-03-27,2032-02-05,Closed
LOAN001374,CUST007553,Personal Loan,941321,12.19,60,21029.66,2023-01-22,2030-07-11,Active
LOAN001375,CUST007748,Personal Loan,1152729,7.79,84,17846.31,2021-06-22,2024-03-10,Active
LOAN001376,CUST013541,Car Loan,1991443,9.07,240,18007.28,2023-04-22,2034-05-01,Closed
LOAN001377,CUST014813,Gold Loan,880844,14.14,180,11813.53,2018-09-21,2027-04-17,Active
LOAN001378,CUST010203,Personal Loan,4559880,9.12,240,41379.0,2022-08-07,2031-10-26,Closed
LOAN001379,CUST011061,Gold Loan,4100909,12.36,240,46187.97,2025-03-01,2028-07-17,Defaulted
LOAN001380,CUST015324,Home Loan,4454839,11.36,36,146606.36,2019-04-23,2021-05-26,Defaulted
LOAN001381,CUST018452,Education Loan,3543383,9.19,24,162187.61,2018-05-15,2046-04-07,Closed
LOAN001382,CUST006988,Car Loan,4914395,9.53,84,80396.3,2018-09-01,2046-01-05,Defaulted
LOAN001383,CUST018875,Car Loan,4753807,12.21,120,68781.67,2021-03-02,2022-03-26,Defaulted
LOAN001384,CUST001356,Car Loan,3541176,12.08,60,78914.74,2019-10-08,2021-12-08,Active
LOAN001385,CUST013909,Gold Loan,1222484,11.98,120,17524.96,2022-07-27,2031-09-29,Closed
LOAN001386,CUST008817,Car Loan,1166824,8.77,180,11675.59,2024-12-21,2038-04-08,Defaulted
LOAN001387,CUST007168,Car Loan,931015,8.84,240,8281.02,2022-04-09,2035-03-19,Closed
LOAN001388,CUST018464,Home Loan,2470268,11.39,12,218776.02,2024-03-23,2037-02-27,Closed
LOAN001389,CUST008311,Car Loan,1277789,10.21,240,12509.25,2024-08-18,2027-11-28,Active
LOAN001390,CUST008350,Car Loan,1243206,9.36,60,26024.67,2018-05-16,2041-01-27,Active
LOAN001391,CUST016612,Personal Loan,1632954,7.66,60,32845.35,2022-11-06,2027-12-22,Defaulted
LOAN001392,CUST012789,Car Loan,3828420,8.54,180,37789.78,2023-04-04,2025-02-12,Closed
LOAN001393,CUST009003,Gold Loan,4467208,10.21,120,59555.19,2022-01-16,2025-02-07,Active
LOAN001394,CUST003902,Gold Loan,2263665,11.71,120,32098.66,2020-11-30,2043-08-17,Defaulted
LOAN001395,CUST010766,Personal Loan,4932987,10.56,60,106175.81,2017-11-09,2044-12-20,Defaulted
LOAN001396,CUST005815,Personal Loan,338141,10.97,36,11065.5,2024-05-07,2030-02-10,Active
LOAN001397,CUST006221,Education Loan,4756367,8.65,120,59354.4,2020-12-25,2044-04-08,Defaulted
LOAN001398,CUST000564,Gold Loan,3366980,9.04,120,42724.4,2018-10-18,2019-07-24,Closed
LOAN001399,CUST007299,Car Loan,304580,11.45,84,5287.5,2020-03-05,2038-01-14,Closed
LOAN001400,CUST016067,Gold Loan,4799953,8.08,180,46092.81,2016-11-26,2025-12-15,Active
LOAN001401,CUST012592,Education Loan,2286396,9.39,84,37240.14,2023-01-05,2028-02-08,Closed
LOAN001402,CUST012390,Home Loan,1105309,10.64,240,11139.32,2021-06-15,2023-11-08,Defaulted
LOAN001403,CUST013583,Car Loan,2623284,9.25,24,120145.18,2023-09-16,2029-09-18,Defaulted
LOAN001404,CUST002560,Car Loan,2008747,13.49,12,179877.93,2019-04-01,2028-11-09,Defaulted
LOAN001405,CUST007200,Education Loan,1598079,11.51,180,18678.76,2018-01-17,2042-02-12,Defaulted
LOAN001406,CUST011597,Education Loan,4574060,13.04,120,68403.59,2021-12-17,2038-05-05,Active
LOAN001407,CUST000827,Education Loan,146703,11.38,180,1702.59,2021-09-10,2029-07-20,Defaulted
LOAN001408,CUST005946,Home Loan,2012620,10.97,60,43729.13,2020-06-05,2024-04-06,Active
LOAN001409,CUST008824,Car Loan,3557746,10.69,24,165307.27,2020-05-05,2044-05-01,Defaulted
LOAN001410,CUST016009,Home Loan,2056375,10.0,120,27175.15,2020-04-22,2032-04-15,Active
LOAN001411,CUST011542,Home Loan,950789,9.8,36,30590.09,2022-02-06,2046-04-07,Closed
LOAN001412,CUST014812,Gold Loan,3313590,12.2,120,47924.28,2018-03-16,2036-12-04,Defaulted
LOAN001413,CUST000291,Home Loan,2112507,9.3,240,19416.26,2024-04-01,2027-08-10,Closed
LOAN001414,CUST004769,Car Loan,1153279,10.24,24,53345.82,2023-08-29,2024-01-01,Closed
LOAN001415,CUST006673,Gold Loan,3690623,8.61,120,45975.85,2021-10-26,2025-06-30,Active
LOAN001416,CUST005655,Personal Loan,4663861,10.11,24,215450.39,2018-11-15,2045-06-21,Active
LOAN001417,CUST003927,Personal Loan,3012640,7.52,120,35792.02,2025-07-24,2044-03-21,Defaulted
LOAN001418,CUST011627,Home Loan,3293224,10.99,240,33969.87,2020-08-04,2025-11-28,Defaulted
LOAN001419,CUST007223,Personal Loan,2262412,12.71,120,33394.36,2021-06-02,2046-01-29,Closed
LOAN001420,CUST016090,Education Loan,3480963,9.25,240,31880.99,2017-11-23,2036-09-05,Closed
LOAN001421,CUST002899,Car Loan,4508684,13.06,24,214478.14,2021-12-22,2040-09-27,Closed
LOAN001422,CUST013617,Gold Loan,2336599,10.89,84,39873.25,2019-06-03,2032-08-23,Closed
LOAN001423,CUST007584,Home Loan,3243218,9.21,24,148478.26,2017-07-31,2046-03-12,Defaulted
LOAN001424,CUST014458,Gold Loan,3403442,13.03,180,43128.99,2016-08-26,2026-07-07,Active
LOAN001425,CUST000641,Home Loan,2288406,11.4,180,26587.62,2018-10-29,2031-01-25,Closed
LOAN001426,CUST012832,Personal Loan,2094431,8.84,12,183005.72,2021-11-26,2038-10-10,Active
LOAN001427,CUST016723,Education Loan,971232,13.17,60,22183.13,2018-01-18,2036-11-19,Closed
LOAN001428,CUST019896,Personal Loan,3847381,10.08,60,81897.0,2018-10-26,2028-04-01,Active
LOAN001429,CUST012746,Car Loan,4073604,13.2,180,52078.2,2018-05-18,2040-07-09,Closed
LOAN001430,CUST000483,Home Loan,4306928,14.38,12,387477.14,2017-07-28,2027-01-18,Defaulted
LOAN001431,CUST006092,Home Loan,3119196,9.06,84,50280.02,2019-09-14,2023-10-31,Defaulted
LOAN001432,CUST007291,Education Loan,4368284,13.3,240,52114.17,2021-03-28,2034-03-24,Closed
LOAN001433,CUST012953,Car Loan,2337440,13.98,36,79865.46,2024-09-30,2043-02-03,Defaulted
LOAN001434,CUST017595,Gold Loan,2631067,11.78,12,233496.42,2021-07-13,2043-07-15,Defaulted
LOAN001435,CUST010129,Home Loan,2960704,11.97,24,139329.14,2018-08-26,2036-02-03,Defaulted
LOAN001436,CUST019471,Gold Loan,1570104,11.21,120,21815.25,2022-05-27,2043-02-25,Closed
LOAN001437,CUST019836,Gold Loan,2930372,10.8,36,95659.31,2018-03-24,2039-02-22,Closed
LOAN001438,CUST003979,Home Loan,4062068,11.97,240,44641.94,2025-05-19,2038-02-22,Defaulted
LOAN001439,CUST006422,Personal Loan,1039132,13.3,12,92958.76,2019-02-03,2029-06-19,Active
LOAN001440,CUST003376,Car Loan,3182121,12.69,12,283755.77,2021-10-09,2044-02-04,Defaulted
LOAN001441,CUST013610,Home Loan,2933333,11.36,36,96534.41,2020-12-22,2024-01-15,Active
LOAN001442,CUST016925,Home Loan,1461291,13.02,240,17140.96,2020-02-06,2034-02-09,Closed
LOAN001443,CUST004780,Education Loan,4874297,10.37,180,53488.26,2023-06-27,2028-05-13,Defaulted
LOAN001444,CUST006933,Education Loan,3991517,9.89,12,350713.59,2020-11-07,2045-07-17,Closed
LOAN001445,CUST017687,Home Loan,3364680,8.88,240,30013.71,2024-12-16,2034-03-27,Defaulted
LOAN001446,CUST017026,Car Loan,2990632,11.93,60,66419.22,2017-05-16,2039-10-05,Active
LOAN001447,CUST002623,Car Loan,2142654,14.08,24,102955.99,2017-01-30,2041-06-28,Active
LOAN001448,CUST011929,Gold Loan,2824989,11.09,120,39058.28,2025-06-01,2026-08-26,Defaulted
LOAN001449,CUST018086,Personal Loan,1556931,9.85,120,20445.85,2023-10-30,2025-12-22,Active
LOAN001450,CUST018731,Education Loan,920938,9.61,180,9677.88,2019-10-31,2033-08-31,Active
LOAN001451,CUST004581,Personal Loan,2887155,8.32,24,130999.98,2020-11-24,2042-09-01,Active
LOAN001452,CUST015096,Car Loan,4150189,14.46,60,97560.23,2025-01-18,2032-02-09,Defaulted
LOAN001453,CUST012316,Car Loan,2179509,13.57,24,104202.32,2024-12-01,2037-07-28,Active
LOAN001454,CUST012472,Education Loan,2952902,8.38,36,93051.74,2024-05-05,2045-08-06,Closed
LOAN001455,CUST009203,Home Loan,1388505,12.96,240,16227.84,2022-06-14,2039-11-09,Closed
LOAN001456,CUST016205,Gold Loan,2366453,11.66,12,209880.27,2018-09-02,2033-09-05,Active
LOAN001457,CUST006464,Personal Loan,868677,8.73,60,17918.69,2024-08-09,2031-04-13,Closed
LOAN001458,CUST011711,Education Loan,4537009,12.89,180,57076.16,2017-12-03,2020-10-18,Closed
LOAN001459,CUST001154,Gold Loan,3209193,8.93,24,146508.11,2021-10-22,2024-09-13,Closed
LOAN001460,CUST016497,Education Loan,325873,12.84,120,4834.93,2024-07-31,2030-02-26,Defaulted
LOAN001461,CUST009927,Car Loan,3283620,12.84,12,293037.56,2023-01-30,2042-10-11,Closed
LOAN001462,CUST017966,Car Loan,2311826,9.29,24,105923.05,2020-08-11,2033-01-05,Closed
LOAN001463,CUST016970,Personal Loan,2240158,13.38,240,26853.91,2018-09-12,2030-02-17,Active
LOAN001464,CUST016829,Home Loan,2522347,11.79,180,29932.46,2022-11-02,2045-06-30,Active
LOAN001465,CUST011904,Personal Loan,1559334,11.72,120,22120.24,2021-12-03,2030-10-27,Closed
LOAN001466,CUST009202,Car Loan,4873380,11.11,24,227386.67,2022-11-04,2031-04-17,Closed
LOAN001467,CUST017671,Home Loan,4252807,8.22,36,133699.55,2021-02-14,2040-05-06,Defaulted
LOAN001468,CUST005636,Education Loan,4906902,10.28,240,48266.53,2021-02-16,2033-02-24,Closed
LOAN001469,CUST004881,Car Loan,4093994,13.0,120,61127.73,2021-10-03,2044-04-24,Active
LOAN001470,CUST014659,Car Loan,1381359,9.91,120,18185.99,2017-03-20,2030-09-15,Closed
LOAN001471,CUST004025,Gold Loan,3747897,7.87,240,31046.37,2020-04-30,2032-03-12,Defaulted
LOAN001472,CUST007201,Education Loan,2030680,12.19,240,22629.1,2017-01-23,2042-12-10,Active
LOAN001473,CUST008188,Education Loan,3579949,11.13,180,40982.31,2024-04-23,2037-07-20,Closed
LOAN001474,CUST004511,Car Loan,3985490,14.29,240,50402.03,2018-10-25,2041-02-26,Active
LOAN001475,CUST004073,Car Loan,886456,11.62,180,10423.21,2021-11-18,2035-05-19,Active
LOAN001476,CUST011025,Car Loan,3055195,13.52,240,36931.62,2022-10-25,2036-11-20,Defaulted
LOAN001477,CUST018865,Gold Loan,955469,12.35,36,31895.2,2019-02-11,2029-10-11,Closed
LOAN001478,CUST017225,Education Loan,1252152,11.37,24,58575.43,2020-07-22,2045-05-27,Active
LOAN001479,CUST019661,Education Loan,489151,13.66,24,23407.06,2020-08-30,2022-05-09,Closed
LOAN001480,CUST017064,Home Loan,3209505,7.53,36,99879.79,2019-11-27,2027-10-03,Defaulted
LOAN001481,CUST000853,Personal Loan,1537015,8.1,36,48235.4,2024-11-05,2044-04-12,Defaulted
LOAN001482,CUST000468,Education Loan,2964905,11.76,60,65593.65,2017-01-08,2025-09-17,Active
LOAN001483,CUST006663,Education Loan,3827393,11.7,12,339522.32,2023-04-04,2027-12-05,Active
LOAN001484,CUST012326,Car Loan,1313288,11.71,84,22979.94,2021-07-24,2033-10-18,Active
LOAN001485,CUST016819,Home Loan,1930066,8.56,240,16822.93,2024-04-01,2032-07-08,Active
LOAN001486,CUST010498,Education Loan,1760872,12.06,84,31140.73,2023-07-05,2025-06-04,Closed
LOAN001487,CUST016755,Education Loan,2136774,11.37,84,37003.79,2022-05-09,2045-09-13,Active
LOAN001488,CUST019972,Gold Loan,3346908,14.17,120,52308.9,2022-07-21,2031-01-22,Closed
LOAN001489,CUST011496,Personal Loan,2968228,12.01,24,139738.66,2023-08-23,2035-05-03,Defaulted
LOAN001490,CUST010733,Personal Loan,2488941,7.81,60,50240.73,2018-11-24,2043-03-26,Active
LOAN001491,CUST000737,Home Loan,4371345,10.1,36,141256.33,2020-11-23,2045-02-21,Active
LOAN001492,CUST008137,Home Loan,2385190,10.4,36,77412.08,2021-10-24,2028-12-28,Defaulted
LOAN001493,CUST011124,Education Loan,1237701,12.21,24,58384.34,2022-03-31,2046-07-26,Closed
LOAN001494,CUST011794,Home Loan,1763415,10.31,180,19285.57,2021-04-05,2024-08-02,Closed
LOAN001495,CUST012091,Gold Loan,1454453,12.34,180,17775.28,2023-12-07,2040-06-15,Defaulted
LOAN001496,CUST011508,Gold Loan,2789125,14.18,24,134151.23,2022-02-24,2045-05-03,Closed
LOAN001497,CUST000451,Gold Loan,871480,13.91,60,20237.18,2022-10-22,2024-12-26,Defaulted
LOAN001498,CUST010947,Personal Loan,2364556,11.25,240,24810.25,2024-02-17,2036-06-30,Defaulted
LOAN001499,CUST007015,Personal Loan,1825556,10.39,120,24520.83,2021-10-08,2022-03-31,Closed
LOAN001500,CUST002458,Gold Loan,2671319,8.63,60,54973.72,2019-12-07,2030-08-31,Closed
LOAN001501,CUST006864,Gold Loan,3646291,9.4,60,76400.83,2017-04-18,2033-02-07,Active
LOAN001502,CUST015425,Car Loan,2270480,9.69,120,29616.16,2021-09-23,2036-07-12,Active
LOAN001503,CUST017991,Home Loan,328057,10.42,240,3257.64,2025-04-02,2036-10-06,Closed
LOAN001504,CUST002393,Gold Loan,218918,11.27,240,2300.01,2024-07-20,2030-04-03,Active
LOAN001505,CUST015781,Car Loan,2817329,10.43,36,91477.11,2024-01-20,2028-05-05,Active
LOAN001506,CUST008723,Gold Loan,1517116,10.89,84,25889.06,2023-04-15,2032-05-22,Closed
LOAN001507,CUST012093,Education Loan,1724070,13.73,24,82557.83,2017-07-23,2036-07-16,Defaulted
LOAN001508,CUST004837,Gold Loan,1702909,12.93,36,57320.34,2019-11-16,2039-07-23,Closed
LOAN001509,CUST001145,Home Loan,620583,12.82,120,9200.2,2023-01-15,2044-04-30,Defaulted
LOAN001510,CUST014554,Gold Loan,695619,9.53,24,31948.6,2021-07-29,2031-12-21,Defaulted
LOAN001511,CUST019965,Personal Loan,3189937,7.95,240,26582.73,2021-12-11,2044-05-07,Active
LOAN001512,CUST005413,Personal Loan,286481,10.03,84,4760.37,2019-06-14,2031-12-22,Defaulted
LOAN001513,CUST011184,Education Loan,1278294,12.91,240,14894.3,2021-07-04,2038-04-09,Active
LOAN001514,CUST002134,Education Loan,1888991,11.58,120,26644.88,2018-03-15,2031-08-09,Defaulted
LOAN001515,CUST002938,Education Loan,148362,9.01,60,3080.47,2022-07-01,2045-09-30,Closed
LOAN001516,CUST013625,Education Loan,3745407,10.73,84,63600.02,2019-07-05,2042-09-02,Closed
LOAN001517,CUST013867,Education Loan,4670145,12.73,36,156748.98,2022-01-13,2044-07-01,Defaulted
LOAN001518,CUST012234,Car Loan,1426918,13.23,60,32635.02,2020-05-07,2031-02-02,Active
LOAN001519,CUST000042,Education Loan,3419516,13.74,84,63591.64,2016-08-11,2019-07-14,Active
LOAN001520,CUST003283,Education Loan,4730714,8.79,240,41926.64,2022-08-27,2027-03-06,Closed
LOAN001521,CUST012690,Gold Loan,2107617,12.06,240,23294.9,2023-02-19,2028-11-05,Defaulted
LOAN001522,CUST013307,Gold Loan,2000051,9.82,84,33017.5,2016-12-16,2042-01-16,Defaulted
LOAN001523,CUST011231,Car Loan,4377754,12.11,36,145634.18,2018-01-26,2038-01-02,Active
LOAN001524,CUST001867,Education Loan,4145915,10.25,240,40698.1,2023-11-14,2033-10-11,Active
LOAN001525,CUST014429,Gold Loan,3983549,11.35,36,131077.54,2023-02-16,2029-12-27,Closed
LOAN001526,CUST002451,Education Loan,3348973,8.53,180,33037.58,2024-12-20,2028-03-05,Defaulted
LOAN001527,CUST003071,Education Loan,1962234,9.53,180,20525.67,2019-07-16,2027-11-28,Closed
LOAN001528,CUST010506,Personal Loan,854450,8.49,180,8409.1,2017-03-19,2034-03-04,Defaulted
LOAN001529,CUST013699,Personal Loan,4708189,11.69,84,82333.89,2024-05-03,2028-08-12,Defaulted
LOAN001530,CUST001124,Gold Loan,2305767,7.79,84,35697.41,2022-01-27,2034-02-16,Defaulted
LOAN001531,CUST002335,Personal Loan,1018463,13.36,60,23361.29,2025-05-18,2039-07-04,Defaulted
LOAN001532,CUST019015,Car Loan,2761903,12.8,36,92793.59,2025-01-11,2041-09-21,Defaulted
LOAN001533,CUST013133,Car Loan,3411727,12.46,240,38665.85,2022-07-07,2045-03-20,Active
LOAN001534,CUST019002,Personal Loan,1519007,8.32,36,47824.72,2016-11-10,2042-10-31,Active
LOAN001535,CUST015567,Education Loan,1123059,8.35,240,9639.81,2022-10-25,2031-07-08,Active
LOAN001536,CUST002409,Car Loan,3614114,13.99,60,84075.38,2018-03-10,2035-05-28,Defaulted
LOAN001537,CUST017818,Personal Loan,2791860,9.73,240,26444.54,2018-02-02,2022-09-14,Closed
LOAN001538,CUST009459,Gold Loan,4792409,12.38,24,226446.72,2020-07-19,2038-12-01,Defaulted
LOAN001539,CUST014218,Personal Loan,3247499,12.16,84,57605.48,2021-01-14,2042-06-27,Active
LOAN001540,CUST001348,Gold Loan,1127087,12.25,36,37570.14,2016-12-01,2038-11-18,Closed
LOAN001541,CUST005926,Home Loan,734684,7.58,12,63766.42,2018-03-03,2032-04-27,Defaulted
LOAN001542,CUST008356,Education Loan,2548516,8.49,240,22100.49,2019-11-16,2031-07-20,Active
LOAN001543,CUST005344,Car Loan,2503357,9.3,180,25839.41,2020-09-03,2028-09-07,Closed
LOAN001544,CUST009049,Home Loan,1027225,9.74,60,21694.31,2017-01-04,2033-09-09,Active
LOAN001545,CUST003888,Home Loan,1849107,14.47,24,89192.08,2018-05-15,2030-08-17,Active
LOAN001546,CUST005333,Education Loan,477859,11.23,60,10444.71,2020-06-23,2032-12-25,Closed
LOAN001547,CUST019476,Education Loan,1452812,13.56,120,22174.54,2020-10-02,2032-05-07,Defaulted
LOAN001548,CUST017695,Car Loan,1514932,7.64,36,47221.27,2021-06-03,2029-01-02,Closed
LOAN001549,CUST019333,Home Loan,3690576,10.2,180,40111.89,2020-03-12,2041-02-07,Active
LOAN001550,CUST000036,Car Loan,4575923,13.89,36,156149.84,2020-09-09,2041-08-25,Defaulted
LOAN001551,CUST007480,Gold Loan,3934032,12.38,180,48181.01,2024-05-28,2038-04-07,Defaulted
LOAN001552,CUST018391,Home Loan,3381480,12.13,12,300646.09,2024-05-04,2024-10-14,Defaulted
LOAN001553,CUST010205,Personal Loan,4767584,13.06,12,425961.83,2020-02-24,2039-03-09,Active
LOAN001554,CUST006602,Personal Loan,3362377,14.04,24,161500.96,2024-06-15,2038-12-26,Active
LOAN001555,CUST019738,Home Loan,2208450,8.21,12,192324.1,2025-03-04,2036-05-19,Active
LOAN001556,CUST005837,Personal Loan,4616840,10.74,180,51723.57,2019-01-27,2028-01-11,Defaulted
LOAN001557,CUST002316,Personal Loan,350742,8.57,120,4361.84,2023-08-05,2029-12-29,Active
LOAN001558,CUST014967,Personal Loan,3145368,10.0,12,276527.82,2017-05-03,2034-04-21,Closed
LOAN001559,CUST002700,Personal Loan,1857121,7.61,60,37310.05,2021-05-29,2027-10-23,Active
LOAN001560,CUST000622,Home Loan,1538757,8.58,60,31629.32,2020-02-28,2041-04-06,Closed
LOAN001561,CUST001979,Education Loan,2045483,10.7,24,95050.89,2025-06-14,2034-06-07,Closed
LOAN001562,CUST015012,Car Loan,2301728,12.27,36,76747.47,2024-03-18,2032-02-05,Defaulted
LOAN001563,CUST000324,Education Loan,3088411,10.53,180,34196.72,2018-03-10,2034-02-25,Active
LOAN001564,CUST008731,Car Loan,1148543,9.02,60,23853.01,2025-04-06,2042-02-27,Defaulted
LOAN001565,CUST012741,Personal Loan,3443070,13.32,24,164207.82,2019-06-30,2041-06-02,Defaulted
LOAN001566,CUST002309,Education Loan,647700,13.65,180,8473.92,2018-04-26,2023-11-10,Defaulted
LOAN001567,CUST003487,Personal Loan,4766119,14.36,24,229646.52,2019-12-27,2045-09-30,Defaulted
LOAN001568,CUST013012,Car Loan,1288850,12.57,24,61014.29,2016-12-30,2019-05-09,Defaulted
LOAN001569,CUST005019,Personal Loan,4301137,10.13,24,198733.82,2017-05-30,2021-04-21,Closed
LOAN001570,CUST010125,Home Loan,2889882,12.37,60,64825.46,2018-01-27,2040-04-20,Closed
LOAN001571,CUST001228,Gold Loan,2057002,13.35,12,184063.76,2023-01-03,2026-01-09,Defaulted
LOAN001572,CUST004169,Home Loan,4280866,12.4,24,202315.81,2024-03-14,2026-12-17,Closed
LOAN001573,CUST007725,Car Loan,2041533,10.9,84,34848.77,2021-12-01,2044-01-18,Active
LOAN001574,CUST008680,Education Loan,731786,7.68,180,6858.81,2025-01-12,2041-09-19,Defaulted
LOAN001575,CUST019044,Home Loan,3904451,12.38,24,184489.7,2024-04-15,2029-07-26,Defaulted
LOAN001576,CUST013992,Car Loan,533447,11.56,180,6252.04,2022-08-02,2044-09-18,Active
LOAN001577,CUST019666,Home Loan,3035868,12.78,120,44935.68,2019-04-15,2042-04-24,Active
LOAN001578,CUST016560,Car Loan,2837766,10.59,84,47979.88,2022-07-27,2039-04-08,Active
LOAN001579,CUST011415,Gold Loan,3534669,10.21,180,38439.13,2022-03-25,2030-12-09,Active
LOAN001580,CUST014279,Gold Loan,615472,8.52,120,7637.56,2021-08-24,2033-12-18,Active
LOAN001581,CUST018728,Car Loan,2426283,7.96,240,20234.04,2018-05-07,2027-06-16,Active
LOAN001582,CUST004098,Education Loan,3226176,9.2,180,33106.97,2022-09-07,2041-02-04,Defaulted
LOAN001583,CUST003572,Education Loan,1284301,8.62,36,40613.67,2025-06-21,2045-08-05,Closed
LOAN001584,CUST011016,Personal Loan,3633699,13.02,36,122468.69,2025-02-09,2032-10-15,Defaulted
LOAN001585,CUST003044,Gold Loan,3248273,14.18,180,43652.13,2018-03-02,2042-05-28,Defaulted
LOAN001586,CUST006378,Home Loan,4807916,13.2,24,229029.01,2021-06-19,2027-08-14,Closed
LOAN001587,CUST009377,Car Loan,1463516,10.81,240,14917.46,2020-08-04,2028-01-18,Closed
LOAN001588,CUST017317,Education Loan,4432000,13.05,36,149438.35,2020-05-09,2030-09-03,Closed
LOAN001589,CUST005353,Home Loan,4948906,14.36,240,62838.82,2025-01-20,2032-09-29,Closed
LOAN001590,CUST007663,Gold Loan,1189284,8.78,12,103883.35,2023-06-21,2028-10-23,Closed
LOAN001591,CUST011944,Personal Loan,3485385,11.85,60,77266.53,2024-12-21,2032-06-28,Defaulted
LOAN001592,CUST005991,Education Loan,466477,13.26,24,22234.18,2023-10-24,2033-08-17,Defaulted
LOAN001593,CUST006428,Gold Loan,627825,8.42,180,6153.04,2020-06-19,2041-01-08,Active
LOAN001594,CUST010995,Car Loan,153686,13.11,180,1955.64,2021-05-02,2035-01-21,Defaulted
LOAN001595,CUST018635,Gold Loan,2940143,8.16,60,59840.89,2021-07-10,2024-01-06,Active
LOAN001596,CUST004448,Car Loan,817197,10.65,24,37955.13,2024-01-04,2040-11-01,Closed
LOAN001597,CUST001262,Car Loan,462694,11.99,24,21778.45,2020-09-04,2045-03-04,Active
LOAN001598,CUST013065,Gold Loan,589835,11.09,84,10127.35,2021-12-21,2045-10-15,Closed
LOAN001599,CUST005684,Gold Loan,4691967,11.63,12,416063.89,2019-04-02,2019-08-08,Active
LOAN001600,CUST017729,Home Loan,3064336,11.39,12,271388.87,2022-06-20,2039-01-22,Closed
LOAN001601,CUST005997,Personal Loan,4048421,9.39,84,65939.49,2017-04-20,2025-06-16,Active
LOAN001602,CUST015974,Education Loan,897334,9.08,240,8119.77,2016-12-17,2018-02-09,Defaulted
LOAN001603,CUST013686,Education Loan,1362515,14.38,36,46819.4,2017-05-13,2021-05-14,Defaulted
LOAN001604,CUST014898,Personal Loan,4785921,11.94,60,106315.12,2018-04-19,2037-04-01,Active
LOAN001605,CUST008198,Gold Loan,1880492,12.18,24,88679.44,2020-05-10,2045-04-01,Active
LOAN001606,CUST002772,Gold Loan,4806326,11.11,24,224258.0,2021-08-18,2023-12-24,Closed
LOAN001607,CUST006686,Car Loan,1948158,13.83,120,30049.54,2019-02-21,2031-05-13,Closed
LOAN001608,CUST018751,Education Loan,2366442,13.79,24,113385.08,2019-05-27,2030-09-15,Defaulted
LOAN001609,CUST016466,Home Loan,1131721,8.05,60,22974.31,2021-12-20,2034-09-16,Closed
LOAN001610,CUST019844,Education Loan,1871461,8.64,36,59198.89,2020-09-23,2045-12-15,Closed
LOAN001611,CUST018338,Education Loan,1585590,10.13,84,26429.3,2023-01-29,2033-02-12,Closed
LOAN001612,CUST002251,Car Loan,1138225,12.38,240,12835.67,2021-02-06,2045-04-24,Active
LOAN001613,CUST012180,Car Loan,2788285,8.95,12,243775.0,2023-08-14,2039-08-14,Active
LOAN001614,CUST012802,Home Loan,893077,13.06,120,13366.22,2017-03-26,2032-06-14,Active
LOAN001615,CUST003249,Gold Loan,876396,8.12,84,13712.15,2017-10-05,2043-03-28,Closed
LOAN001616,CUST018085,Car Loan,286063,7.51,24,12874.02,2017-02-23,2026-05-29,Active
LOAN001617,CUST002754,Gold Loan,2712446,11.74,120,38509.13,2019-11-16,2031-09-07,Active
LOAN001618,CUST008704,Education Loan,1599866,7.79,12,139014.54,2022-03-23,2045-11-15,Defaulted
LOAN001619,CUST008059,Car Loan,580863,14.33,36,19945.75,2025-03-14,2039-09-07,Defaulted
LOAN001620,CUST014696,Home Loan,4208278,13.78,36,143379.71,2018-08-07,2044-01-16,Active
LOAN001621,CUST008249,Car Loan,3815818,9.79,12,335098.45,2020-02-14,2037-07-12,Closed
LOAN001622,CUST008183,Education Loan,2643679,11.67,60,58367.27,2017-05-24,2019-01-04,Closed
LOAN001623,CUST011984,Car Loan,3663746,8.64,36,115893.26,2016-10-26,2033-05-11,Defaulted
LOAN001624,CUST004700,Personal Loan,3583783,8.43,240,30942.31,2021-02-05,2046-03-25,Active
LOAN001625,CUST007925,Gold Loan,819177,9.1,240,7423.11,2023-09-11,2039-01-12,Defaulted
LOAN001626,CUST009076,Gold Loan,4047973,7.56,84,62208.86,2023-12-14,2030-08-31,Active
LOAN001627,CUST000424,Car Loan,715085,11.31,12,63303.85,2021-05-16,2043-06-14,Closed
LOAN001628,CUST017647,Education Loan,174013,11.2,24,8126.54,2018-06-30,2024-03-29,Defaulted
LOAN001629,CUST009889,Education Loan,1327530,8.11,120,16183.87,2020-05-26,2023-12-28,Defaulted
LOAN001630,CUST009505,Home Loan,2034033,12.67,84,36639.11,2017-09-09,2041-01-09,Closed
LOAN001631,CUST016139,Car Loan,1764146,11.41,24,82559.24,2021-12-21,2033-09-06,Closed
LOAN001632,CUST017062,Education Loan,2302746,11.89,60,51095.4,2024-11-12,2041-09-14,Closed
LOAN001633,CUST003687,Gold Loan,4245838,13.98,84,79520.15,2018-06-15,2028-08-27,Active
LOAN001634,CUST003143,Personal Loan,436757,14.33,240,5536.15,2024-04-19,2036-07-01,Active
LOAN001635,CUST017100,Personal Loan,3432465,10.21,12,302103.55,2019-06-27,2042-12-30,Defaulted
LOAN001636,CUST015847,Education Loan,3464298,7.56,240,28035.38,2016-08-28,2040-04-18,Closed
LOAN001637,CUST013048,Gold Loan,575383,8.11,24,26051.89,2023-07-26,2046-02-01,Defaulted
LOAN001638,CUST006434,Personal Loan,4131984,13.47,240,49799.36,2022-07-04,2045-05-26,Active
LOAN001639,CUST001714,Home Loan,3846160,8.76,120,48223.37,2021-03-26,2026-05-27,Defaulted
LOAN001640,CUST000032,Car Loan,3954827,14.29,36,135724.32,2025-04-08,2040-02-24,Active
LOAN001641,CUST011057,Car Loan,3571258,11.1,120,49396.45,2021-03-16,2031-08-16,Defaulted
LOAN001642,CUST014166,Education Loan,4139514,9.29,60,86513.29,2019-01-20,2027-07-03,Closed
LOAN001643,CUST001434,Gold Loan,4634929,12.36,180,56704.91,2020-04-25,2024-05-17,Closed
LOAN001644,CUST012898,Personal Loan,1492493,9.02,240,13447.55,2024-10-28,2037-08-10,Defaulted
LOAN001645,CUST002253,Car Loan,1474073,9.56,12,129292.98,2022-09-20,2034-11-25,Closed
LOAN001646,CUST011938,Gold Loan,3063384,8.11,36,96150.85,2020-04-15,2045-12-07,Active
LOAN001647,CUST006441,Home Loan,2372909,7.9,180,22539.98,2017-05-06,2034-04-15,Active
LOAN001648,CUST011120,Education Loan,1387117,10.16,24,64110.9,2024-08-13,2033-05-06,Closed
LOAN001649,CUST000648,Education Loan,1164095,10.36,180,12767.04,2020-10-03,2043-07-24,Active
LOAN001650,CUST007758,Gold Loan,528265,10.2,60,11276.13,2021-01-03,2032-03-22,Closed
LOAN001651,CUST010447,Education Loan,517790,8.34,60,10583.37,2023-05-30,2029-12-03,Defaulted
LOAN001652,CUST009862,Personal Loan,3844951,11.42,12,340576.87,2023-05-15,2036-07-17,Closed
LOAN001653,CUST007804,Home Loan,1989100,11.67,24,93327.6,2018-09-19,2028-06-26,Closed
LOAN001654,CUST017766,Personal Loan,236118,13.84,120,3643.44,2017-02-02,2024-09-15,Active
LOAN001655,CUST001322,Personal Loan,2806282,11.97,36,93168.51,2020-10-30,2026-07-11,Defaulted
LOAN001656,CUST015149,Gold Loan,3328405,9.58,60,70032.9,2017-01-03,2027-08-27,Defaulted
LOAN001657,CUST005150,Car Loan,4124863,10.39,24,191084.85,2024-07-28,2026-03-01,Defaulted
LOAN001658,CUST013021,Home Loan,833782,8.05,24,37728.72,2018-07-29,2032-06-09,Active
LOAN001659,CUST006815,Personal Loan,3340232,13.19,120,50248.28,2021-04-20,2037-04-21,Defaulted
LOAN001660,CUST008613,Education Loan,4068623,11.81,60,90114.11,2021-06-16,2037-11-03,Defaulted
LOAN001661,CUST010232,Home Loan,4043087,12.18,84,71761.31,2021-12-21,2033-04-17,Active
LOAN001662,CUST015466,Personal Loan,2818651,11.64,120,39855.04,2018-07-14,2039-03-13,Active
LOAN001663,CUST003377,Personal Loan,158709,14.15,60,3705.23,2019-01-26,2032-05-21,Active
LOAN001664,CUST013910,Home Loan,3503914,9.63,180,36864.09,2021-04-08,2030-04-23,Defaulted
LOAN001665,CUST016072,Personal Loan,4587895,8.25,240,39091.88,2024-10-10,2042-02-14,Active
LOAN001666,CUST004255,Car Loan,422554,13.02,24,20092.96,2021-11-04,2041-06-04,Active
LOAN001667,CUST002535,Car Loan,3543680,11.78,12,314487.08,2021-08-31,2030-01-31,Active
LOAN001668,CUST009535,Car Loan,647542,9.09,240,5863.64,2024-10-29,2028-04-07,Active
LOAN001669,CUST009335,Personal Loan,4389946,11.64,24,205912.75,2022-09-17,2031-07-08,Closed
LOAN001670,CUST001625,Gold Loan,4475137,10.89,36,146277.24,2025-05-27,2045-06-19,Defaulted
LOAN001671,CUST001430,Gold Loan,1356866,14.35,240,17218.91,2017-09-18,2044-05-11,Defaulted
LOAN001672,CUST003223,Gold Loan,2259082,12.27,180,27506.43,2018-08-03,2036-07-30,Closed
LOAN001673,CUST007705,Home Loan,1312085,10.92,180,14847.27,2016-11-14,2038-03-10,Defaulted
LOAN001674,CUST000218,Personal Loan,2945790,13.28,24,140435.96,2020-11-28,2021-05-18,Active
LOAN001675,CUST001863,Gold Loan,4229634,12.98,12,377739.7,2024-04-29,2034-12-16,Defaulted
LOAN001676,CUST011374,Home Loan,1405574,13.22,36,47508.42,2023-07-15,2032-08-01,Closed
LOAN001677,CUST000266,Education Loan,3809453,10.21,240,37293.64,2025-01-16,2038-06-09,Defaulted
LOAN001678,CUST001397,Personal Loan,2540658,12.8,60,57547.99,2023-01-25,2024-10-11,Defaulted
LOAN001679,CUST018792,Home Loan,3226529,13.93,12,289594.48,2018-08-30,2026-08-21,Defaulted
LOAN001680,CUST008690,Gold Loan,4180789,12.36,60,93761.7,2018-08-19,2044-07-07,Defaulted
LOAN001681,CUST015033,Gold Loan,2180060,9.69,24,100287.07,2019-08-13,2024-03-19,Closed
LOAN001682,CUST012923,Education Loan,3146372,10.37,240,31138.47,2024-02-18,2040-07-18,Defaulted
LOAN001683,CUST008765,Car Loan,4612750,12.65,36,154645.29,2020-05-22,2044-01-09,Closed
LOAN001684,CUST002880,Personal Loan,2234427,11.27,120,31121.72,2019-12-05,2027-08-21,Active
LOAN001685,CUST019215,Car Loan,1426965,11.71,60,31533.33,2017-02-27,2035-05-19,Defaulted
LOAN001686,CUST008584,Home Loan,927584,8.52,120,11510.64,2023-12-29,2029-01-27,Closed
LOAN001687,CUST017885,Car Loan,4336814,11.29,84,74919.75,2017-09-17,2034-07-10,Defaulted
LOAN001688,CUST013034,Personal Loan,3059412,8.98,60,63478.67,2021-07-26,2044-09-20,Defaulted
LOAN001689,CUST002860,Education Loan,3210645,13.28,60,73513.06,2022-09-16,2030-03-28,Defaulted
LOAN001690,CUST008362,Education Loan,2069349,14.14,12,185937.22,2018-04-07,2020-10-30,Defaulted
LOAN001691,CUST012397,Personal Loan,3675439,8.91,12,321269.19,2022-11-13,2027-04-05,Closed
LOAN001692,CUST012841,Personal Loan,3514428,14.15,12,315798.45,2018-06-03,2028-11-27,Closed
LOAN001693,CUST012808,Education Loan,432737,10.4,12,38125.01,2022-05-18,2037-06-22,Defaulted
LOAN001694,CUST013130,Car Loan,1386035,11.66,84,24216.01,2017-05-18,2028-10-22,Active
LOAN001695,CUST009689,Education Loan,1312922,10.72,24,61021.92,2022-02-13,2030-03-06,Closed
LOAN001696,CUST014863,Education Loan,2698786,13.18,120,40582.81,2024-08-13,2031-03-26,Active
LOAN001697,CUST007094,Car Loan,4636658,12.39,120,67572.1,2021-01-22,2030-06-20,Defaulted
LOAN001698,CUST006927,Car Loan,4469642,7.69,120,53499.72,2022-12-15,2032-01-22,Active
LOAN001699,CUST004348,Personal Loan,2588873,14.45,240,33042.71,2020-12-08,2025-08-15,Closed
LOAN001700,CUST017474,Gold Loan,1815893,9.35,36,58041.17,2016-12-16,2041-07-12,Active
LOAN001701,CUST012883,Education Loan,3498418,12.22,12,311190.37,2019-09-22,2028-02-23,Closed
LOAN001702,CUST001633,Car Loan,2968522,10.6,84,50206.15,2025-06-17,2040-03-10,Defaulted
LOAN001703,CUST014962,Personal Loan,1745469,13.52,120,26599.8,2017-11-25,2040-04-05,Active
LOAN001704,CUST010118,Education Loan,2877010,13.81,120,44342.23,2022-09-05,2033-02-17,Defaulted
LOAN001705,CUST003469,Gold Loan,1952877,8.46,36,61611.33,2017-03-08,2021-12-21,Closed
LOAN001706,CUST009052,Education Loan,3323377,10.34,24,153879.04,2021-11-29,2034-05-16,Defaulted
LOAN001707,CUST007607,Car Loan,3277311,13.06,84,59727.68,2023-09-04,2032-05-16,Active
LOAN001708,CUST008228,Education Loan,2130372,10.86,180,24026.79,2023-03-11,2039-05-08,Defaulted
LOAN001709,CUST017770,Home Loan,3216214,12.71,240,37017.91,2023-01-31,2025-02-26,Closed
LOAN001710,CUST009594,Education Loan,2776794,9.76,24,127827.58,2019-11-13,2034-08-29,Active
LOAN001711,CUST006473,Car Loan,3564554,9.96,60,75666.1,2019-04-03,2043-01-10,Active
LOAN001712,CUST012507,Gold Loan,3151251,9.03,120,39969.9,2021-01-12,2045-01-26,Closed
LOAN001713,CUST000388,Home Loan,604496,8.08,180,5804.83,2019-10-01,2033-03-29,Closed
LOAN001714,CUST003711,Gold Loan,2787215,9.86,180,29713.29,2019-10-09,2028-11-05,Defaulted
LOAN001715,CUST015852,Education Loan,2881219,9.57,120,37392.78,2023-04-23,2045-01-07,Closed
LOAN001716,CUST005588,Gold Loan,1221218,9.09,120,15529.42,2020-09-13,2044-03-12,Active
LOAN001717,CUST004259,Car Loan,3654333,11.17,24,170609.13,2018-07-03,2018-12-19,Defaulted
LOAN001718,CUST001036,Education Loan,4737512,11.47,24,221840.38,2024-08-08,2044-12-23,Active
LOAN001719,CUST002044,Car Loan,3440802,12.11,120,49584.56,2019-10-17,2046-06-15,Closed
LOAN001720,CUST014106,Education Loan,1193572,8.61,60,24551.28,2019-07-23,2038-03-30,Closed
LOAN001721,CUST013967,Personal Loan,1134884,8.09,240,9556.29,2024-06-21,2026-06-29,Defaulted
LOAN001722,CUST019162,Car Loan,3156052,8.62,240,27629.13,2024-08-29,2028-11-06,Active
LOAN001723,CUST002642,Car Loan,1503172,14.14,24,72271.08,2024-03-09,2031-12-02,Defaulted
LOAN001724,CUST005724,Car Loan,1641363,12.95,180,20713.25,2019-10-15,2036-08-30,Closed
LOAN001725,CUST016588,Education Loan,4171654,9.01,120,52867.33,2018-10-17,2022-03-15,Active
LOAN001726,CUST013881,Personal Loan,3371142,12.04,60,75057.35,2018-04-09,2026-11-30,Defaulted
LOAN001727,CUST001555,Personal Loan,4246736,14.23,24,204359.77,2020-02-17,2029-04-03,Closed
LOAN001728,CUST001612,Home Loan,1569038,14.47,120,24807.24,2018-11-26,2043-12-08,Active
LOAN001729,CUST018668,Home Loan,3216700,9.05,120,40834.89,2023-03-07,2031-08-09,Closed
LOAN001730,CUST001164,Gold Loan,724558,9.26,12,63451.06,2019-11-06,2026-09-16,Defaulted
LOAN001731,CUST015228,Education Loan,3177623,9.85,12,279141.91,2017-01-29,2042-10-27,Defaulted
LOAN001732,CUST013114,Gold Loan,4786584,11.69,36,158275.3,2023-08-02,2033-03-26,Closed
LOAN001733,CUST014530,Education Loan,1754048,11.64,12,155549.79,2018-05-11,2028-01-30,Active
LOAN001734,CUST002648,Education Loan,876839,9.79,60,18539.76,2020-08-05,2021-08-01,Closed
LOAN001735,CUST015261,Home Loan,146111,13.98,24,7013.83,2024-07-07,2028-01-04,Closed
LOAN001736,CUST013805,Gold Loan,4390420,10.13,240,42747.35,2022-09-22,2025-12-22,Active
LOAN001737,CUST016456,Home Loan,4177840,10.86,12,368971.66,2016-10-10,2039-04-14,Defaulted
LOAN001738,CUST003913,Education Loan,1706931,9.13,24,78082.55,2021-11-26,2037-12-08,Defaulted
LOAN001739,CUST006479,Personal Loan,566113,12.25,84,10069.29,2017-05-03,2024-04-08,Closed
LOAN001740,CUST019209,Home Loan,1681399,9.63,180,17689.72,2018-07-08,2040-09-01,Closed
LOAN001741,CUST003523,Gold Loan,3029773,11.61,24,142070.76,2018-12-01,2040-07-04,Closed
LOAN001742,CUST017959,Education Loan,1142760,9.15,240,10392.21,2025-02-02,2041-01-02,Active
LOAN001743,CUST015075,Education Loan,1241220,9.25,84,20127.92,2023-09-07,2036-08-21,Closed
LOAN001744,CUST008212,Car Loan,1196108,12.2,120,17299.25,2024-10-07,2025-01-29,Closed
LOAN001745,CUST002004,Education Loan,4132158,13.18,60,94400.48,2020-11-14,2024-03-10,Active
LOAN001746,CUST019358,Gold Loan,3948989,14.44,180,53762.81,2018-10-27,2020-08-10,Defaulted
LOAN001747,CUST007452,Personal Loan,4909334,12.44,12,437199.54,2020-05-22,2036-04-22,Defaulted
LOAN001748,CUST013275,Car Loan,981498,10.59,120,13293.35,2017-05-09,2041-03-30,Active
LOAN001749,CUST000018,Personal Loan,966178,12.7,36,32414.92,2017-03-23,2028-11-04,Defaulted
LOAN001750,CUST002021,Car Loan,275084,7.98,60,5575.08,2019-08-14,2045-12-26,Defaulted
LOAN001751,CUST006936,Education Loan,907379,8.12,60,18450.53,2017-07-30,2019-01-13,Active
LOAN001752,CUST001329,Personal Loan,786998,12.61,24,37271.31,2019-02-14,2030-04-07,Defaulted
LOAN001753,CUST001445,Education Loan,3106693,9.78,36,99923.66,2020-02-19,2041-11-27,Defaulted
LOAN001754,CUST004473,Education Loan,3858914,7.88,180,36610.96,2017-12-26,2028-08-11,Active
LOAN001755,CUST006244,Car Loan,4528921,10.59,12,399407.93,2024-09-28,2041-10-24,Active
LOAN001756,CUST000706,Personal Loan,1412535,10.81,60,30578.26,2017-03-22,2045-07-02,Defaulted
LOAN001757,CUST000279,Car Loan,1011181,12.01,240,11141.02,2021-06-14,2028-03-24,Defaulted
LOAN001758,CUST018562,Home Loan,1955450,8.07,120,23797.39,2017-07-12,2021-12-28,Defaulted
LOAN001759,CUST008676,Car Loan,2273600,10.23,180,24753.13,2017-12-15,2024-05-24,Active
LOAN001760,CUST016600,Gold Loan,2727929,12.3,180,33268.08,2025-04-07,2025-06-01,Defaulted
LOAN001761,CUST014324,Gold Loan,3930003,13.55,240,47591.31,2021-07-06,2031-04-13,Defaulted
LOAN001762,CUST013366,Home Loan,1994246,9.89,12,175223.9,2019-07-21,2037-09-18,Closed
LOAN001763,CUST000274,Personal Loan,3615580,9.0,24,165176.84,2020-01-08,2044-03-21,Defaulted
LOAN001764,CUST005145,Gold Loan,4307728,8.5,84,68219.27,2022-12-12,2045-02-13,Closed
LOAN001765,CUST008617,Car Loan,1724103,13.44,60,39618.07,2019-12-21,2037-08-22,Defaulted
LOAN001766,CUST000514,Car Loan,1101841,8.38,12,96041.12,2017-12-17,2043-03-02,Closed
LOAN001767,CUST016470,Gold Loan,2050121,11.66,120,29011.74,2022-05-09,2032-03-11,Defaulted
LOAN001768,CUST005103,Education Loan,4374352,12.47,84,78323.06,2019-10-13,2023-08-06,Closed
LOAN001769,CUST005035,Gold Loan,2704545,8.9,240,24159.83,2017-06-26,2045-06-25,Active
LOAN001770,CUST014399,Gold Loan,3975077,12.85,240,46146.92,2024-12-12,2034-11-10,Closed
LOAN001771,CUST004085,Home Loan,678136,8.16,24,30719.76,2019-10-11,2035-06-29,Closed
LOAN001772,CUST010874,Gold Loan,4779646,14.25,180,64457.33,2016-08-25,2032-08-11,Closed
LOAN001773,CUST011218,Gold Loan,1816906,11.79,60,40223.53,2021-04-08,2042-01-15,Active
LOAN001774,CUST002406,Home Loan,2175856,9.28,180,22432.87,2021-01-27,2028-10-05,Active
LOAN001775,CUST017609,Home Loan,2551577,11.53,180,29855.94,2023-03-03,2028-05-23,Active
LOAN001776,CUST007517,Car Loan,915494,9.47,24,42021.81,2021-09-10,2044-10-13,Active
LOAN001777,CUST008853,Home Loan,543592,10.61,24,25237.33,2018-10-16,2021-10-18,Closed
LOAN001778,CUST009982,Gold Loan,3998149,8.2,240,33941.48,2022-12-26,2025-10-14,Closed
LOAN001779,CUST010405,Gold Loan,3611087,9.14,120,46017.78,2025-05-27,2027-11-27,Closed
LOAN001780,CUST018224,Home Loan,3682605,13.3,84,67595.9,2020-01-08,2032-10-01,Active
LOAN001781,CUST013593,Education Loan,2805499,11.95,240,30793.22,2022-12-18,2035-05-04,Closed
LOAN001782,CUST016179,Gold Loan,122310,10.96,120,1682.05,2020-12-16,2026-02-27,Defaulted
LOAN001783,CUST005349,Car Loan,1049343,8.4,12,91474.89,2017-11-02,2020-01-21,Closed
LOAN001784,CUST004029,Personal Loan,2836923,9.53,36,90914.8,2020-01-08,2042-10-04,Active
LOAN001785,CUST009417,Education Loan,4005804,13.88,240,49464.27,2023-10-25,2031-06-05,Active
LOAN001786,CUST012045,Personal Loan,3906554,12.97,84,71004.19,2021-07-28,2040-03-24,Defaulted
LOAN001787,CUST003459,Gold Loan,4450742,8.93,36,141387.45,2021-12-23,2023-03-07,Defaulted
LOAN001788,CUST002200,Gold Loan,4951669,9.55,12,434294.72,2022-11-18,2028-12-29,Active
LOAN001789,CUST007763,Home Loan,1102938,13.87,12,98962.17,2022-09-22,2044-07-23,Closed
LOAN001790,CUST001428,Education Loan,4243837,13.57,240,51452.9,2024-12-22,2034-02-16,Closed
LOAN001791,CUST009925,Education Loan,798631,10.7,240,8080.95,2022-06-22,2037-07-14,Active
LOAN001792,CUST008919,Gold Loan,2640833,8.81,240,23438.52,2020-02-10,2035-06-23,Active
LOAN001793,CUST017505,Education Loan,2550626,10.57,84,43098.4,2016-09-12,2018-04-01,Closed
LOAN001794,CUST003821,Car Loan,754914,10.61,240,7592.77,2023-01-04,2023-06-10,Defaulted
LOAN001795,CUST006127,Gold Loan,4498836,7.76,84,69583.1,2023-08-16,2042-05-03,Active
LOAN001796,CUST014517,Car Loan,2458295,10.67,60,53045.61,2018-02-17,2039-07-17,Defaulted
LOAN001797,CUST009772,Education Loan,2266954,12.08,240,25087.67,2023-06-18,2028-01-16,Active
LOAN001798,CUST015573,Car Loan,288663,9.71,24,13281.73,2021-08-12,2033-02-10,Closed
LOAN001799,CUST014593,Education Loan,4944706,10.5,60,106281.02,2019-11-27,2035-01-19,Closed
LOAN001800,CUST011019,Personal Loan,1227740,10.34,24,56846.83,2020-05-13,2042-10-03,Closed
LOAN001801,CUST006847,Gold Loan,4529600,7.72,240,37101.89,2021-04-24,2029-08-05,Defaulted
LOAN001802,CUST003586,Home Loan,3014179,11.76,60,66683.76,2018-05-23,2020-03-18,Active
LOAN001803,CUST011859,Car Loan,4672089,10.31,120,62546.81,2018-07-25,2039-02-16,Active
LOAN001804,CUST013886,Gold Loan,300248,11.88,60,6660.66,2022-11-15,2033-05-22,Defaulted
LOAN001805,CUST014995,Home Loan,3431935,13.46,180,44466.19,2017-07-03,2045-04-20,Defaulted
LOAN001806,CUST010512,Car Loan,4496134,12.8,240,52036.32,2023-03-10,2027-11-21,Active
LOAN001807,CUST008995,Home Loan,3706713,7.77,120,44523.44,2021-06-11,2034-01-18,Defaulted
LOAN001808,CUST016382,Gold Loan,842687,8.11,180,8106.76,2024-09-20,2033-10-05,Closed
LOAN001809,CUST015342,Gold Loan,4076852,9.04,240,36785.44,2019-01-28,2021-06-25,Closed
LOAN001810,CUST015566,Education Loan,3883440,8.96,24,177342.69,2025-07-08,2032-09-19,Defaulted
LOAN001811,CUST006463,Car Loan,2883530,10.78,84,49040.14,2016-12-07,2040-08-04,Closed
LOAN001812,CUST014003,Home Loan,4857892,13.93,120,75222.43,2024-06-21,2036-01-30,Defaulted
LOAN001813,CUST011192,Education Loan,2880000,11.32,60,63078.77,2018-02-18,2020-12-30,Defaulted
LOAN001814,CUST008055,Home Loan,3157579,12.29,24,149066.19,2020-09-12,2036-04-08,Closed
LOAN001815,CUST006162,Education Loan,2579825,10.44,240,25652.56,2024-08-18,2025-04-07,Defaulted
LOAN001816,CUST006424,Education Loan,1297613,7.7,36,40483.13,2023-10-13,2045-07-25,Defaulted
LOAN001817,CUST004179,Car Loan,795487,14.32,240,10077.46,2023-10-26,2038-11-28,Defaulted
LOAN001818,CUST002930,Car Loan,2734139,10.71,180,30580.07,2025-05-11,2028-10-01,Closed
LOAN001819,CUST019374,Education Loan,816693,14.01,180,10881.73,2022-01-31,2037-11-07,Active
LOAN001820,CUST001706,Home Loan,3355011,8.16,60,68284.72,2021-04-15,2040-10-29,Closed
LOAN001821,CUST017295,Home Loan,4856969,13.24,120,73208.92,2023-04-07,2024-03-05,Defaulted
LOAN001822,CUST019999,Education Loan,4987925,10.02,84,82857.01,2020-02-17,2025-03-17,Closed
LOAN001823,CUST017889,Personal Loan,3135457,9.49,60,65835.11,2025-02-19,2046-05-23,Active
LOAN001824,CUST017802,Home Loan,3939965,9.46,12,345396.78,2018-06-24,2028-10-27,Closed
LOAN001825,CUST008338,Car Loan,4317585,12.77,36,144998.65,2022-03-16,2028-02-03,Defaulted
LOAN001826,CUST005020,Home Loan,1852172,12.43,24,87560.56,2017-06-24,2025-08-19,Active
LOAN001827,CUST000477,Home Loan,4574836,8.82,84,73187.67,2023-12-25,2041-09-06,Active
LOAN001828,CUST017093,Personal Loan,3017241,11.51,12,267387.07,2018-03-17,2031-09-14,Closed
LOAN001829,CUST008878,Personal Loan,4073133,11.75,240,44140.83,2020-05-05,2026-01-07,Closed
LOAN001830,CUST016069,Education Loan,3108521,9.68,180,32798.42,2017-11-01,2023-04-18,Active
LOAN001831,CUST004601,Personal Loan,4898294,8.92,12,428181.35,2018-05-25,2025-09-18,Active
LOAN001832,CUST002236,Gold Loan,285428,11.5,120,4012.99,2023-10-10,2028-08-16,Defaulted
LOAN001833,CUST009998,Personal Loan,4722250,10.4,240,46829.21,2019-12-25,2020-11-24,Closed
LOAN001834,CUST007251,Personal Loan,3706036,9.64,84,60837.42,2024-09-03,2031-01-18,Active
LOAN001835,CUST013362,Education Loan,3710363,11.84,60,82235.29,2022-04-05,2033-06-08,Closed
LOAN001836,CUST019776,Gold Loan,1555157,8.72,240,13713.33,2023-03-05,2031-02-24,Defaulted
LOAN001837,CUST011908,Home Loan,246885,9.35,180,2555.74,2019-09-29,2029-08-10,Defaulted
LOAN001838,CUST006336,Personal Loan,4431537,13.3,120,66954.06,2022-09-16,2038-08-30,Defaulted
LOAN001839,CUST019664,Home Loan,4291149,13.35,84,78883.26,2018-10-16,2037-08-25,Defaulted
LOAN001840,CUST018376,Gold Loan,2010061,10.0,240,19397.52,2019-09-20,2028-03-15,Closed
LOAN001841,CUST017673,Home Loan,3858571,10.24,240,37851.67,2017-03-03,2026-10-04,Closed
LOAN001842,CUST008834,Car Loan,3597372,9.39,36,115049.55,2021-12-21,2028-10-10,Closed
LOAN001843,CUST008029,Personal Loan,4590561,11.25,60,100383.21,2023-07-22,2038-03-29,Defaulted
LOAN001844,CUST002827,Home Loan,3631714,7.76,24,163855.35,2024-07-26,2031-05-28,Closed
LOAN001845,CUST004635,Car Loan,1502226,8.65,180,14925.39,2025-07-20,2026-07-16,Closed
LOAN001846,CUST004287,Home Loan,2493078,10.77,120,34018.37,2021-07-02,2041-01-04,Active
LOAN001847,CUST009560,Personal Loan,807716,11.6,84,14086.19,2022-09-15,2045-10-19,Defaulted
LOAN001848,CUST003069,Gold Loan,1261272,7.8,60,25453.49,2023-09-16,2046-01-28,Closed
LOAN001849,CUST018081,Home Loan,4719273,12.37,60,105862.13,2023-04-02,2037-03-14,Closed
LOAN001850,CUST003112,Home Loan,3470312,9.19,12,303789.76,2024-09-23,2030-05-06,Closed
LOAN001851,CUST003214,Car Loan,3133265,8.96,12,273950.54,2019-02-23,2033-09-07,Active
LOAN001852,CUST000971,Education Loan,1096421,12.54,120,16074.61,2021-03-30,2039-01-31,Defaulted
LOAN001853,CUST019535,Car Loan,460787,8.43,180,4518.66,2021-01-30,2033-10-24,Active
LOAN001854,CUST002035,Car Loan,4960747,10.82,36,161985.96,2020-11-28,2026-02-01,Active
LOAN001855,CUST010352,Personal Loan,3505910,14.28,240,44311.48,2020-10-15,2044-11-27,Defaulted
LOAN001856,CUST018556,Education Loan,3309887,10.03,240,32006.94,2025-07-27,2032-10-25,Active
LOAN001857,CUST007669,Home Loan,907257,9.82,240,8647.3,2016-10-12,2041-10-23,Closed
LOAN001858,CUST003573,Personal Loan,4255444,10.37,120,57111.51,2022-05-06,2028-12-06,Active
LOAN001859,CUST015018,Car Loan,3170182,13.27,120,47840.42,2024-09-01,2030-03-01,Active
LOAN001860,CUST016511,Gold Loan,2917085,9.38,24,133775.45,2021-04-02,2025-02-27,Closed
LOAN001861,CUST017908,Personal Loan,724326,7.69,180,6793.03,2018-01-27,2042-12-13,Closed
LOAN001862,CUST009092,Gold Loan,204779,8.73,24,9329.93,2019-11-09,2027-01-18,Closed
LOAN001863,CUST018988,Education Loan,883384,10.14,180,9568.69,2025-07-11,2029-07-30,Defaulted
LOAN001864,CUST019221,Car Loan,2518903,7.94,36,78863.56,2025-05-29,2035-10-21,Closed
LOAN001865,CUST008577,Personal Loan,3846920,9.57,60,80924.14,2021-05-21,2031-07-01,Closed
LOAN001866,CUST006757,Car Loan,1802272,11.82,180,21422.02,2020-05-25,2024-05-01,Closed
LOAN001867,CUST019138,Personal Loan,1111609,11.49,36,36651.14,2019-09-27,2020-08-24,Active
LOAN001868,CUST008772,Home Loan,733798,14.45,24,35387.95,2024-10-26,2036-04-05,Defaulted
LOAN001869,CUST016384,Education Loan,3411278,9.64,240,32110.1,2020-09-25,2024-02-17,Defaulted
LOAN001870,CUST011805,Home Loan,986513,8.45,120,12204.98,2025-05-09,2041-12-27,Closed
LOAN001871,CUST015469,Car Loan,4924246,7.97,120,59666.66,2021-02-11,2034-03-23,Active
LOAN001872,CUST009126,Personal Loan,1291678,11.98,60,28719.61,2023-12-31,2042-04-08,Active
LOAN001873,CUST003367,Personal Loan,378428,8.24,12,32960.87,2023-08-04,2034-04-21,Closed
LOAN001874,CUST018261,Car Loan,1067197,10.2,60,22779.95,2024-11-11,2043-11-05,Defaulted
LOAN001875,CUST017067,Car Loan,564563,12.05,24,26589.12,2022-03-19,2025-12-04,Defaulted
LOAN001876,CUST013411,Education Loan,2133423,7.88,36,66735.68,2023-01-12,2044-09-27,Active
LOAN001877,CUST014098,Home Loan,3045359,8.34,180,29703.92,2023-10-20,2034-03-03,Closed
LOAN001878,CUST016659,Home Loan,1865408,8.09,84,29158.36,2016-10-28,2021-12-11,Defaulted
LOAN001879,CUST012190,Education Loan,2173283,10.27,36,70401.54,2024-04-07,2045-01-16,Defaulted
LOAN001880,CUST019292,Gold Loan,2944478,12.45,180,36195.59,2017-04-20,2046-04-02,Active
LOAN001881,CUST000734,Education Loan,3592752,7.59,24,161819.45,2024-08-03,2027-03-22,Defaulted
LOAN001882,CUST014533,Car Loan,4400090,11.07,24,205221.71,2025-04-26,2028-12-03,Closed
LOAN001883,CUST018894,Gold Loan,1756934,10.88,24,81789.05,2025-01-04,2032-05-06,Active
LOAN001884,CUST016471,Gold Loan,3538991,9.78,12,310771.54,2024-03-30,2033-08-13,Closed
LOAN001885,CUST018032,Car Loan,3571194,10.8,12,315294.99,2024-01-01,2025-09-10,Defaulted
LOAN001886,CUST002949,Car Loan,2687506,7.99,180,25667.69,2023-05-07,2039-04-08,Closed
LOAN001887,CUST018780,Car Loan,4471272,13.4,180,57754.31,2023-09-21,2034-07-23,Defaulted
LOAN001888,CUST006585,Home Loan,914924,10.27,120,12228.0,2018-06-30,2030-03-22,Closed
LOAN001889,CUST005554,Home Loan,4500209,12.13,12,400111.85,2016-09-12,2017-05-21,Defaulted
LOAN001890,CUST002118,Home Loan,4628939,12.21,60,103460.09,2017-12-21,2042-12-16,Active
LOAN001891,CUST016244,Personal Loan,766776,10.66,36,24979.98,2025-05-31,2036-01-20,Closed
LOAN001892,CUST018726,Education Loan,2533027,8.79,12,221270.35,2017-05-09,2032-08-23,Active
LOAN001893,CUST015977,Gold Loan,223808,9.97,180,2400.95,2020-03-17,2024-02-08,Defaulted
LOAN001894,CUST013790,Home Loan,763692,12.13,24,35996.01,2016-09-16,2041-09-30,Defaulted
LOAN001895,CUST016942,Gold Loan,4691583,7.67,120,56107.07,2022-11-05,2044-03-25,Active
LOAN001896,CUST003861,Car Loan,1344742,14.22,84,25364.19,2021-09-02,2044-01-23,Closed
LOAN001897,CUST004795,Car Loan,2132491,13.07,36,71923.97,2018-05-05,2038-10-06,Active
LOAN001898,CUST006071,Personal Loan,167692,14.31,36,5756.6,2022-10-04,2030-09-27,Active
LOAN001899,CUST018241,Car Loan,1197353,10.28,120,16009.34,2019-06-21,2022-08-01,Defaulted
LOAN001900,CUST011092,Gold Loan,2538919,11.4,12,224867.86,2019-06-24,2043-02-15,Active
LOAN001901,CUST012835,Education Loan,3468681,13.63,12,310839.32,2023-08-29,2036-12-01,Active
LOAN001902,CUST016484,Home Loan,3935213,8.77,60,81249.98,2023-09-13,2038-01-16,Closed
LOAN001903,CUST018295,Personal Loan,4553502,8.42,12,396986.79,2019-08-22,2033-07-04,Active
LOAN001904,CUST005032,Car Loan,3695234,9.89,12,324680.76,2020-10-08,2022-10-22,Defaulted
LOAN001905,CUST016945,Gold Loan,2083103,8.57,180,20598.7,2024-09-11,2030-02-05,Defaulted
LOAN001906,CUST003243,Personal Loan,418871,11.03,240,4332.09,2020-03-31,2044-12-08,Defaulted
LOAN001907,CUST006142,Education Loan,4856043,10.86,84,82790.26,2021-06-08,2023-01-16,Closed
LOAN001908,CUST016267,Education Loan,1039602,9.62,36,33359.87,2022-04-01,2029-10-19,Defaulted
LOAN001909,CUST007269,Car Loan,2386724,7.55,24,107455.88,2021-11-12,2040-11-12,Active
LOAN001910,CUST011466,Education Loan,4895947,11.63,180,57599.22,2022-02-11,2031-02-11,Defaulted
LOAN001911,CUST004376,Education Loan,4406234,13.54,60,101477.59,2020-12-30,2029-07-09,Defaulted
LOAN001912,CUST006282,Personal Loan,1596293,11.22,60,34882.67,2025-02-26,2041-03-15,Closed
LOAN001913,CUST001442,Home Loan,2240173,8.68,60,46155.17,2022-11-15,2037-09-04,Active
LOAN001914,CUST002387,Gold Loan,3309072,12.97,24,157272.69,2020-06-15,2036-01-18,Defaulted
LOAN001915,CUST006046,Car Loan,2480028,8.65,12,216479.8,2020-10-11,2032-02-08,Active
LOAN001916,CUST018569,Personal Loan,1360729,7.93,60,27545.11,2016-12-07,2018-02-28,Active
LOAN001917,CUST003700,Car Loan,3558443,7.61,60,71490.05,2022-04-14,2034-04-09,Defaulted
LOAN001918,CUST007560,Car Loan,4087552,8.62,60,84098.99,2017-04-28,2020-07-19,Closed
LOAN001919,CUST017574,Education Loan,4158508,11.43,180,48394.36,2022-03-27,2028-10-17,Closed
LOAN001920,CUST003799,Car Loan,246228,11.54,24,11537.98,2018-03-12,2028-05-04,Closed
LOAN001921,CUST002215,Education Loan,2709711,13.26,120,40875.5,2025-02-23,2042-11-22,Closed
LOAN001922,CUST010448,Gold Loan,2812328,12.74,240,32429.04,2021-09-21,2025-09-22,Defaulted
LOAN001923,CUST003822,Personal Loan,3111938,7.59,60,62490.03,2018-02-02,2026-01-05,Closed
LOAN001924,CUST012610,Gold Loan,4884117,13.5,12,437382.58,2016-12-23,2044-09-28,Defaulted
LOAN001925,CUST018006,Car Loan,4983713,10.59,84,84262.74,2019-10-28,2041-08-27,Closed
LOAN001926,CUST007404,Home Loan,2196582,12.6,24,104017.29,2017-03-28,2035-04-03,Active
LOAN001927,CUST013401,Car Loan,4639055,9.04,240,41858.2,2024-02-21,2045-04-27,Defaulted
LOAN001928,CUST007595,Education Loan,2961401,12.31,12,263546.55,2018-01-16,2027-08-07,Defaulted
LOAN001929,CUST004266,Education Loan,2436827,8.36,60,49830.97,2023-03-02,2027-07-25,Closed
LOAN001930,CUST017201,Personal Loan,444152,11.69,180,5242.31,2018-04-12,2033-09-19,Closed
LOAN001931,CUST016581,Personal Loan,2867056,12.89,120,42622.41,2024-04-25,2027-12-09,Active
LOAN001932,CUST012263,Personal Loan,4799553,10.42,36,155816.21,2017-06-12,2038-07-26,Active
LOAN001933,CUST007590,Car Loan,1657348,13.4,60,38049.99,2020-04-05,2033-01-16,Closed
LOAN001934,CUST007454,Personal Loan,2661450,11.95,240,29212.14,2017-02-23,2030-06-19,Closed
LOAN001935,CUST005771,Education Loan,3537119,13.17,24,168443.66,2025-06-10,2036-10-25,Defaulted
LOAN001936,CUST009368,Education Loan,3076431,10.9,36,100572.78,2023-03-07,2041-06-05,Defaulted
LOAN001937,CUST006003,Education Loan,3968771,13.78,120,61097.8,2021-09-21,2030-11-20,Closed
LOAN001938,CUST006707,Education Loan,2099823,13.2,24,100026.79,2019-09-20,2021-07-14,Defaulted
LOAN001939,CUST004744,Personal Loan,4601378,11.89,36,152589.96,2022-12-17,2038-07-31,Active
LOAN001940,CUST008189,Education Loan,1421100,8.6,12,124013.85,2020-06-27,2039-04-21,Defaulted
LOAN001941,CUST002146,Car Loan,3652083,12.13,36,121528.3,2022-09-08,2026-12-26,Defaulted
LOAN001942,CUST002795,Home Loan,1459531,10.09,180,15764.65,2017-08-29,2034-02-22,Defaulted
LOAN001943,CUST000922,Gold Loan,4231656,12.69,12,377344.8,2022-12-01,2035-05-06,Active
LOAN001944,CUST001087,Personal Loan,4295669,8.19,180,41524.21,2021-04-07,2039-01-10,Active
LOAN001945,CUST012643,Car Loan,4479950,9.36,84,72899.43,2022-02-12,2028-10-22,Defaulted
LOAN001946,CUST001839,Education Loan,872739,13.83,120,13461.64,2019-06-30,2038-12-19,Active
LOAN001947,CUST013619,Gold Loan,2792238,13.46,24,133352.19,2016-10-15,2039-09-28,Active
LOAN001948,CUST007304,Home Loan,2543305,12.85,120,37749.59,2023-10-01,2027-08-18,Closed
LOAN001949,CUST010049,Car Loan,1546631,10.06,24,71412.01,2024-09-22,2045-05-10,Closed
LOAN001950,CUST000978,Home Loan,3508994,9.04,12,306931.8,2020-04-15,2031-11-02,Closed
LOAN001951,CUST006660,Gold Loan,1603210,14.3,12,144174.0,2022-06-25,2029-12-07,Active
LOAN001952,CUST016021,Car Loan,4517473,11.88,120,64499.62,2019-04-23,2042-10-19,Closed
LOAN001953,CUST010441,Education Loan,1234084,14.17,120,19287.52,2023-03-22,2030-06-23,Closed
LOAN001954,CUST014877,Car Loan,486587,11.54,24,22800.95,2022-09-26,2036-02-07,Defaulted
LOAN001955,CUST000652,Personal Loan,4566924,9.87,240,43679.18,2021-08-23,2027-02-28,Active
LOAN001956,CUST007199,Education Loan,2193960,12.07,84,38811.57,2016-10-10,2043-08-16,Closed
LOAN001957,CUST005275,Education Loan,641215,10.55,120,8670.2,2023-07-07,2028-02-05,Active
LOAN001958,CUST019319,Gold Loan,2424545,8.02,24,109677.72,2019-08-19,2041-09-17,Defaulted
LOAN001959,CUST001363,Personal Loan,4715064,10.8,36,153918.95,2025-03-27,2044-02-25,Defaulted
LOAN001960,CUST009843,Home Loan,4538792,12.85,24,215462.8,2023-04-14,2026-01-16,Closed
LOAN001961,CUST004820,Personal Loan,1922612,14.01,120,29863.27,2017-02-17,2038-08-06,Closed
LOAN001962,CUST004220,Education Loan,4325351,10.18,12,380629.27,2024-05-13,2043-04-19,Closed
LOAN001963,CUST006880,Education Loan,520397,13.41,60,11950.14,2023-03-20,2044-05-20,Defaulted
LOAN001964,CUST008655,Car Loan,611849,9.97,120,8075.47,2020-08-13,2044-08-11,Defaulted
LOAN001965,CUST003475,Gold Loan,1591018,10.37,84,26717.94,2021-12-20,2027-06-08,Closed
LOAN001966,CUST017188,Personal Loan,1543537,13.55,12,138263.13,2021-12-03,2023-10-09,Closed
LOAN001967,CUST005117,Education Loan,4793968,12.19,12,426364.47,2018-12-01,2024-03-25,Defaulted
LOAN001968,CUST007976,Home Loan,4854919,8.71,240,42779.61,2024-07-17,2037-08-17,Defaulted
LOAN001969,CUST007518,Personal Loan,4891536,11.0,240,50489.87,2024-04-20,2036-02-04,Defaulted
LOAN001970,CUST014237,Home Loan,2567153,9.87,24,118307.11,2025-04-02,2046-01-13,Active
LOAN001971,CUST005439,Gold Loan,2280929,8.12,180,21956.05,2020-06-14,2022-04-10,Active
LOAN001972,CUST001289,Education Loan,2398729,9.69,240,22657.75,2021-01-06,2041-09-14,Defaulted
LOAN001973,CUST018034,Gold Loan,1798209,10.91,240,18450.89,2025-03-05,2038-10-19,Active
LOAN001974,CUST008547,Gold Loan,1153823,14.27,240,14574.84,2020-01-04,2040-11-30,Defaulted
LOAN001975,CUST011800,Personal Loan,2839560,7.58,120,33824.76,2020-01-04,2038-12-18,Defaulted
LOAN001976,CUST010173,Personal Loan,4692972,11.6,36,154978.76,2020-06-22,2026-03-28,Active
LOAN001977,CUST017224,Gold Loan,2370655,13.39,36,80322.79,2016-09-07,2032-03-05,Defaulted
LOAN001978,CUST010978,Home Loan,2343444,13.35,84,43079.02,2024-02-20,2037-07-13,Closed
LOAN001979,CUST018614,Gold Loan,2256874,12.31,36,75295.11,2018-05-17,2028-11-21,Active
LOAN001980,CUST005551,Car Loan,2661408,13.54,84,49200.98,2018-09-14,2031-06-06,Active
LOAN001981,CUST018158,Home Loan,1146516,14.19,84,21606.24,2019-10-28,2027-06-12,Defaulted
LOAN001982,CUST017799,Gold Loan,1276341,10.57,36,41526.34,2017-08-29,2036-12-12,Active
LOAN001983,CUST006881,Personal Loan,2030693,8.84,12,177436.47,2021-04-04,2033-12-01,Defaulted
LOAN001984,CUST011861,Gold Loan,2491453,12.03,120,35788.33,2017-07-07,2045-07-22,Active
LOAN001985,CUST002989,Education Loan,4597390,13.1,180,58470.95,2018-01-03,2046-04-26,Closed
LOAN001986,CUST014675,Home Loan,785971,7.86,240,6505.86,2024-09-09,2045-07-22,Defaulted
LOAN001987,CUST005955,Car Loan,1514921,12.57,60,34136.56,2017-02-23,2017-12-21,Defaulted
LOAN001988,CUST003264,Gold Loan,135608,13.03,12,12114.05,2022-07-23,2035-06-20,Defaulted
LOAN001989,CUST000328,Education Loan,1017784,12.54,240,11592.17,2019-11-09,2020-10-12,Active
LOAN001990,CUST006425,Gold Loan,2485108,9.89,180,26538.11,2022-08-03,2030-09-05,Defaulted
LOAN001991,CUST009615,Car Loan,4349250,13.8,36,148224.93,2018-12-21,2024-11-06,Active
LOAN001992,CUST017063,Education Loan,724138,11.6,180,8505.4,2017-02-02,2025-10-11,Active
LOAN001993,CUST007718,Gold Loan,3183091,9.82,84,52547.51,2023-09-08,2033-06-10,Active
LOAN001994,CUST017131,Car Loan,1681634,12.51,240,19117.58,2021-03-11,2023-11-11,Closed
LOAN001995,CUST001808,Car Loan,168104,11.44,60,3691.98,2022-04-07,2025-08-09,Closed
LOAN001996,CUST005023,Home Loan,1594995,12.28,240,17874.61,2022-06-11,2031-03-31,Closed
LOAN001997,CUST010014,Personal Loan,4123188,10.51,180,45603.24,2022-02-01,2028-10-12,Active
LOAN001998,CUST013928,Car Loan,3189782,10.45,24,147855.64,2017-05-20,2023-05-23,Closed
LOAN001999,CUST009561,Car Loan,2102906,12.81,180,26344.49,2018-10-18,2045-03-07,Active
LOAN002000,CUST017324,Car Loan,4923577,12.98,12,439714.29,2022-04-13,2034-04-08,Active
LOAN002001,CUST016271,Gold Loan,3911979,7.89,12,340097.98,2025-01-06,2042-07-08,Closed
LOAN002002,CUST001384,Gold Loan,2650235,13.81,60,61405.59,2016-08-07,2017-07-17,Active
LOAN002003,CUST003473,Gold Loan,1700647,14.36,240,21594.0,2019-07-05,2038-09-28,Defaulted
LOAN002004,CUST019901,Gold Loan,2198919,14.16,24,105742.73,2017-07-23,2043-12-12,Active
LOAN002005,CUST002151,Home Loan,4879756,8.95,240,43747.64,2018-08-26,2042-01-12,Active
LOAN002006,CUST005503,Education Loan,4399420,14.3,24,211852.88,2016-10-19,2045-02-23,Defaulted
LOAN002007,CUST011336,Home Loan,4156524,8.26,12,362069.36,2017-04-10,2037-03-10,Closed
LOAN002008,CUST015217,Home Loan,396069,12.94,36,13333.69,2025-06-04,2028-03-01,Active
LOAN002009,CUST009712,Car Loan,1323851,8.64,60,27250.24,2023-12-17,2033-09-07,Active
LOAN002010,CUST002753,Gold Loan,1070777,13.55,84,19801.14,2017-03-01,2023-08-09,Defaulted
LOAN002011,CUST001713,Personal Loan,591565,12.18,60,13212.91,2024-04-24,2041-04-19,Active
LOAN002012,CUST013656,Education Loan,4298982,13.93,24,206264.39,2017-11-25,2039-06-30,Defaulted
LOAN002013,CUST014690,Personal Loan,3670856,10.97,12,324384.98,2022-08-06,2029-06-08,Closed
LOAN002014,CUST018180,Home Loan,4431483,10.13,84,73865.87,2024-10-13,2026-02-12,Active
LOAN002015,CUST011751,Education Loan,4198501,13.79,84,78193.71,2018-11-24,2022-01-25,Active
LOAN002016,CUST016657,Gold Loan,2466380,9.98,60,52379.02,2022-09-20,2023-05-19,Active
LOAN002017,CUST013349,Car Loan,3354833,13.93,36,114546.21,2023-07-03,2038-07-18,Defaulted
LOAN002018,CUST014130,Personal Loan,193964,12.05,60,4319.52,2023-12-22,2042-08-30,Defaulted
LOAN002019,CUST014728,Personal Loan,1591488,13.67,36,54138.56,2019-03-28,2042-03-26,Closed
LOAN002020,CUST019674,Home Loan,1683077,12.45,60,37822.97,2020-06-16,2020-12-21,Active
LOAN002021,CUST004526,Home Loan,4731570,13.16,12,422966.21,2020-07-05,2024-09-26,Closed
LOAN002022,CUST000170,Personal Loan,123500,10.62,120,1674.76,2024-09-06,2040-01-11,Active
LOAN002023,CUST004673,Car Loan,3670514,12.02,84,64833.87,2018-05-13,2019-10-27,Defaulted
LOAN002024,CUST006502,Gold Loan,1216945,12.74,36,40851.45,2020-03-18,2023-10-22,Closed
LOAN002025,CUST002879,Personal Loan,3919837,11.37,180,45467.69,2025-04-10,2036-12-31,Active
LOAN002026,CUST006064,Education Loan,2623845,13.25,240,31208.82,2016-09-25,2034-07-24,Closed
LOAN002027,CUST017288,Education Loan,2246086,10.68,12,198177.7,2023-12-27,2034-06-25,Active
LOAN002028,CUST011956,Car Loan,691863,13.94,60,16076.93,2018-04-08,2039-01-05,Closed
LOAN002029,CUST010952,Home Loan,677206,10.2,36,21915.18,2017-02-24,2025-03-25,Defaulted
LOAN002030,CUST010390,Personal Loan,490971,10.19,60,10477.64,2018-02-09,2042-02-12,Defaulted
LOAN002031,CUST013658,Car Loan,4573498,11.32,60,100170.35,2018-08-03,2040-01-23,Defaulted
LOAN002032,CUST006137,Personal Loan,3096663,12.85,60,70221.05,2025-04-18,2026-02-14,Defaulted
LOAN002033,CUST010302,Education Loan,3832110,9.6,120,49796.62,2022-07-25,2027-08-17,Active
LOAN002034,CUST005938,Gold Loan,3185472,12.36,180,38971.88,2017-07-22,2033-05-06,Closed
LOAN002035,CUST011885,Home Loan,1556688,8.38,24,70674.88,2022-05-08,2032-05-25,Defaulted
LOAN002036,CUST012295,Gold Loan,4759694,8.74,84,75952.54,2023-03-26,2029-08-15,Closed
LOAN002037,CUST003324,Car Loan,1973365,11.23,180,22715.03,2021-05-01,2023-10-24,Active
LOAN002038,CUST014830,Car Loan,3509892,13.92,60,81523.55,2017-01-26,2019-04-15,Defaulted
LOAN002039,CUST003471,Car Loan,156727,8.48,24,7122.7,2019-10-24,2042-07-27,Defaulted
LOAN002040,CUST013399,Gold Loan,2562831,11.37,36,84353.57,2024-01-30,2046-08-01,Defaulted
LOAN002041,CUST012786,Personal Loan,335994,13.28,120,5072.39,2021-08-13,2021-11-18,Defaulted
LOAN002042,CUST016972,Home Loan,3763296,9.22,12,329489.85,2022-05-30,2032-01-20,Closed
LOAN002043,CUST010382,Gold Loan,4758511,12.7,60,107541.37,2022-01-26,2038-10-11,Closed
LOAN002044,CUST018247,Gold Loan,3148358,8.33,240,26984.38,2020-09-19,2045-05-13,Closed
LOAN002045,CUST005569,Car Loan,520583,12.64,240,5966.01,2017-03-03,2033-01-19,Closed
LOAN002046,CUST000138,Car Loan,1245808,9.51,84,20367.84,2017-02-03,2032-03-22,Closed
LOAN002047,CUST007030,Car Loan,3904932,11.55,180,45741.22,2024-09-26,2034-03-18,Closed
LOAN002048,CUST009424,Home Loan,4763626,12.34,60,106784.5,2022-06-13,2040-10-06,Active
LOAN002049,CUST009842,Personal Loan,2579322,9.61,36,82755.98,2022-10-16,2043-12-03,Active
LOAN002050,CUST005226,Gold Loan,2967283,8.05,60,60236.83,2019-06-25,2035-08-10,Active
LOAN002051,CUST012713,Car Loan,1431187,8.86,12,125066.52,2019-04-04,2028-08-20,Defaulted
LOAN002052,CUST009752,Gold Loan,2946676,13.49,12,263866.97,2022-02-12,2037-12-20,Closed
LOAN002053,CUST007766,Personal Loan,542308,13.0,84,9865.65,2024-09-15,2037-07-03,Defaulted
LOAN002054,CUST008049,Education Loan,788716,9.89,240,7553.89,2021-03-24,2029-11-19,Closed
LOAN002055,CUST002141,Car Loan,4314386,7.65,60,86759.3,2019-04-03,2045-01-15,Closed
LOAN002056,CUST003001,Education Loan,4926415,11.12,36,161564.61,2019-11-04,2020-05-06,Defaulted
LOAN002057,CUST004739,Education Loan,2736725,14.05,240,34131.17,2023-04-26,2033-03-29,Active
LOAN002058,CUST019656,Gold Loan,2362171,13.7,24,113080.15,2025-06-12,2036-06-22,Closed
LOAN002059,CUST007949,Gold Loan,1516524,8.1,120,18479.85,2020-04-20,2043-01-05,Defaulted
LOAN002060,CUST004442,Home Loan,4101585,13.74,60,94884.74,2020-09-06,2032-02-18,Active
LOAN002061,CUST007474,Home Loan,521661,12.34,120,7587.21,2021-11-12,2032-04-28,Defaulted
LOAN002062,CUST006670,Education Loan,2554234,11.17,180,29304.59,2018-04-28,2026-04-06,Active
LOAN002063,CUST006550,Education Loan,4537518,10.1,24,209592.92,2023-03-11,2040-02-17,Active
LOAN002064,CUST004353,Education Loan,3670418,8.83,36,116428.12,2019-06-29,2040-03-12,Closed
LOAN002065,CUST001398,Personal Loan,4483574,13.59,24,214401.91,2016-10-16,2044-12-25,Closed
LOAN002066,CUST018872,Education Loan,1780536,12.52,240,20254.5,2023-11-11,2030-01-30,Defaulted
LOAN002067,CUST002142,Gold Loan,4470026,11.93,36,148319.42,2020-12-12,2023-05-10,Active
LOAN002068,CUST018514,Education Loan,341155,12.5,240,3876.0,2021-09-15,2032-03-07,Defaulted
LOAN002069,CUST010964,Education Loan,1188525,9.84,240,11343.82,2016-10-19,2034-12-08,Active
LOAN002070,CUST011786,Car Loan,1304653,13.22,240,15489.93,2025-06-05,2029-05-24,Defaulted
LOAN002071,CUST013605,Gold Loan,2315595,9.57,60,48711.06,2018-06-14,2036-04-20,Defaulted
LOAN002072,CUST011814,Home Loan,322989,10.31,120,4323.96,2022-11-10,2027-02-19,Active
LOAN002073,CUST011851,Home Loan,4031350,10.92,60,87490.57,2023-09-28,2032-03-04,Closed
LOAN002074,CUST004615,Car Loan,4814909,9.34,180,49814.65,2024-05-23,2041-05-13,Defaulted
LOAN002075,CUST016641,Gold Loan,3817563,9.08,84,61576.18,2023-12-30,2028-11-16,Active
LOAN002076,CUST019874,Personal Loan,3648872,13.72,240,44634.36,2022-06-17,2028-10-17,Defaulted
LOAN002077,CUST017697,Home Loan,1993063,7.81,60,40231.14,2020-08-14,2039-01-16,Closed
LOAN002078,CUST018706,Car Loan,2139509,8.51,60,43905.62,2020-11-15,2024-07-02,Closed
LOAN002079,CUST006836,Education Loan,3177091,9.2,240,28995.04,2022-09-08,2025-03-18,Active
LOAN002080,CUST011388,Education Loan,4481313,8.18,24,203045.74,2018-10-30,2036-06-16,Defaulted
LOAN002081,CUST016504,Education Loan,4004639,12.58,84,71940.96,2024-10-01,2039-05-14,Closed
LOAN002082,CUST002313,Education Loan,1992241,9.28,84,32337.14,2018-10-24,2025-09-24,Closed
LOAN002083,CUST004198,Education Loan,950430,9.96,60,20175.13,2019-05-18,2044-05-04,Closed
LOAN002084,CUST013588,Education Loan,4655867,10.57,24,216071.58,2023-07-13,2027-02-20,Defaulted
LOAN002085,CUST018465,Education Loan,1848248,7.75,36,57704.45,2021-05-12,2043-07-04,Active
LOAN002086,CUST004829,Personal Loan,4863205,9.33,36,155396.62,2019-02-28,2033-03-11,Active
LOAN002087,CUST005200,Gold Loan,4738538,14.45,180,64544.1,2022-01-27,2034-06-16,Closed
LOAN002088,CUST013028,Gold Loan,2723971,13.19,120,40977.65,2020-10-24,2023-10-29,Closed
LOAN002089,CUST008543,Personal Loan,3332118,7.88,84,51736.12,2017-09-07,2038-08-10,Closed
LOAN002090,CUST006226,Gold Loan,3878535,12.21,12,344984.28,2025-05-19,2046-08-01,Active
LOAN002091,CUST004389,Education Loan,704075,11.4,120,9858.74,2023-12-21,2031-01-29,Closed
LOAN002092,CUST011056,Home Loan,1522031,7.8,240,12542.08,2024-01-06,2024-05-19,Defaulted
LOAN002093,CUST012455,Car Loan,1508911,11.45,180,17579.01,2020-09-07,2028-04-13,Active
LOAN002094,CUST019071,Personal Loan,1650812,14.32,24,79510.03,2025-02-24,2035-02-14,Defaulted
LOAN002095,CUST011678,Education Loan,4693647,11.29,84,81084.14,2020-01-04,2038-12-05,Active
LOAN002096,CUST012010,Home Loan,1260409,9.09,240,11413.28,2023-11-08,2027-02-25,Active
LOAN002097,CUST008087,Education Loan,1369512,9.59,60,28822.57,2016-12-05,2038-06-21,Active
LOAN002098,CUST015995,Education Loan,3089550,13.56,240,37435.9,2017-12-17,2030-06-26,Closed
LOAN002099,CUST000715,Car Loan,3407404,9.48,60,71528.53,2019-08-29,2039-03-20,Defaulted
LOAN002100,CUST005668,Home Loan,2188255,13.97,24,105033.42,2018-06-28,2040-04-28,Active
LOAN002101,CUST019992,Education Loan,207876,12.42,24,9826.27,2017-12-31,2033-12-29,Defaulted
LOAN002102,CUST012536,Car Loan,3800888,12.31,180,46377.82,2018-01-12,2034-02-24,Defaulted
LOAN002103,CUST017300,Gold Loan,2342135,8.02,12,203760.3,2018-09-12,2040-08-04,Defaulted
LOAN002104,CUST012645,Personal Loan,1906868,12.29,60,42697.2,2021-09-24,2024-06-03,Closed
LOAN002105,CUST002677,Gold Loan,1845098,11.54,60,40615.58,2023-12-01,2031-01-12,Closed
LOAN002106,CUST016530,Personal Loan,3828550,12.86,180,48088.28,2021-12-04,2026-09-22,Closed
LOAN002107,CUST015552,Personal Loan,1785275,14.43,12,160656.12,2017-09-12,2046-01-03,Active
LOAN002108,CUST000007,Car Loan,3280438,14.36,120,51646.65,2020-07-15,2036-09-01,Closed
LOAN002109,CUST002911,Car Loan,980379,8.46,120,12134.33,2021-01-16,2038-10-13,Defaulted
LOAN002110,CUST005633,Education Loan,3017666,9.71,120,39395.66,2020-12-03,2039-11-25,Defaulted
LOAN002111,CUST011551,Home Loan,4918580,8.86,84,78786.4,2021-06-19,2030-12-29,Defaulted
LOAN002112,CUST008349,Education Loan,3167620,11.64,36,104666.49,2019-02-17,2042-11-06,Defaulted
LOAN002113,CUST010581,Gold Loan,4466993,8.45,180,43857.42,2019-09-20,2022-07-17,Closed
LOAN002114,CUST002555,Education Loan,1038664,14.15,180,13937.15,2017-09-21,2031-06-17,Defaulted
LOAN002115,CUST004547,Personal Loan,1892370,8.77,12,165288.78,2022-08-16,2026-09-27,Closed
LOAN002116,CUST014413,Education Loan,2221756,8.23,36,69857.73,2022-02-18,2035-10-18,Closed
LOAN002117,CUST015913,Education Loan,4608052,11.62,60,101620.9,2024-09-19,2032-05-24,Closed
LOAN002118,CUST009896,Personal Loan,3920139,14.43,24,189014.48,2018-11-27,2021-07-04,Active
LOAN002119,CUST010720,Car Loan,1041332,11.97,180,12477.64,2022-04-29,2030-12-02,Active
LOAN002120,CUST017386,Car Loan,756920,12.41,240,8551.7,2022-07-07,2037-11-24,Active
LOAN002121,CUST017017,Personal Loan,3313812,8.91,12,289659.47,2020-08-15,2026-01-01,Closed
LOAN002122,CUST011936,Home Loan,3584976,12.28,24,169226.41,2024-03-28,2041-12-17,Defaulted
LOAN002123,CUST016986,Car Loan,646324,9.04,24,29539.01,2023-01-18,2041-10-08,Active
LOAN002124,CUST001024,Car Loan,1993970,8.39,24,90536.95,2016-09-28,2023-04-19,Defaulted
LOAN002125,CUST019446,Car Loan,4828137,9.17,84,78097.47,2019-11-21,2020-07-31,Defaulted
LOAN002126,CUST015484,Personal Loan,2996482,14.07,240,37414.32,2025-02-16,2027-12-31,Defaulted
LOAN002127,CUST019398,Personal Loan,4500406,8.11,120,54864.28,2016-10-10,2025-12-30,Active
LOAN002128,CUST002248,Gold Loan,3107136,11.55,240,33242.53,2021-02-09,2043-05-26,Closed
LOAN002129,CUST007286,Car Loan,3121764,9.87,60,66128.75,2017-07-10,2046-01-08,Defaulted
LOAN002130,CUST013707,Gold Loan,138113,11.58,60,3043.01,2021-05-14,2028-11-05,Active
LOAN002131,CUST011147,Home Loan,2859484,13.41,180,36954.23,2022-03-05,2030-08-25,Defaulted
LOAN002132,CUST013056,Car Loan,2599050,8.42,84,41055.34,2023-09-03,2040-01-29,Defaulted
LOAN002133,CUST011044,Gold Loan,3132483,14.25,240,39523.13,2017-04-20,2044-01-23,Closed
LOAN002134,CUST004280,Personal Loan,708980,12.99,84,12893.88,2017-10-14,2041-01-27,Closed
LOAN002135,CUST005360,Home Loan,2374963,11.09,12,210002.88,2023-06-20,2038-11-17,Closed
LOAN002136,CUST008154,Education Loan,2214071,10.03,36,71473.03,2023-12-10,2028-10-30,Defaulted
LOAN002137,CUST006955,Personal Loan,1211976,7.63,60,24360.45,2017-12-13,2039-12-14,Defaulted
LOAN002138,CUST011434,Car Loan,2088196,14.11,120,32560.93,2025-06-07,2032-06-16,Closed
LOAN002139,CUST014477,Gold Loan,561790,11.35,240,5933.14,2024-04-02,2027-05-23,Closed
LOAN002140,CUST014314,Gold Loan,3616194,7.56,180,33645.98,2021-09-25,2046-05-12,Closed
LOAN002141,CUST017811,Education Loan,2044676,11.26,24,95544.93,2023-01-28,2026-03-31,Active
LOAN002142,CUST009774,Education Loan,2288338,12.81,120,33911.38,2023-12-07,2032-03-16,Active
LOAN002143,CUST002112,Gold Loan,4553483,8.79,180,45617.35,2024-06-27,2028-11-26,Defaulted
LOAN002144,CUST002877,Education Loan,2553861,11.66,60,56371.42,2019-12-07,2023-05-11,Closed
LOAN002145,CUST008507,Personal Loan,851924,8.43,180,8354.31,2017-12-01,2031-07-14,Defaulted
LOAN002146,CUST009730,Personal Loan,2788498,12.26,180,33934.51,2019-10-15,2026-09-12,Defaulted
LOAN002147,CUST003205,Home Loan,847785,8.9,60,17557.51,2017-06-09,2042-02-28,Active
LOAN002148,CUST004942,Personal Loan,1329227,12.21,12,118230.83,2023-10-15,2045-05-16,Active
LOAN002149,CUST004464,Education Loan,3275272,12.58,36,109695.44,2023-08-16,2041-05-26,Defaulted
LOAN002150,CUST008125,Home Loan,408264,9.85,36,13144.8,2024-05-31,2025-01-14,Active
LOAN002151,CUST013153,Home Loan,1804660,13.4,12,161526.18,2018-01-09,2031-05-16,Active
LOAN002152,CUST000559,Gold Loan,2231844,11.68,60,49285.99,2017-06-27,2017-08-28,Closed
LOAN002153,CUST012288,Education Loan,1244820,9.87,84,20581.97,2016-09-28,2028-02-01,Defaulted
LOAN002154,CUST003618,Home Loan,1616837,12.64,84,29097.92,2023-07-18,2037-08-05,Closed
LOAN002155,CUST005334,Car Loan,2449361,13.3,240,29221.18,2017-05-08,2020-04-28,Defaulted
LOAN002156,CUST013741,Education Loan,2295949,14.33,240,29102.52,2020-02-09,2031-05-08,Defaulted
LOAN002157,CUST008478,Gold Loan,4032901,11.26,180,46498.4,2023-09-20,2037-07-29,Closed
LOAN002158,CUST004167,Gold Loan,4353064,13.03,180,55162.76,2020-10-18,2036-01-18,Closed
LOAN002159,CUST018510,Home Loan,1619232,12.5,36,54169.18,2019-02-26,2037-11-23,Closed
LOAN002160,CUST012142,Education Loan,745325,9.52,36,23881.93,2021-07-19,2036-11-24,Closed
LOAN002161,CUST007701,Gold Loan,506983,13.66,60,11707.43,2019-10-28,2034-10-01,Active
LOAN002162,CUST005217,Gold Loan,655924,10.21,36,21229.55,2019-12-29,2027-06-18,Closed
LOAN002163,CUST006620,Car Loan,3764172,9.46,12,329985.9,2018-05-04,2022-09-03,Defaulted
LOAN002164,CUST002797,Education Loan,1879327,12.21,120,27191.52,2020-10-16,2042-03-16,Defaulted
LOAN002165,CUST015697,Home Loan,1389639,8.83,120,17475.76,2019-03-23,2045-07-08,Closed
LOAN002166,CUST012891,Car Loan,3376779,8.98,12,295272.99,2023-08-16,2045-02-08,Closed
LOAN002167,CUST004154,Gold Loan,609018,10.67,60,13141.52,2024-03-03,2044-01-22,Active
LOAN002168,CUST007627,Education Loan,2693073,12.51,180,33210.25,2020-05-15,2032-03-20,Defaulted
LOAN002169,CUST019009,Car Loan,1436380,10.02,36,46361.43,2020-09-29,2026-06-07,Closed
LOAN002170,CUST017025,Home Loan,4371055,11.15,240,45564.58,2023-05-11,2028-02-16,Closed
LOAN002171,CUST011283,Home Loan,4116652,13.67,36,140038.5,2023-03-06,2034-07-27,Defaulted
LOAN002172,CUST015101,Gold Loan,3965406,11.11,84,68126.98,2024-09-13,2033-03-27,Active
LOAN002173,CUST004443,Education Loan,3446974,9.84,60,72966.94,2022-11-23,2031-07-29,Defaulted
LOAN002174,CUST017742,Personal Loan,3256051,11.95,84,57391.17,2018-03-19,2032-08-05,Active
LOAN002175,CUST018400,Car Loan,2305382,14.4,84,43713.9,2024-10-18,2031-06-27,Closed
LOAN002176,CUST009061,Personal Loan,3270737,11.55,180,38312.45,2018-05-30,2025-10-22,Closed
LOAN002177,CUST012152,Home Loan,1136900,13.88,84,21230.23,2024-06-03,2045-10-05,Active
LOAN002178,CUST002352,Education Loan,3696358,13.11,240,43595.62,2023-08-03,2039-02-05,Active
LOAN002179,CUST019366,Personal Loan,2094079,12.81,60,47443.3,2017-05-04,2028-07-03,Active
LOAN002180,CUST005338,Gold Loan,505084,9.39,180,5240.74,2019-06-13,2038-01-16,Defaulted
LOAN002181,CUST010970,Car Loan,4579882,11.81,84,80382.82,2023-08-24,2035-06-29,Defaulted
LOAN002182,CUST006120,Education Loan,2364233,9.43,12,207227.4,2023-01-17,2036-12-25,Defaulted
LOAN002183,CUST002725,Education Loan,3029085,11.78,240,32889.42,2017-09-22,2027-12-27,Active
LOAN002184,CUST006591,Home Loan,966929,12.79,180,12100.69,2023-12-30,2041-05-14,Closed
LOAN002185,CUST007650,Education Loan,3164817,8.43,240,27324.96,2021-08-26,2026-02-17,Active
LOAN002186,CUST001870,Home Loan,330285,13.68,24,15808.05,2021-09-05,2043-03-01,Defaulted
LOAN002187,CUST016902,Education Loan,1971541,7.69,60,39683.88,2025-07-17,2038-04-17,Active
LOAN002188,CUST010837,Home Loan,431463,10.39,36,14001.23,2017-03-25,2036-06-05,Closed
LOAN002189,CUST019375,Personal Loan,4837818,9.23,84,78401.91,2023-01-19,2032-09-08,Active
LOAN002190,CUST013295,Home Loan,2073356,11.7,36,68568.38,2016-11-24,2019-07-15,Closed
LOAN002191,CUST006423,Car Loan,1711572,11.34,12,151543.15,2022-04-19,2023-08-07,Active
LOAN002192,CUST008165,Car Loan,543858,12.59,60,12260.59,2024-10-06,2033-01-31,Closed
LOAN002193,CUST001200,Education Loan,4319212,12.9,24,205140.39,2021-05-06,2043-10-14,Active
LOAN002194,CUST003166,Home Loan,3328376,11.81,60,73718.71,2020-04-04,2035-05-15,Closed
LOAN002195,CUST013882,Home Loan,4519158,10.2,60,96464.08,2018-12-07,2020-11-08,Closed
LOAN002196,CUST014426,Gold Loan,4180607,8.67,84,66564.07,2022-06-19,2029-02-27,Active
LOAN002197,CUST013845,Personal Loan,4821707,13.52,12,431838.95,2024-12-26,2035-09-14,Active
LOAN002198,CUST017490,Education Loan,331604,13.62,240,4032.37,2025-01-23,2025-03-18,Defaulted
LOAN002199,CUST000716,Personal Loan,1220689,8.92,24,55722.07,2023-05-31,2028-07-06,Closed
LOAN002200,CUST003636,Home Loan,3627034,12.34,60,81305.92,2023-11-30,2046-06-09,Defaulted
LOAN002201,CUST012981,Home Loan,3623307,7.63,240,29477.81,2019-04-08,2033-07-26,Defaulted
LOAN002202,CUST016509,Personal Loan,371358,14.06,36,12702.96,2023-12-05,2025-10-29,Defaulted
LOAN002203,CUST013902,Car Loan,2506931,11.13,60,54669.42,2022-09-29,2039-05-06,Defaulted
LOAN002204,CUST003703,Education Loan,3049438,9.83,60,64536.76,2025-02-09,2044-04-27,Closed
LOAN002205,CUST000362,Car Loan,2465135,10.44,240,24512.14,2022-12-09,2024-06-02,Closed
LOAN002206,CUST003116,Education Loan,262150,14.08,24,12596.49,2024-12-25,2033-08-30,Closed
LOAN002207,CUST018879,Home Loan,3167430,10.44,240,31495.43,2023-06-21,2046-01-12,Closed
LOAN002208,CUST011757,Gold Loan,1590386,13.52,120,24236.44,2022-11-25,2033-01-16,Active
LOAN002209,CUST004297,Personal Loan,4649112,9.19,36,148251.98,2016-09-12,2028-09-16,Closed
LOAN002210,CUST012149,Personal Loan,3984705,8.09,180,38287.24,2024-09-12,2035-10-27,Closed
LOAN002211,CUST003490,Car Loan,569685,12.42,180,6991.86,2017-02-27,2044-04-20,Defaulted
LOAN002212,CUST018339,Gold Loan,3776261,10.1,180,40811.23,2022-10-24,2044-01-19,Closed
LOAN002213,CUST004246,Personal Loan,2999772,8.56,84,47596.41,2018-01-31,2044-10-14,Active
LOAN002214,CUST003590,Education Loan,4037713,11.91,84,71082.48,2023-12-05,2041-06-03,Closed
LOAN002215,CUST002761,Home Loan,3725252,7.59,120,44394.58,2025-07-26,2045-10-04,Closed
LOAN002216,CUST008658,Gold Loan,2865227,14.3,240,36255.67,2022-09-30,2041-05-08,Defaulted
LOAN002217,CUST011797,Personal Loan,4448261,12.56,84,79862.34,2018-02-15,2034-08-11,Active
LOAN002218,CUST007021,Gold Loan,2472782,8.74,180,24699.59,2022-02-25,2042-04-26,Active
LOAN002219,CUST001158,Car Loan,982493,13.58,12,88021.17,2024-08-29,2044-11-19,Active
LOAN002220,CUST004825,Car Loan,1549532,8.42,36,48857.49,2023-11-04,2032-09-27,Closed
LOAN002221,CUST019644,Personal Loan,4481748,12.59,120,65837.88,2018-10-21,2027-09-14,Active
LOAN002222,CUST000461,Gold Loan,3820089,13.61,180,49876.69,2020-03-31,2027-01-06,Active
LOAN002223,CUST014676,Education Loan,2007789,12.02,12,178408.41,2022-02-26,2035-05-26,Active
LOAN002224,CUST017943,Car Loan,1900115,13.43,12,170096.66,2017-05-06,2035-08-19,Defaulted
LOAN002225,CUST006242,Personal Loan,1682087,8.67,84,26782.37,2022-09-28,2025-06-14,Active
LOAN002226,CUST000292,Home Loan,3928013,8.92,60,81386.66,2017-06-15,2035-01-20,Active
LOAN002227,CUST007704,Gold Loan,4628876,11.29,240,48695.62,2019-08-25,2026-11-16,Active
LOAN002228,CUST010871,Home Loan,4881236,8.54,24,221969.2,2017-04-23,2020-08-16,Defaulted
LOAN002229,CUST006135,Personal Loan,1664757,8.18,120,20356.78,2021-09-11,2044-02-27,Closed
LOAN002230,CUST017376,Home Loan,167808,8.03,120,2038.64,2023-07-21,2039-03-24,Closed
LOAN002231,CUST013803,Gold Loan,4300956,14.49,84,81768.65,2020-11-29,2041-02-10,Active
LOAN002232,CUST017753,Home Loan,2528692,9.37,180,26207.23,2021-01-25,2043-11-12,Defaulted
LOAN002233,CUST006269,Home Loan,121226,9.67,60,2556.05,2022-03-25,2039-01-13,Closed
LOAN002234,CUST018386,Personal Loan,3521420,11.74,180,41675.72,2019-09-25,2022-07-12,Defaulted
LOAN002235,CUST004326,Gold Loan,784225,9.37,84,12765.21,2021-12-18,2033-05-27,Closed
LOAN002236,CUST008597,Car Loan,1164832,12.42,180,14296.22,2025-03-20,2042-12-04,Active
LOAN002237,CUST014973,Education Loan,1941037,12.42,24,91752.53,2025-05-03,2032-11-29,Closed
LOAN002238,CUST012658,Car Loan,3380191,7.84,84,52415.34,2024-12-31,2032-12-28,Active
LOAN002239,CUST002688,Personal Loan,1011404,12.62,24,47903.66,2022-01-08,2026-08-14,Closed
LOAN002240,CUST014315,Home Loan,1050400,14.1,180,14059.25,2017-10-17,2035-05-22,Closed
LOAN002241,CUST018653,Personal Loan,3822743,12.51,84,68528.9,2022-02-05,2026-06-09,Defaulted
LOAN002242,CUST006247,Car Loan,587413,8.47,120,7273.66,2021-03-25,2046-06-14,Closed
LOAN002243,CUST003683,Education Loan,541491,8.9,60,11214.2,2021-01-21,2045-04-26,Defaulted
LOAN002244,CUST017577,Gold Loan,4661121,12.31,60,104415.72,2023-03-05,2044-02-22,Defaulted
LOAN002245,CUST013389,Home Loan,3110528,11.11,120,43041.44,2020-01-08,2041-01-30,Active
LOAN002246,CUST002280,Home Loan,213082,10.05,60,4532.61,2021-12-20,2023-05-31,Active
LOAN002247,CUST007649,Car Loan,3520862,10.5,24,163283.64,2021-06-29,2028-11-13,Active
LOAN002248,CUST006194,Personal Loan,313596,8.1,12,27293.73,2017-02-20,2043-08-06,Closed
LOAN002249,CUST009653,Personal Loan,3157119,13.88,240,38984.58,2017-08-14,2037-03-19,Closed
LOAN002250,CUST004979,Education Loan,444763,13.03,120,6648.66,2020-07-13,2043-03-17,Defaulted
LOAN002251,CUST008629,Home Loan,4697440,12.28,180,57226.12,2022-10-18,2030-02-19,Closed
LOAN002252,CUST014506,Education Loan,2128587,7.52,36,66231.85,2021-12-29,2038-12-10,Closed
LOAN002253,CUST019400,Car Loan,4237776,8.71,84,67559.86,2016-11-29,2030-09-29,Active
LOAN002254,CUST019494,Car Loan,4489083,8.23,84,70483.32,2017-03-17,2038-03-04,Closed
LOAN002255,CUST010332,Personal Loan,1613495,9.18,12,141237.24,2018-08-24,2019-11-17,Active
LOAN002256,CUST000231,Education Loan,3479494,9.95,240,33462.69,2024-11-07,2032-06-16,Active
LOAN002257,CUST011823,Car Loan,1376470,13.13,120,20657.85,2017-03-24,2021-01-11,Active
LOAN002258,CUST019764,Car Loan,3646523,11.51,36,120265.11,2023-01-01,2040-03-19,Active
LOAN002259,CUST003257,Home Loan,4005231,9.2,24,183345.7,2022-06-28,2033-10-01,Defaulted
LOAN002260,CUST011456,Car Loan,4943361,11.52,240,52785.61,2025-02-10,2037-07-05,Active
LOAN002261,CUST018619,Gold Loan,3319057,10.95,36,108583.1,2017-04-18,2024-02-29,Active
LOAN002262,CUST012322,Gold Loan,630330,7.59,120,7511.77,2021-01-18,2032-04-27,Active
LOAN002263,CUST016116,Personal Loan,3502034,12.51,24,165688.2,2019-03-09,2025-12-13,Active
LOAN002264,CUST010900,Personal Loan,3813571,8.17,36,119802.76,2024-06-25,2026-11-06,Defaulted
LOAN002265,CUST003411,Home Loan,3511426,11.53,84,61107.15,2024-05-18,2040-06-14,Active
LOAN002266,CUST016694,Personal Loan,2432195,7.78,60,49060.46,2021-04-09,2037-05-23,Defaulted
LOAN002267,CUST002617,Education Loan,211015,8.32,12,18387.1,2021-09-13,2042-12-19,Defaulted
LOAN002268,CUST005886,Car Loan,2986188,10.13,84,49775.07,2022-09-10,2040-12-02,Defaulted
LOAN002269,CUST010597,Car Loan,4052023,11.11,180,46335.44,2023-02-25,2044-07-05,Defaulted
LOAN002270,CUST018880,Gold Loan,937607,10.54,12,82666.22,2021-10-24,2041-04-24,Defaulted
LOAN002271,CUST004740,Home Loan,957484,13.44,84,17648.37,2018-05-01,2044-04-06,Active
LOAN002272,CUST014510,Home Loan,3752116,7.82,240,30965.18,2024-03-15,2044-01-16,Defaulted
LOAN002273,CUST016774,Car Loan,4081083,14.3,36,140077.13,2024-12-25,2045-07-19,Active
LOAN002274,CUST006811,Home Loan,2434203,13.38,180,31409.7,2019-10-23,2043-04-09,Defaulted
LOAN002275,CUST005204,Home Loan,3727766,12.85,240,43275.87,2018-02-02,2034-10-04,Closed
LOAN002276,CUST019466,Home Loan,125203,12.54,180,1546.42,2025-08-02,2028-03-26,Active
LOAN002277,CUST010171,Gold Loan,1967949,8.69,84,31353.75,2019-10-01,2039-05-02,Closed
LOAN002278,CUST003288,Gold Loan,672421,8.81,24,30660.79,2019-05-15,2027-05-26,Active
LOAN002279,CUST016000,Education Loan,400932,10.43,84,6745.36,2024-12-19,2039-08-14,Active
LOAN002280,CUST013695,Education Loan,2054446,8.27,84,32298.09,2021-08-08,2034-02-18,Defaulted
LOAN002281,CUST003708,Gold Loan,4949916,7.71,24,223217.17,2022-05-24,2037-10-30,Defaulted
LOAN002282,CUST002782,Personal Loan,1597223,10.21,180,17369.62,2023-09-04,2043-03-22,Closed
LOAN002283,CUST004973,Education Loan,3887157,10.02,120,51412.13,2017-08-17,2039-10-11,Active
LOAN002284,CUST006867,Education Loan,1614657,13.36,120,24452.62,2022-06-11,2022-08-16,Closed
LOAN002285,CUST008526,Education Loan,1835366,12.9,120,27295.84,2021-10-21,2030-02-18,Defaulted
LOAN002286,CUST010228,Home Loan,3936830,7.8,24,177693.27,2019-01-20,2023-10-20,Active
LOAN002287,CUST004463,Gold Loan,2299529,12.68,240,26418.24,2019-02-26,2045-01-24,Defaulted
LOAN002288,CUST003049,Car Loan,1676263,7.59,180,15625.02,2020-05-14,2034-06-11,Active
LOAN002289,CUST009559,Car Loan,1828087,12.56,60,41184.0,2024-04-23,2029-01-30,Active
LOAN002290,CUST011223,Gold Loan,530305,8.67,24,24146.63,2022-07-04,2041-07-26,Active
LOAN002291,CUST018332,Education Loan,4803734,11.02,180,54659.44,2025-02-03,2029-10-26,Defaulted
LOAN002292,CUST009234,Education Loan,1489157,14.02,24,71512.79,2024-06-13,2036-03-06,Closed
LOAN002293,CUST013079,Gold Loan,4073905,10.78,24,189460.06,2020-12-21,2028-03-20,Active
LOAN002294,CUST008092,Personal Loan,3167299,12.09,84,56064.04,2017-12-11,2019-08-04,Defaulted
LOAN002295,CUST013465,Home Loan,4300357,13.54,84,79499.93,2016-09-04,2034-01-13,Defaulted
LOAN002296,CUST009540,Personal Loan,1695510,12.19,24,79964.07,2024-09-19,2030-11-17,Defaulted
LOAN002297,CUST010415,Home Loan,2335470,12.75,180,29166.21,2018-10-14,2027-06-19,Defaulted
LOAN002298,CUST008242,Education Loan,147804,12.63,180,1834.24,2020-05-14,2037-03-08,Defaulted
LOAN002299,CUST006832,Car Loan,2262286,9.86,120,29721.17,2020-02-11,2026-07-06,Closed
LOAN002300,CUST013838,Education Loan,3966478,8.44,180,38920.1,2020-11-19,2021-03-22,Defaulted
LOAN002301,CUST011947,Gold Loan,1284609,14.2,12,115462.26,2023-10-14,2023-12-19,Closed
LOAN002302,CUST019170,Car Loan,1453886,12.96,36,48959.16,2024-01-23,2024-05-18,Active
LOAN002303,CUST011558,Personal Loan,1956110,12.47,24,92510.82,2024-05-30,2029-05-26,Active
LOAN002304,CUST013175,Home Loan,4092039,12.91,60,92918.04,2019-05-20,2030-04-15,Defaulted
LOAN002305,CUST011437,Home Loan,3466225,11.68,36,114599.22,2021-09-18,2037-11-18,Active
LOAN002306,CUST004231,Home Loan,2253315,12.6,84,40503.8,2017-07-16,2045-07-23,Defaulted
LOAN002307,CUST017684,Home Loan,4266246,11.29,120,59470.05,2016-09-12,2031-02-27,Defaulted
LOAN002308,CUST014773,Car Loan,785371,11.43,120,11010.53,2021-01-22,2035-06-06,Defaulted
LOAN002309,CUST018003,Personal Loan,3408600,14.09,24,163801.68,2021-11-26,2044-08-24,Active
LOAN002310,CUST001958,Gold Loan,584106,11.75,24,27427.75,2025-07-19,2026-10-12,Closed
LOAN002311,CUST000488,Personal Loan,1950901,13.19,240,23120.86,2022-08-18,2036-01-16,Active
LOAN002312,CUST016948,Education Loan,2204821,13.04,24,104862.64,2018-09-29,2046-05-27,Defaulted
LOAN002313,CUST007699,Personal Loan,330186,14.37,84,6255.37,2017-11-01,2036-02-15,Active
LOAN002314,CUST002513,Car Loan,531585,13.78,60,12308.51,2017-05-26,2017-12-20,Active
LOAN002315,CUST008452,Home Loan,561447,12.96,36,18906.55,2022-07-05,2029-11-02,Defaulted
LOAN002316,CUST009792,Education Loan,3561267,13.88,12,319554.86,2020-07-14,2044-11-01,Closed
LOAN002317,CUST009699,Car Loan,2417990,8.2,240,20527.04,2016-12-06,2033-03-11,Defaulted
LOAN002318,CUST016688,Gold Loan,3368479,12.36,24,159132.9,2017-05-28,2027-04-30,Closed
LOAN002319,CUST019113,Car Loan,2092285,10.37,84,35135.71,2023-01-07,2044-04-24,Active
LOAN002320,CUST013192,Car Loan,3574633,10.02,180,38456.94,2021-06-30,2022-12-23,Active
LOAN002321,CUST009539,Car Loan,1794647,10.02,84,29811.81,2023-08-10,2039-10-17,Active
LOAN002322,CUST008859,Home Loan,671107,12.49,240,7619.99,2019-10-27,2040-08-15,Active
LOAN002323,CUST009399,Gold Loan,1140814,12.56,60,25700.79,2021-10-05,2039-04-26,Closed
LOAN002324,CUST018962,Education Loan,3178102,10.64,36,103506.01,2016-09-05,2019-05-06,Closed
LOAN002325,CUST017865,Car Loan,2895083,11.13,12,256047.82,2017-03-04,2021-02-15,Defaulted
LOAN002326,CUST014387,Car Loan,540421,10.2,180,5873.69,2024-05-09,2043-02-20,Closed
LOAN002327,CUST017132,Gold Loan,3636452,12.8,84,65759.45,2020-06-20,2039-12-26,Active
LOAN002328,CUST001021,Personal Loan,403756,13.15,84,7378.08,2018-11-03,2037-10-30,Active
LOAN002329,CUST015961,Gold Loan,2018714,13.93,180,26789.18,2017-04-30,2030-03-19,Closed
LOAN002330,CUST005183,Home Loan,2092306,8.75,120,26222.19,2021-11-14,2032-10-14,Defaulted
LOAN002331,CUST004849,Gold Loan,1923448,10.59,60,41428.21,2021-12-24,2034-07-24,Defaulted
LOAN002332,CUST010290,Personal Loan,2728508,10.99,36,89314.93,2020-01-24,2042-11-12,Defaulted
LOAN002333,CUST008504,Car Loan,2004623,8.36,180,19576.15,2018-08-15,2032-03-08,Active
LOAN002334,CUST009799,Car Loan,3220828,10.5,180,35603.0,2016-11-06,2024-01-21,Closed
LOAN002335,CUST014453,Home Loan,1242399,10.32,240,12254.01,2022-07-21,2038-05-10,Active
LOAN002336,CUST006492,Car Loan,350718,7.73,120,4205.31,2020-08-01,2033-02-24,Closed
LOAN002337,CUST012104,Personal Loan,3651280,10.66,12,322127.4,2016-08-28,2027-10-23,Active
LOAN002338,CUST015340,Home Loan,3823191,13.82,180,50453.5,2019-07-10,2040-04-26,Closed
LOAN002339,CUST015562,Gold Loan,2505887,12.96,120,37356.49,2023-07-19,2033-08-05,Closed
LOAN002340,CUST000135,Personal Loan,4767785,7.66,12,413992.99,2016-08-29,2022-04-18,Defaulted
LOAN002341,CUST011900,Home Loan,4343757,10.69,84,73669.58,2021-12-23,2024-02-15,Defaulted
LOAN002342,CUST009163,Car Loan,639745,13.73,240,7830.22,2019-08-18,2020-01-27,Closed
LOAN002343,CUST006267,Car Loan,2539917,10.08,240,24645.53,2019-01-11,2027-02-23,Active
LOAN002344,CUST004206,Personal Loan,2877386,12.47,180,35408.26,2025-06-06,2029-03-26,Active
LOAN002345,CUST012064,Personal Loan,4116871,7.89,36,128798.96,2020-09-07,2041-06-22,Active
LOAN002346,CUST016443,Car Loan,2359172,9.62,180,24806.17,2024-08-28,2033-07-23,Defaulted
LOAN002347,CUST008127,Gold Loan,4122313,12.78,120,61016.8,2025-04-13,2028-03-04,Active
LOAN002348,CUST018443,Home Loan,4186676,14.48,180,57112.3,2018-06-11,2041-09-19,Closed
LOAN002349,CUST015215,Gold Loan,2716080,12.74,120,40138.54,2024-03-28,2046-01-24,Active
LOAN002350,CUST018765,Home Loan,1791108,14.27,60,41927.09,2018-07-23,2019-06-19,Defaulted
LOAN002351,CUST004681,Home Loan,3010238,9.36,240,27784.74,2025-07-28,2042-10-25,Active
LOAN002352,CUST007509,Education Loan,1779393,8.22,60,36267.31,2024-10-19,2032-09-06,Closed
LOAN002353,CUST018029,Car Loan,2501809,10.08,84,41636.48,2019-12-06,2028-01-17,Defaulted
LOAN002354,CUST005504,Education Loan,147693,10.02,120,1953.41,2016-12-02,2022-12-28,Active
LOAN002355,CUST000486,Home Loan,3299465,11.11,240,34304.04,2022-04-15,2044-03-08,Defaulted
LOAN002356,CUST011237,Car Loan,1051195,8.0,180,10045.77,2024-02-25,2038-12-21,Closed
LOAN002357,CUST000968,Car Loan,768637,8.44,240,6641.25,2020-10-26,2028-02-07,Active
LOAN002358,CUST011458,Home Loan,2444709,8.49,84,38703.31,2017-09-02,2024-08-20,Defaulted
LOAN002359,CUST006070,Education Loan,1537516,12.69,24,72872.64,2021-09-08,2032-04-27,Closed
LOAN002360,CUST009454,Education Loan,3183964,11.56,36,105085.3,2024-01-27,2029-03-22,Closed
LOAN002361,CUST005355,Education Loan,1879103,10.14,180,20354.18,2017-01-12,2042-03-05,Closed
LOAN002362,CUST012095,Car Loan,2546179,10.73,36,83033.45,2017-03-04,2041-01-24,Defaulted
LOAN002363,CUST016933,Personal Loan,4413606,12.64,12,393466.2,2019-05-14,2021-10-16,Active
LOAN002364,CUST002226,Personal Loan,3528432,14.01,60,82118.73,2021-09-04,2025-05-02,Defaulted
LOAN002365,CUST013642,Gold Loan,4685533,11.25,12,414661.77,2022-01-08,2027-10-30,Closed
LOAN002366,CUST005759,Personal Loan,495761,14.48,60,11659.23,2025-03-17,2034-11-04,Defaulted
LOAN002367,CUST010147,Car Loan,1665785,11.29,24,77863.11,2021-04-22,2034-09-14,Active
LOAN002368,CUST012444,Car Loan,579775,8.91,60,12009.87,2017-05-30,2029-01-31,Defaulted
LOAN002369,CUST013186,Home Loan,1920213,8.38,240,16518.5,2023-01-28,2036-02-09,Closed
LOAN002370,CUST006207,Home Loan,402852,12.43,84,7204.41,2023-04-22,2032-08-02,Closed
LOAN002371,CUST006057,Car Loan,3614741,13.52,120,55086.28,2021-05-25,2045-12-12,Active
LOAN002372,CUST006254,Car Loan,1024295,13.43,120,15554.7,2019-05-12,2021-12-08,Active
LOAN002373,CUST010535,Gold Loan,162102,12.76,24,7688.36,2020-05-01,2043-01-11,Closed
LOAN002374,CUST010348,Education Loan,2910953,11.38,60,63844.22,2020-10-16,2027-02-04,Closed
LOAN002375,CUST013339,Gold Loan,921743,7.66,240,7515.94,2017-06-14,2025-07-04,Closed
LOAN002376,CUST005351,Car Loan,4081231,11.8,12,362230.69,2023-12-03,2042-01-27,Closed
LOAN002377,CUST003965,Gold Loan,3800088,10.83,240,38785.37,2022-11-24,2040-09-22,Active
LOAN002378,CUST012768,Home Loan,1826911,8.34,60,37341.15,2020-10-09,2025-08-19,Closed
LOAN002379,CUST015643,Personal Loan,1807244,11.25,24,84441.65,2024-08-21,2035-12-09,Closed
LOAN002380,CUST010316,Car Loan,396421,12.95,12,35397.95,2021-10-25,2042-06-23,Defaulted
LOAN002381,CUST017177,Gold Loan,3350302,9.55,12,293844.05,2022-06-17,2044-04-01,Active
LOAN002382,CUST011141,Home Loan,211156,13.22,24,10060.57,2017-05-05,2027-06-22,Active
LOAN002383,CUST003486,Car Loan,1008213,10.89,240,10331.29,2025-07-27,2041-12-07,Defaulted
LOAN002384,CUST007262,Home Loan,1183218,11.2,120,16433.07,2020-05-26,2037-09-22,Defaulted
LOAN002385,CUST009348,Personal Loan,1415302,13.1,36,47755.32,2020-11-13,2044-12-31,Active
LOAN002386,CUST006212,Education Loan,554534,10.0,60,11782.21,2021-08-22,2035-11-24,Closed
LOAN002387,CUST005526,Home Loan,4469120,11.17,120,61992.98,2020-05-07,2033-08-17,Closed
LOAN002388,CUST011613,Gold Loan,799622,13.05,60,18214.33,2018-09-26,2033-08-08,Active
LOAN002389,CUST016219,Gold Loan,2472308,9.54,24,113560.28,2023-09-25,2037-09-23,Closed
LOAN002390,CUST000602,Gold Loan,850387,10.14,36,27495.53,2023-06-18,2044-02-04,Closed
LOAN002391,CUST003509,Gold Loan,2887724,13.42,120,43835.13,2020-05-14,2040-04-16,Defaulted
LOAN002392,CUST010141,Personal Loan,2840577,10.07,60,60451.75,2019-11-25,2039-08-23,Closed
LOAN002393,CUST005772,Education Loan,2697331,9.22,36,86050.85,2020-09-02,2043-12-25,Closed
LOAN002394,CUST002857,Education Loan,2190212,8.38,240,18841.15,2024-12-03,2042-04-05,Active
LOAN002395,CUST004955,Car Loan,4453373,12.99,24,211700.55,2024-09-15,2042-08-12,Closed
LOAN002396,CUST012611,Car Loan,888690,8.54,180,8772.13,2022-06-07,2025-02-27,Active
LOAN002397,CUST002168,Education Loan,3925702,10.96,24,182895.59,2019-08-05,2024-02-16,Closed
LOAN002398,CUST002413,Personal Loan,4962761,13.87,36,169302.23,2022-04-11,2027-11-23,Active
LOAN002399,CUST007387,Personal Loan,1534052,10.29,12,135074.54,2022-08-24,2039-03-23,Defaulted
LOAN002400,CUST017831,Education Loan,1150468,11.46,120,16148.74,2020-10-30,2041-12-30,Closed
LOAN002401,CUST005101,Education Loan,986627,12.15,60,22021.83,2017-06-05,2033-02-18,Defaulted
LOAN002402,CUST016047,Home Loan,4018326,10.36,84,67458.8,2017-10-13,2022-12-03,Active
LOAN002403,CUST013081,Home Loan,4986056,7.91,12,433521.72,2022-04-15,2023-07-02,Active
LOAN002404,CUST011592,Home Loan,1088797,9.82,240,10377.61,2019-01-12,2040-05-22,Closed
LOAN002405,CUST005976,Car Loan,3236072,12.85,12,288809.45,2025-05-24,2038-05-11,Closed
LOAN002406,CUST000742,Personal Loan,3653011,11.01,180,41542.95,2025-05-28,2026-11-16,Defaulted
LOAN002407,CUST000412,Home Loan,2240825,12.94,120,33378.67,2023-04-16,2026-02-19,Defaulted
LOAN002408,CUST014067,Gold Loan,3933993,8.06,12,342321.02,2021-06-25,2028-10-22,Defaulted
LOAN002409,CUST016693,Car Loan,3704629,11.69,24,173853.92,2023-01-23,2027-01-29,Defaulted
LOAN002410,CUST009410,Education Loan,4096139,9.77,240,38906.47,2022-08-13,2040-11-02,Active
LOAN002411,CUST016638,Gold Loan,4824734,13.99,36,164874.54,2018-01-28,2045-01-27,Defaulted
LOAN002412,CUST007502,Gold Loan,454347,7.98,24,20544.74,2023-04-06,2030-01-14,Defaulted
LOAN002413,CUST003231,Car Loan,3472701,11.68,240,37465.55,2021-09-08,2034-01-17,Closed
LOAN002414,CUST003106,Gold Loan,3493494,8.56,12,304798.85,2018-04-16,2031-01-18,Active
LOAN002415,CUST003209,Home Loan,263946,11.19,36,8665.02,2016-08-17,2042-09-01,Defaulted
LOAN002416,CUST002076,Car Loan,491246,14.48,60,11553.05,2017-09-20,2023-08-01,Closed
LOAN002417,CUST011477,Personal Loan,2377827,10.56,120,32165.15,2021-03-06,2044-04-01,Closed
LOAN002418,CUST003266,Home Loan,4455082,8.45,24,202406.88,2024-06-28,2025-10-26,Active
LOAN002419,CUST017674,Personal Loan,3534754,9.68,240,33365.14,2017-03-27,2022-11-08,Defaulted
LOAN002420,CUST002678,Car Loan,858169,9.35,120,11034.14,2019-08-24,2044-11-14,Defaulted
LOAN002421,CUST011177,Gold Loan,2519333,10.72,24,117093.43,2022-10-16,2044-10-24,Defaulted
LOAN002422,CUST018769,Gold Loan,3090514,12.52,180,38131.5,2018-05-13,2042-11-08,Active
LOAN002423,CUST004490,Education Loan,198245,12.4,120,2890.27,2020-10-01,2040-08-08,Closed
LOAN002424,CUST010827,Gold Loan,2773675,11.95,24,130501.76,2020-01-23,2024-02-15,Defaulted
LOAN002425,CUST017719,Personal Loan,4092826,10.66,12,361081.98,2017-01-01,2032-01-12,Defaulted
LOAN002426,CUST000287,Education Loan,1965416,13.3,36,66506.99,2021-11-21,2030-11-22,Defaulted
LOAN002427,CUST001324,Education Loan,3905951,10.32,36,126621.69,2021-08-30,2031-05-23,Defaulted
LOAN002428,CUST002625,Gold Loan,1158383,8.93,120,14630.06,2019-05-23,2042-03-13,Closed
LOAN002429,CUST010114,Car Loan,3848319,11.13,12,340354.22,2024-03-23,2036-07-19,Closed
LOAN002430,CUST002517,Gold Loan,1144100,8.32,120,14075.3,2017-03-25,2045-09-19,Closed
LOAN002431,CUST000073,Gold Loan,2881689,11.15,60,62870.69,2018-09-15,2031-03-27,Closed
LOAN002432,CUST019571,Education Loan,2006991,10.62,84,33964.89,2025-07-16,2028-02-09,Closed
LOAN002433,CUST000411,Education Loan,1594651,11.02,12,140952.78,2022-10-02,2039-01-26,Closed
LOAN002434,CUST007882,Home Loan,3273273,10.93,240,33630.55,2018-01-27,2020-06-13,Closed
LOAN002435,CUST003144,Car Loan,4404318,12.43,84,78764.68,2017-06-05,2027-10-25,Closed
LOAN002436,CUST007450,Car Loan,1268603,8.87,180,12769.09,2017-04-16,2043-08-29,Closed
LOAN002437,CUST016357,Gold Loan,2039171,7.59,12,176997.95,2020-10-07,2033-05-25,Active
LOAN002438,CUST015816,Car Loan,1366642,10.07,240,13251.84,2023-02-03,2035-09-28,Defaulted
LOAN002439,CUST006917,Gold Loan,2554418,10.12,120,33926.79,2024-02-12,2045-05-19,Active
LOAN002440,CUST012078,Personal Loan,3485144,13.5,36,118269.36,2022-07-09,2028-11-28,Active
LOAN002441,CUST008388,Personal Loan,4371256,11.86,36,144896.13,2020-09-09,2024-10-19,Defaulted
LOAN002442,CUST012017,Home Loan,4902579,9.77,60,103611.36,2021-12-09,2046-03-22,Closed
LOAN002443,CUST008671,Education Loan,4454450,8.88,120,56138.21,2024-07-20,2024-07-25,Active
LOAN002444,CUST011353,Home Loan,3081574,8.15,60,62704.66,2023-06-02,2045-11-13,Defaulted
LOAN002445,CUST005231,Gold Loan,2743676,9.77,12,240919.31,2025-03-31,2037-02-25,Defaulted
LOAN002446,CUST005859,Car Loan,3621903,11.43,180,42149.66,2018-08-16,2029-05-28,Active
LOAN002447,CUST019240,Personal Loan,3662668,13.16,240,43329.09,2021-08-03,2034-12-04,Closed
LOAN002448,CUST011250,Car Loan,1588901,8.94,240,14234.5,2024-12-10,2028-12-07,Closed
LOAN002449,CUST008630,Home Loan,4201483,11.63,60,92676.0,2021-11-26,2033-12-27,Closed
LOAN002450,CUST010631,Home Loan,278121,11.41,36,9159.42,2018-02-24,2030-09-13,Defaulted
LOAN002451,CUST018859,Gold Loan,2723578,9.68,180,28736.84,2023-02-09,2037-01-31,Defaulted
LOAN002452,CUST002299,Education Loan,1266908,13.8,84,23602.12,2019-03-05,2035-11-25,Active
LOAN002453,CUST015300,Education Loan,1839827,14.4,120,29010.48,2019-12-16,2023-04-15,Active
LOAN002454,CUST016414,Gold Loan,3283646,8.51,180,32354.61,2023-05-25,2030-08-12,Defaulted
LOAN002455,CUST005332,Car Loan,2165140,10.82,36,70699.49,2023-09-18,2033-09-14,Closed
LOAN002456,CUST019667,Home Loan,2200446,12.54,12,196063.27,2017-05-06,2021-06-14,Defaulted
LOAN002457,CUST007349,Home Loan,1465147,13.8,60,33939.68,2024-07-05,2045-05-04,Defaulted
LOAN002458,CUST002586,Car Loan,1574375,9.56,120,20423.78,2024-07-15,2025-08-28,Closed
LOAN002459,CUST005763,Gold Loan,4056428,9.97,84,67278.65,2022-07-11,2040-01-26,Active
LOAN002460,CUST016680,Home Loan,4372114,7.68,180,40978.54,2016-11-10,2041-12-26,Active
LOAN002461,CUST013724,Education Loan,620652,10.22,240,6080.17,2023-01-09,2034-02-23,Active
LOAN002462,CUST001072,Personal Loan,123402,8.71,84,1967.31,2019-09-20,2038-10-05,Closed
LOAN002463,CUST003756,Car Loan,4734188,7.96,24,214028.14,2025-05-16,2037-04-16,Active
LOAN002464,CUST006229,Home Loan,2966740,10.73,60,64105.36,2020-04-17,2030-05-26,Closed
LOAN002465,CUST015822,Education Loan,1137140,8.37,120,14019.97,2017-06-29,2030-08-31,Closed
LOAN002466,CUST010732,Personal Loan,2344839,13.16,84,42861.46,2025-02-16,2025-06-18,Defaulted
LOAN002467,CUST004772,Education Loan,1595072,13.82,24,76448.44,2025-02-06,2046-05-14,Closed
LOAN002468,CUST018699,Car Loan,846104,9.09,24,38688.99,2020-02-04,2029-11-08,Closed
LOAN002469,CUST014121,Car Loan,784284,14.03,120,12191.45,2025-06-08,2039-01-09,Defaulted
LOAN002470,CUST015268,Personal Loan,4192900,9.19,240,38238.48,2021-03-30,2033-08-25,Defaulted
LOAN002471,CUST009397,Education Loan,3689645,11.29,180,42610.73,2018-01-07,2028-09-01,Active
LOAN002472,CUST006731,Personal Loan,1090895,13.52,36,37030.39,2021-02-22,2033-01-01,Defaulted
LOAN002473,CUST003634,Home Loan,1303329,8.69,240,11467.81,2023-06-10,2027-10-06,Defaulted
LOAN002474,CUST007773,Education Loan,3837925,10.26,120,51272.64,2025-02-06,2034-11-07,Closed
LOAN002475,CUST012668,Home Loan,4311035,13.49,120,65620.31,2022-02-16,2029-09-05,Closed
LOAN002476,CUST018938,Education Loan,241413,11.23,240,2529.73,2022-03-10,2022-04-08,Closed
LOAN002477,CUST012406,Gold Loan,453336,14.47,12,40804.05,2021-11-19,2039-09-29,Active
LOAN002478,CUST015809,Personal Loan,267942,10.36,84,4498.15,2019-07-26,2033-01-18,Active
LOAN002479,CUST014238,Education Loan,1936145,9.23,84,31377.26,2018-12-25,2043-02-24,Defaulted
LOAN002480,CUST016821,Gold Loan,265489,11.84,36,8797.76,2024-04-18,2031-05-24,Closed
LOAN002481,CUST011574,Education Loan,1201528,13.85,180,15880.34,2020-10-30,2029-08-20,Active
LOAN002482,CUST001732,Personal Loan,3130536,12.59,84,56255.12,2023-03-01,2035-08-27,Defaulted
LOAN002483,CUST008240,Education Loan,4767785,7.7,84,73601.11,2020-04-08,2024-09-19,Closed
LOAN002484,CUST019315,Education Loan,4866105,12.47,24,230133.96,2023-08-28,2025-04-26,Defaulted
LOAN002485,CUST000698,Home Loan,536696,9.89,240,5140.18,2024-11-18,2031-03-24,Closed
LOAN002486,CUST001006,Education Loan,4897064,9.45,84,79912.19,2022-10-20,2023-04-21,Active
LOAN002487,CUST011513,Car Loan,1688229,9.56,84,27644.29,2021-05-05,2045-05-26,Defaulted
LOAN002488,CUST008060,Gold Loan,2564564,11.5,84,44588.69,2017-08-16,2039-07-24,Closed
LOAN002489,CUST013020,Home Loan,4500802,11.63,84,78563.64,2017-10-07,2032-11-16,Active
LOAN002490,CUST012388,Home Loan,4215165,12.02,84,74454.27,2022-08-10,2022-12-16,Active
LOAN002491,CUST005788,Gold Loan,2664760,10.73,84,45249.76,2023-04-02,2031-04-06,Closed
LOAN002492,CUST012126,Education Loan,2142297,10.25,36,69377.62,2018-05-04,2018-09-14,Active
LOAN002493,CUST009173,Car Loan,748495,11.97,84,13200.98,2017-02-08,2046-05-06,Active
LOAN002494,CUST001030,Car Loan,3350575,8.11,24,151705.58,2020-12-01,2042-01-18,Active
LOAN002495,CUST012807,Gold Loan,681503,9.6,24,31322.24,2020-01-28,2042-01-22,Closed
LOAN002496,CUST007792,Personal Loan,4327061,14.11,12,388738.33,2021-11-20,2029-02-20,Defaulted
LOAN002497,CUST002936,Gold Loan,221355,13.99,84,4146.97,2024-03-23,2030-10-09,Closed
LOAN002498,CUST009215,Education Loan,2861347,8.05,240,24022.57,2017-05-16,2035-10-07,Active
LOAN002499,CUST011763,Education Loan,1443577,9.6,84,23667.79,2024-06-13,2040-02-25,Defaulted
LOAN002500,CUST013313,Gold Loan,4048045,9.68,84,66534.92,2019-09-12,2020-11-14,Closed
LOAN002501,CUST012103,Gold Loan,4048105,10.62,84,68507.25,2021-07-30,2026-04-24,Active
LOAN002502,CUST012125,Education Loan,435850,10.2,180,4737.14,2023-08-08,2036-09-03,Defaulted
LOAN002503,CUST016764,Education Loan,1170760,13.52,36,39741.4,2021-05-19,2039-06-14,Closed
LOAN002504,CUST007429,Education Loan,481974,12.56,12,42949.17,2017-11-03,2039-11-29,Closed
LOAN002505,CUST017495,Car Loan,108700,7.84,60,2195.73,2021-07-14,2036-10-13,Defaulted
LOAN002506,CUST018111,Gold Loan,792322,9.21,120,10127.07,2024-12-14,2034-10-29,Defaulted
LOAN002507,CUST010313,Education Loan,1648767,7.89,60,33344.32,2025-04-15,2030-02-25,Defaulted
LOAN002508,CUST002102,Car Loan,4154102,12.35,120,60442.81,2022-10-18,2038-08-13,Defaulted
LOAN002509,CUST015462,Home Loan,4670680,10.48,120,62971.52,2020-05-30,2040-01-28,Active
LOAN002510,CUST000102,Home Loan,1694423,9.38,60,35486.75,2020-10-28,2032-06-21,Active
LOAN002511,CUST011106,Car Loan,1128561,8.17,84,17685.73,2022-07-31,2043-03-29,Closed
LOAN002512,CUST009682,Car Loan,4992257,7.85,240,41292.4,2018-04-14,2022-05-20,Active
LOAN002513,CUST011809,Personal Loan,2237730,10.91,180,25307.65,2018-12-22,2037-11-03,Defaulted
LOAN002514,CUST004575,Car Loan,2782643,12.62,12,248042.27,2017-01-05,2033-10-10,Defaulted
LOAN002515,CUST018736,Home Loan,3508885,14.49,12,315862.23,2018-05-21,2035-01-23,Closed
LOAN002516,CUST007514,Car Loan,855111,10.22,180,9304.5,2018-10-22,2036-08-10,Closed
LOAN002517,CUST008280,Personal Loan,3886051,10.75,240,39452.31,2025-02-20,2033-06-12,Defaulted
LOAN002518,CUST013374,Education Loan,4430526,13.31,36,149944.33,2019-02-08,2033-10-13,Active
LOAN002519,CUST003847,Home Loan,2163386,12.93,12,193156.7,2018-10-24,2022-12-19,Defaulted
LOAN002520,CUST001665,Home Loan,1253935,9.94,180,13428.86,2024-09-13,2044-03-28,Defaulted
LOAN002521,CUST019613,Car Loan,4448186,9.53,180,46529.61,2019-12-02,2024-03-24,Closed
LOAN002522,CUST013603,Education Loan,1977056,12.18,240,22017.7,2021-04-19,2031-05-17,Active
LOAN002523,CUST001477,Car Loan,3649105,8.41,240,31460.23,2018-06-05,2040-06-21,Closed
LOAN002524,CUST013537,Personal Loan,2733265,14.25,120,42850.25,2019-01-21,2031-04-13,Active
LOAN002525,CUST007810,Education Loan,965050,11.56,240,10331.51,2021-10-06,2039-09-04,Defaulted
LOAN002526,CUST016937,Car Loan,3504653,11.32,24,163865.47,2020-05-27,2045-10-19,Defaulted
LOAN002527,CUST000636,Gold Loan,2343931,9.93,12,205992.47,2020-08-17,2031-07-25,Closed
LOAN002528,CUST000818,Education Loan,3166073,10.66,24,147064.54,2016-12-27,2040-06-02,Defaulted
LOAN002529,CUST017481,Car Loan,1434438,14.2,180,19296.14,2021-10-09,2044-01-17,Closed
LOAN002530,CUST011454,Car Loan,3468034,9.18,84,56114.79,2024-09-30,2042-11-05,Active
LOAN002531,CUST019804,Gold Loan,2949853,11.64,60,65082.48,2018-02-21,2038-08-09,Active
LOAN002532,CUST015204,Personal Loan,4866808,11.83,84,85470.63,2025-04-12,2026-07-07,Closed
LOAN002533,CUST014718,Home Loan,4082851,11.69,12,362164.53,2025-01-17,2039-07-30,Defaulted
LOAN002534,CUST016877,Car Loan,4771638,12.4,12,424847.66,2023-07-22,2033-03-23,Active
LOAN002535,CUST004557,Education Loan,2398925,14.31,12,215742.63,2025-02-03,2026-09-24,Defaulted
LOAN002536,CUST000708,Education Loan,3675157,8.41,240,31684.83,2024-06-24,2028-10-12,Defaulted
LOAN002537,CUST011935,Personal Loan,4344068,13.36,120,65787.26,2023-03-03,2042-08-19,Closed
LOAN002538,CUST007020,Home Loan,3531267,11.07,180,40291.63,2016-10-08,2024-12-17,Closed
LOAN002539,CUST018918,Car Loan,4354129,9.68,84,71565.82,2023-08-18,2027-04-06,Closed
LOAN002540,CUST019641,Personal Loan,4962139,13.67,84,92088.31,2020-04-10,2029-04-18,Defaulted
LOAN002541,CUST000725,Gold Loan,562384,13.05,60,12810.36,2017-06-26,2018-07-09,Closed
LOAN002542,CUST003579,Education Loan,2694547,11.94,36,89420.32,2018-07-11,2038-07-21,Closed
LOAN002543,CUST005702,Gold Loan,577434,11.85,240,6297.76,2021-10-19,2035-02-26,Defaulted
LOAN002544,CUST000837,Gold Loan,143795,13.87,180,1902.43,2022-04-27,2032-11-22,Defaulted
LOAN002545,CUST013925,Home Loan,2155149,9.6,180,22634.82,2020-06-08,2022-08-10,Closed
LOAN002546,CUST007403,Home Loan,4917697,11.75,36,162751.34,2018-11-23,2034-09-17,Closed
LOAN002547,CUST009401,Education Loan,2639214,13.96,36,90150.81,2016-08-12,2030-06-22,Defaulted
LOAN002548,CUST004903,Education Loan,4485772,14.2,24,215798.92,2018-04-07,2037-05-27,Closed
LOAN002549,CUST004541,Car Loan,3313720,13.09,60,75550.07,2023-05-24,2046-05-02,Defaulted
LOAN002550,CUST015366,Personal Loan,1747575,14.22,84,32962.33,2021-06-01,2040-08-23,Closed
LOAN002551,CUST015532,Gold Loan,1878714,12.84,24,89176.36,2017-06-25,2032-08-23,Closed
LOAN002552,CUST007322,Education Loan,162646,11.1,120,2249.67,2022-08-26,2033-09-24,Closed
LOAN002553,CUST008179,Car Loan,2479094,12.71,120,36592.7,2020-10-20,2033-10-05,Defaulted
LOAN002554,CUST013550,Education Loan,2028468,11.97,240,22292.77,2023-07-30,2026-09-11,Closed
LOAN002555,CUST007569,Home Loan,1516872,12.89,240,17652.57,2022-06-19,2029-12-19,Defaulted
LOAN002556,CUST003234,Gold Loan,1886036,10.89,36,61648.2,2019-09-24,2036-12-02,Defaulted
LOAN002557,CUST001159,Car Loan,1734400,13.37,24,82758.28,2023-04-03,2026-12-26,Closed
LOAN002558,CUST011136,Home Loan,4762414,12.13,12,423424.4,2020-05-05,2023-02-16,Closed
LOAN002559,CUST013960,Personal Loan,3879648,13.92,12,348196.39,2020-09-24,2027-10-28,Closed
LOAN002560,CUST004014,Car Loan,877427,8.8,36,27820.34,2022-11-15,2026-09-20,Closed
LOAN002561,CUST012614,Education Loan,1644717,7.72,240,13471.86,2017-05-25,2044-11-10,Closed
LOAN002562,CUST004149,Education Loan,3760076,12.74,24,178302.02,2019-02-28,2025-10-09,Closed
LOAN002563,CUST000124,Education Loan,3084263,12.92,120,45905.94,2020-03-22,2021-01-02,Defaulted
LOAN002564,CUST001248,Personal Loan,4661229,11.9,36,154596.97,2023-10-04,2046-01-02,Active
LOAN002565,CUST000821,Car Loan,4687318,13.65,240,57100.1,2020-11-26,2033-03-13,Active
LOAN002566,CUST017972,Personal Loan,4451519,13.56,84,82343.27,2016-11-27,2035-09-01,Active
LOAN002567,CUST013170,Gold Loan,1761463,8.31,12,153479.49,2021-09-06,2033-01-08,Defaulted
LOAN002568,CUST004035,Home Loan,3848988,14.45,180,52427.45,2024-09-10,2038-11-22,Active
LOAN002569,CUST010163,Personal Loan,2235590,7.84,36,69890.37,2025-02-05,2042-04-17,Closed
LOAN002570,CUST014266,Education Loan,1486395,9.15,120,18949.9,2017-04-01,2017-11-29,Active
LOAN002571,CUST004412,Home Loan,2934004,10.36,180,32178.26,2018-09-04,2027-02-26,Defaulted
LOAN002572,CUST009427,Personal Loan,1735725,11.79,12,154046.6,2023-08-06,2023-11-05,Closed
LOAN002573,CUST018153,Car Loan,4231876,11.3,120,59015.05,2020-06-26,2028-03-21,Closed
LOAN002574,CUST011209,Personal Loan,4451367,13.08,24,211793.41,2022-01-02,2024-12-23,Active
LOAN002575,CUST006789,Education Loan,4414412,9.0,24,201671.27,2023-11-06,2041-08-11,Closed
LOAN002576,CUST010916,Car Loan,3361441,11.73,84,58854.35,2019-10-21,2042-05-25,Defaulted
LOAN002577,CUST018478,Education Loan,3907598,9.76,180,41419.38,2018-08-30,2034-01-29,Active
LOAN002578,CUST003754,Car Loan,1093720,8.83,240,9721.22,2018-05-07,2046-02-12,Active
LOAN002579,CUST002910,Personal Loan,1568075,14.41,240,19968.0,2022-01-06,2038-04-07,Active
LOAN002580,CUST004476,Car Loan,788180,14.14,180,10570.76,2018-12-10,2035-03-24,Closed
LOAN002581,CUST009586,Home Loan,4367398,8.1,12,380115.05,2024-11-09,2027-07-18,Active
LOAN002582,CUST008440,Car Loan,1214763,14.49,60,28574.95,2024-06-25,2035-03-17,Closed
LOAN002583,CUST016823,Car Loan,4991082,11.18,84,85932.58,2024-08-21,2045-07-25,Active
LOAN002584,CUST006649,Education Loan,3281407,10.4,12,289098.63,2021-04-03,2030-10-10,Defaulted
LOAN002585,CUST008825,Car Loan,1736665,13.61,84,32172.12,2024-12-12,2032-02-13,Defaulted
LOAN002586,CUST018533,Home Loan,1509463,14.09,84,28362.45,2021-10-13,2040-10-30,Defaulted
LOAN002587,CUST000964,Car Loan,2317487,10.44,120,31193.2,2019-12-06,2022-11-28,Defaulted
LOAN002588,CUST011271,Education Loan,4517589,8.36,240,38805.31,2020-12-19,2031-03-07,Closed
LOAN002589,CUST001960,Gold Loan,1017933,8.43,24,46238.24,2018-02-03,2022-08-03,Defaulted
LOAN002590,CUST019941,Home Loan,500349,9.3,60,10459.42,2023-03-06,2027-01-19,Active
LOAN002591,CUST018375,Education Loan,1730151,8.53,36,54640.66,2017-04-20,2042-07-24,Defaulted
LOAN002592,CUST008992,Gold Loan,2957653,9.02,24,135146.76,2017-06-10,2042-07-23,Defaulted
LOAN002593,CUST007554,Gold Loan,503933,10.66,36,16417.1,2021-02-20,2041-08-26,Defaulted
LOAN002594,CUST015222,Personal Loan,1865204,10.27,84,31225.43,2023-10-02,2032-10-17,Closed
LOAN002595,CUST005437,Personal Loan,1604069,11.48,60,35261.56,2017-05-22,2026-10-06,Closed
LOAN002596,CUST019364,Car Loan,264647,12.24,120,3833.72,2017-04-18,2044-08-09,Active
LOAN002597,CUST010841,Education Loan,4086807,14.17,120,63872.79,2019-03-31,2042-05-24,Closed
LOAN002598,CUST000931,Personal Loan,1044264,10.87,84,17809.05,2019-02-06,2035-01-09,Active
LOAN002599,CUST005602,Home Loan,4138827,14.0,36,141455.3,2023-12-08,2040-06-01,Defaulted
LOAN002600,CUST009467,Personal Loan,4989506,7.83,60,100763.74,2022-10-30,2024-09-25,Active
LOAN002601,CUST008969,Home Loan,4990044,13.68,24,238832.73,2017-03-23,2042-11-13,Closed
LOAN002602,CUST014077,Home Loan,2863349,7.6,24,128979.78,2020-08-20,2026-02-16,Defaulted
LOAN002603,CUST015352,Education Loan,2782944,13.69,84,51676.99,2019-12-16,2021-12-24,Defaulted
LOAN002604,CUST002153,Car Loan,1912357,13.05,120,28609.97,2018-01-28,2023-10-01,Defaulted
LOAN002605,CUST013607,Education Loan,4142988,14.08,36,141758.54,2021-09-14,2024-05-24,Defaulted
LOAN002606,CUST012108,Gold Loan,4973108,14.41,24,239737.62,2023-06-12,2036-09-16,Active
LOAN002607,CUST000928,Car Loan,3548280,10.18,240,34665.9,2018-12-07,2022-01-07,Closed
LOAN002608,CUST019431,Home Loan,3477618,12.34,84,62023.58,2017-02-19,2021-02-26,Closed
LOAN002609,CUST003975,Home Loan,318933,13.01,24,15164.15,2020-07-27,2044-07-11,Defaulted
LOAN002610,CUST016628,Education Loan,1199551,14.04,120,18653.86,2018-02-07,2028-11-01,Defaulted
LOAN002611,CUST004102,Personal Loan,2992310,11.29,12,264870.26,2019-11-29,2042-09-09,Defaulted
LOAN002612,CUST002768,Car Loan,2857402,10.23,84,47776.52,2023-12-10,2038-08-13,Closed
LOAN002613,CUST003949,Personal Loan,547515,13.12,12,48933.38,2025-01-05,2034-12-06,Active
LOAN002614,CUST018444,Education Loan,4055559,7.99,12,352767.96,2020-06-04,2024-12-17,Closed
LOAN002615,CUST008352,Education Loan,2771706,10.77,24,128887.45,2021-06-22,2040-10-17,Defaulted
LOAN002616,CUST007692,Home Loan,4339239,12.78,240,50158.93,2017-05-14,2044-11-02,Closed
LOAN002617,CUST011722,Home Loan,2024158,12.01,120,29052.49,2020-01-22,2042-05-22,Closed
LOAN002618,CUST014546,Home Loan,3741324,10.64,240,37705.12,2025-05-09,2039-08-06,Active
LOAN002619,CUST015514,Gold Loan,2379043,13.21,84,43551.54,2023-05-23,2044-01-13,Closed
LOAN002620,CUST017896,Personal Loan,3867833,9.51,240,36078.54,2022-12-01,2032-10-17,Closed
LOAN002621,CUST009640,Car Loan,2760110,11.45,60,60632.76,2018-10-07,2031-09-09,Active
LOAN002622,CUST018934,Personal Loan,1397558,10.18,180,15172.5,2017-11-11,2035-08-14,Defaulted
LOAN002623,CUST015332,Gold Loan,291165,12.98,36,9807.69,2025-02-04,2045-01-03,Closed
LOAN002624,CUST012731,Gold Loan,4136260,13.32,12,370060.75,2024-12-22,2030-01-24,Closed
LOAN002625,CUST003704,Car Loan,2224548,13.74,36,75749.17,2017-02-09,2031-01-29,Active
LOAN002626,CUST004597,Education Loan,985200,7.72,36,30745.49,2023-04-27,2026-07-21,Active
LOAN002627,CUST008827,Car Loan,3300707,12.99,60,75084.33,2019-06-14,2046-07-18,Active
LOAN002628,CUST017296,Home Loan,4443063,9.1,84,71710.48,2024-08-06,2025-06-01,Active
LOAN002629,CUST014056,Car Loan,3811807,12.57,24,180451.32,2025-04-21,2034-05-26,Active
LOAN002630,CUST002886,Gold Loan,1692631,11.53,120,23826.68,2020-09-04,2040-05-27,Active
LOAN002631,CUST004528,Gold Loan,4991991,13.69,180,65443.95,2024-01-12,2040-03-04,Active
LOAN002632,CUST003019,Personal Loan,1555002,10.36,60,33315.32,2019-01-24,2029-12-22,Defaulted
LOAN002633,CUST008836,Car Loan,3418623,10.54,24,158605.51,2019-10-16,2031-12-21,Active
LOAN002634,CUST016661,Home Loan,2757708,13.8,240,33892.83,2023-01-30,2034-05-03,Active
LOAN002635,CUST007822,Personal Loan,988608,7.58,240,8012.59,2018-05-16,2019-04-29,Closed
LOAN002636,CUST013500,Car Loan,2912227,9.78,24,134088.98,2022-07-08,2044-01-17,Defaulted
LOAN002637,CUST004610,Personal Loan,407524,9.64,36,13080.88,2017-08-24,2026-09-03,Active
LOAN002638,CUST005208,Personal Loan,4883859,10.14,180,52901.28,2025-03-29,2034-07-16,Defaulted
LOAN002639,CUST006224,Education Loan,1298218,14.39,60,30470.39,2020-11-19,2025-11-29,Closed
LOAN002640,CUST015330,Gold Loan,3474726,14.26,240,43866.63,2023-12-30,2032-11-07,Active
LOAN002641,CUST018482,Car Loan,4006251,9.04,24,183098.08,2023-04-14,2030-02-02,Closed
LOAN002642,CUST007169,Education Loan,2285799,9.26,12,200172.2,2020-04-01,2035-07-31,Closed
LOAN002643,CUST014214,Education Loan,4993649,13.17,240,59110.19,2025-07-14,2030-06-06,Active
LOAN002644,CUST004573,Education Loan,1500229,10.78,180,16844.88,2024-01-01,2026-01-09,Closed
LOAN002645,CUST018292,Personal Loan,1604855,11.11,60,34981.54,2020-12-15,2028-04-30,Defaulted
LOAN002646,CUST011020,Home Loan,565428,9.09,60,11762.07,2020-02-27,2042-08-09,Active
LOAN002647,CUST006584,Home Loan,103287,9.98,24,4765.22,2017-08-19,2019-09-22,Active
LOAN002648,CUST012287,Car Loan,4078232,7.89,24,184242.85,2018-01-31,2027-10-11,Closed
LOAN002649,CUST012986,Personal Loan,1565405,11.34,60,34301.73,2022-11-21,2029-07-28,Closed
LOAN002650,CUST015066,Gold Loan,3433360,11.26,36,112827.01,2024-10-24,2033-03-01,Active
LOAN002651,CUST008030,Car Loan,2471809,8.23,60,50391.9,2023-06-04,2026-02-03,Closed
LOAN002652,CUST016550,Gold Loan,4448433,10.31,180,48650.25,2019-11-13,2032-02-23,Active
LOAN002653,CUST015020,Car Loan,642934,14.09,60,14989.97,2016-11-08,2027-02-11,Defaulted
LOAN002654,CUST003617,Car Loan,4380442,13.62,240,53266.99,2020-11-07,2036-11-11,Defaulted
LOAN002655,CUST017503,Home Loan,157388,9.27,240,1443.51,2024-09-01,2041-09-24,Active
LOAN002656,CUST009439,Gold Loan,2053177,13.96,240,25472.06,2018-09-12,2035-06-30,Defaulted
LOAN002657,CUST011326,Personal Loan,3739240,10.7,60,80741.82,2022-07-24,2023-08-01,Defaulted
LOAN002658,CUST003922,Car Loan,571557,12.11,12,50811.56,2019-10-27,2042-04-01,Closed
LOAN002659,CUST013083,Gold Loan,249494,7.86,60,5042.14,2019-12-16,2036-07-15,Active
LOAN002660,CUST012148,Home Loan,969856,10.91,180,10968.6,2018-01-08,2042-01-25,Closed
LOAN002661,CUST007535,Gold Loan,2557609,12.79,240,29582.52,2025-02-18,2027-09-04,Closed
LOAN002662,CUST006736,Car Loan,3977204,11.04,240,41160.56,2019-03-31,2021-01-05,Defaulted
LOAN002663,CUST012224,Home Loan,3491946,11.91,180,41707.24,2018-09-28,2042-11-21,Closed
LOAN002664,CUST002679,Home Loan,4901134,10.73,84,83225.19,2017-12-13,2023-04-04,Closed
LOAN002665,CUST001558,Home Loan,3669460,11.64,180,43193.41,2016-11-08,2041-08-12,Defaulted
LOAN002666,CUST018809,Personal Loan,3917739,14.38,24,188806.01,2023-05-08,2028-05-31,Active
LOAN002667,CUST011767,Gold Loan,1067835,9.1,240,9676.37,2021-03-28,2028-11-10,Active
LOAN002668,CUST011505,Education Loan,1329955,13.85,240,16393.58,2021-04-14,2022-02-12,Defaulted
LOAN002669,CUST008571,Gold Loan,2286734,14.28,12,205620.64,2023-10-06,2025-02-20,Defaulted
LOAN002670,CUST015231,Personal Loan,2455861,13.17,120,36915.3,2017-01-27,2035-09-25,Active
LOAN002671,CUST010128,Personal Loan,2049531,8.65,180,20363.15,2023-08-24,2025-12-03,Closed
LOAN002672,CUST009087,Personal Loan,4438915,13.36,12,397221.91,2018-11-24,2046-05-11,Closed
LOAN002673,CUST012909,Education Loan,1847785,13.87,84,34494.95,2020-12-01,2041-10-01,Closed
LOAN002674,CUST017055,Home Loan,1000411,12.48,84,17917.82,2017-09-29,2045-04-26,Defaulted
LOAN002675,CUST010037,Car Loan,4535241,13.95,12,407099.53,2021-02-12,2040-03-16,Closed
LOAN002676,CUST010133,Car Loan,4893224,11.3,24,228744.73,2023-01-19,2046-06-02,Active
LOAN002677,CUST014763,Car Loan,1137754,14.06,12,102187.78,2025-02-07,2026-07-07,Active
LOAN002678,CUST011402,Education Loan,4870198,8.72,120,60958.03,2020-05-27,2023-10-18,Closed
LOAN002679,CUST003795,Gold Loan,2671183,8.51,60,54816.28,2023-06-01,2028-09-08,Closed
LOAN002680,CUST014896,Personal Loan,1953081,7.58,60,39210.03,2023-05-31,2031-07-04,Closed
LOAN002681,CUST017776,Gold Loan,4669761,11.94,36,154969.1,2016-10-29,2029-02-03,Defaulted
LOAN002682,CUST019744,Education Loan,2920806,13.11,120,43800.48,2019-09-12,2021-11-06,Defaulted
LOAN002683,CUST013306,Home Loan,3616153,13.52,60,83244.39,2022-11-02,2031-08-27,Active
LOAN002684,CUST016400,Gold Loan,1840370,9.24,120,23552.74,2023-09-11,2042-06-06,Defaulted
LOAN002685,CUST014103,Gold Loan,496660,12.66,180,6173.25,2022-05-10,2040-09-30,Active
LOAN002686,CUST016429,Home Loan,3871295,8.44,36,122099.65,2020-05-26,2027-12-21,Active
LOAN002687,CUST011045,Car Loan,4036469,12.26,12,359126.52,2022-03-09,2043-06-21,Defaulted
LOAN002688,CUST011447,Home Loan,4101802,13.77,120,63121.2,2024-07-20,2039-08-03,Defaulted
LOAN002689,CUST001698,Personal Loan,481475,8.75,240,4254.85,2025-08-02,2027-02-28,Defaulted
LOAN002690,CUST014330,Gold Loan,1098157,9.31,240,10100.4,2023-09-26,2041-01-13,Defaulted
LOAN002691,CUST015590,Gold Loan,1733500,12.66,240,19890.86,2024-10-17,2042-01-09,Active
LOAN002692,CUST017531,Car Loan,4632619,10.29,120,61966.77,2023-06-23,2040-10-07,Defaulted
LOAN002693,CUST006443,Personal Loan,2960538,7.75,84,45775.7,2021-04-11,2044-03-25,Closed
LOAN002694,CUST014578,Gold Loan,4600606,13.46,12,411907.14,2017-02-14,2026-08-18,Active
LOAN002695,CUST017633,Home Loan,2918119,8.7,12,254788.03,2023-12-08,2031-10-06,Active
LOAN002696,CUST001067,Home Loan,2274373,9.1,60,47322.7,2019-04-04,2045-11-05,Closed
LOAN002697,CUST010664,Education Loan,319651,13.99,24,15345.86,2023-08-16,2033-09-26,Closed
LOAN002698,CUST007067,Home Loan,609847,10.91,180,6897.08,2020-06-26,2026-12-29,Active
LOAN002699,CUST012926,Education Loan,2999133,10.12,36,96942.64,2024-05-09,2031-04-29,Defaulted
LOAN002700,CUST016541,Education Loan,4280716,9.05,84,68981.45,2024-10-09,2030-09-20,Defaulted
LOAN002701,CUST007396,Gold Loan,479267,11.26,120,6672.64,2022-02-25,2039-05-21,Closed
LOAN002702,CUST000736,Home Loan,3630764,10.6,180,40359.81,2023-07-29,2043-02-05,Active
LOAN002703,CUST002440,Home Loan,2435688,14.44,180,33160.24,2023-06-18,2043-04-20,Defaulted
LOAN002704,CUST016740,Home Loan,4418904,13.85,180,58403.71,2016-11-08,2029-06-05,Closed
LOAN002705,CUST002499,Education Loan,1900792,9.4,12,166579.86,2024-01-03,2041-03-24,Defaulted
LOAN002706,CUST015143,Home Loan,4349259,12.61,60,98092.87,2024-12-17,2034-09-20,Active
LOAN002707,CUST009888,Personal Loan,3346400,12.96,12,298828.53,2025-05-18,2037-01-19,Active
LOAN002708,CUST002137,Car Loan,494179,9.93,240,4746.04,2023-01-03,2027-02-19,Active
LOAN002709,CUST001699,Personal Loan,3951400,11.05,120,54542.44,2016-08-10,2020-07-25,Closed
LOAN002710,CUST004044,Car Loan,2156439,10.37,12,189956.54,2023-11-11,2046-04-02,Closed
LOAN002711,CUST004519,Home Loan,1384132,10.71,36,45124.85,2022-03-16,2024-02-25,Defaulted
LOAN002712,CUST002040,Personal Loan,3768012,9.64,36,120947.28,2024-02-03,2040-06-10,Closed
LOAN002713,CUST009464,Gold Loan,4548791,11.13,24,212283.96,2019-06-11,2030-03-19,Active
LOAN002714,CUST002361,Home Loan,2217950,10.36,240,21935.38,2020-11-11,2040-08-24,Closed
LOAN002715,CUST016196,Personal Loan,122878,11.16,240,1281.74,2022-05-10,2039-08-01,Defaulted
LOAN002716,CUST004329,Home Loan,4266581,7.8,24,192576.95,2025-04-06,2039-03-01,Defaulted
LOAN002717,CUST007583,Gold Loan,4441593,14.16,240,55749.02,2020-02-15,2043-11-29,Active
LOAN002718,CUST014516,Car Loan,1476201,12.31,84,26304.34,2019-11-14,2023-02-20,Defaulted
LOAN002719,CUST004752,Gold Loan,310654,10.41,120,4176.17,2018-09-27,2020-09-01,Defaulted
LOAN002720,CUST013431,Education Loan,1464029,7.91,240,12163.85,2022-07-20,2039-01-16,Closed
LOAN002721,CUST006341,Car Loan,3519220,12.99,36,118559.48,2024-07-19,2030-09-28,Closed
LOAN002722,CUST014654,Car Loan,1280552,14.21,120,20044.68,2025-05-11,2033-03-20,Defaulted
LOAN002723,CUST015405,Home Loan,3201222,11.47,12,283631.6,2019-04-10,2024-04-28,Defaulted
LOAN002724,CUST006491,Personal Loan,4103547,14.12,84,77172.8,2023-10-11,2028-07-20,Active
LOAN002725,CUST004111,Car Loan,4335522,12.29,240,48617.26,2021-09-12,2033-07-13,Active
LOAN002726,CUST018908,Personal Loan,3053378,10.08,240,29627.78,2019-03-21,2039-02-11,Closed
LOAN002727,CUST004046,Education Loan,881515,11.9,24,41454.82,2022-05-31,2034-12-08,Defaulted
LOAN002728,CUST006914,Personal Loan,2330514,7.69,120,27895.27,2023-03-22,2041-02-07,Active
LOAN002729,CUST001220,Personal Loan,4703250,13.96,60,109338.89,2024-04-22,2045-12-15,Defaulted
LOAN002730,CUST004967,Personal Loan,4610453,9.76,24,212238.67,2019-03-16,2029-06-21,Defaulted
LOAN002731,CUST013944,Car Loan,1989145,8.95,60,41243.13,2023-11-25,2025-07-01,Defaulted
LOAN002732,CUST013789,Education Loan,4757530,10.91,120,65292.84,2020-05-12,2021-11-21,Closed
LOAN002733,CUST007102,Education Loan,2324965,12.06,84,41116.62,2025-03-02,2029-04-29,Defaulted
LOAN002734,CUST014549,Personal Loan,4240843,7.55,84,65151.92,2019-12-23,2028-11-28,Defaulted
LOAN002735,CUST012734,Education Loan,2129921,9.81,120,27923.45,2023-09-19,2046-05-09,Closed
LOAN002736,CUST003533,Home Loan,2463697,12.89,120,36625.97,2022-05-19,2043-04-29,Defaulted
LOAN002737,CUST016564,Car Loan,1645055,7.6,240,13353.22,2020-05-12,2041-05-18,Closed
LOAN002738,CUST005672,Gold Loan,2060307,11.61,120,29096.79,2017-05-05,2022-07-01,Closed
LOAN002739,CUST013219,Personal Loan,2768972,11.37,84,47951.94,2022-07-02,2034-02-14,Active
LOAN002740,CUST010691,Personal Loan,887947,13.97,60,20647.17,2021-11-21,2024-09-14,Closed
LOAN002741,CUST017231,Personal Loan,2556790,11.01,60,55603.56,2020-07-03,2028-09-08,Defaulted
LOAN002742,CUST013943,Gold Loan,633972,11.46,240,6743.4,2023-01-09,2026-08-23,Defaulted
LOAN002743,CUST017597,Gold Loan,4461704,8.85,84,71445.52,2019-12-09,2031-04-24,Closed
LOAN002744,CUST016949,Education Loan,1275275,14.02,84,23912.76,2018-01-17,2025-05-18,Closed
LOAN002745,CUST016946,Car Loan,895810,11.16,180,10271.93,2016-12-19,2020-04-10,Active
LOAN002746,CUST003126,Education Loan,4913580,11.9,36,162966.59,2016-08-30,2037-05-31,Defaulted
LOAN002747,CUST002047,Car Loan,1774044,12.18,36,59076.28,2025-03-21,2025-10-01,Active
LOAN002748,CUST007682,Education Loan,3927290,8.74,60,81029.4,2019-06-07,2029-08-31,Active
LOAN002749,CUST005598,Home Loan,839863,14.17,180,11280.89,2023-06-24,2030-05-14,Defaulted
LOAN002750,CUST012260,Home Loan,901925,14.47,180,12297.44,2021-07-11,2034-11-07,Closed
LOAN002751,CUST019919,Home Loan,3486235,11.6,240,37418.75,2022-05-15,2045-02-21,Closed
LOAN002752,CUST015023,Personal Loan,504108,7.62,36,15708.69,2021-01-21,2044-07-09,Defaulted
LOAN002753,CUST009684,Gold Loan,1074125,12.91,120,15980.87,2025-06-03,2031-04-22,Active
LOAN002754,CUST017738,Home Loan,3903008,12.57,240,44536.4,2022-01-26,2043-03-11,Active
LOAN002755,CUST006347,Gold Loan,4240264,12.77,180,53009.49,2022-12-10,2037-09-19,Closed
LOAN002756,CUST014609,Education Loan,3107998,12.18,84,55164.29,2024-06-13,2028-03-01,Defaulted
LOAN002757,CUST012888,Personal Loan,1049578,7.93,180,9987.95,2021-02-27,2033-08-16,Closed
LOAN002758,CUST004157,Car Loan,4151303,13.66,60,95863.38,2017-04-21,2032-08-28,Defaulted
LOAN002759,CUST004654,Personal Loan,2093106,12.21,180,25404.27,2021-08-15,2044-10-17,Defaulted
LOAN002760,CUST004171,Personal Loan,115559,14.42,12,10398.56,2023-07-14,2031-10-17,Active
LOAN002761,CUST014468,Education Loan,2146932,14.2,240,27009.97,2023-06-25,2041-01-15,Defaulted
LOAN002762,CUST006329,Gold Loan,1956865,12.45,84,35016.71,2025-06-06,2032-04-13,Defaulted
LOAN002763,CUST017041,Home Loan,1366020,7.79,180,12889.33,2020-05-08,2041-10-03,Closed
LOAN002764,CUST002969,Home Loan,4388465,9.92,24,202343.39,2017-03-06,2044-03-07,Active
LOAN002765,CUST006021,Education Loan,658645,8.84,180,6617.87,2020-07-25,2025-08-30,Closed
LOAN002766,CUST005408,Personal Loan,3652289,12.2,60,81612.76,2018-11-30,2029-10-11,Closed
LOAN002767,CUST017857,Home Loan,3415762,13.99,12,306675.35,2025-04-25,2041-12-18,Closed
LOAN002768,CUST014311,Home Loan,4754184,8.44,180,46649.27,2020-01-07,2045-07-11,Closed
LOAN002769,CUST008404,Car Loan,4040236,10.91,36,132100.01,2024-03-27,2032-03-27,Active
LOAN002770,CUST007469,Home Loan,2620807,14.48,12,235907.02,2025-05-11,2034-12-11,Closed
LOAN002771,CUST011291,Home Loan,2931273,11.35,240,30957.55,2019-10-08,2040-12-09,Active
LOAN002772,CUST013823,Gold Loan,1503327,10.48,24,69704.44,2019-08-18,2040-07-04,Active
LOAN002773,CUST001027,Education Loan,2944449,7.84,12,255915.22,2020-12-10,2029-04-27,Closed
LOAN002774,CUST007139,Gold Loan,1003580,11.97,36,33318.84,2020-09-14,2044-11-28,Active
LOAN002775,CUST016872,Education Loan,1401779,10.87,180,15818.33,2024-01-13,2043-05-08,Active
LOAN002776,CUST018045,Personal Loan,1463713,11.33,240,15438.37,2016-09-27,2033-05-12,Active
LOAN002777,CUST014459,Gold Loan,106673,10.95,60,2316.67,2022-09-27,2025-11-08,Active
LOAN002778,CUST018887,Gold Loan,2814620,12.96,180,35537.71,2022-07-28,2028-11-03,Active
LOAN002779,CUST012074,Education Loan,1488277,14.05,36,50901.93,2021-10-07,2026-05-02,Closed
LOAN002780,CUST004050,Education Loan,849453,10.46,24,39378.54,2020-07-20,2031-03-29,Closed
LOAN002781,CUST018951,Car Loan,2942247,12.56,240,33552.59,2018-01-17,2033-11-04,Active
LOAN002782,CUST010882,Home Loan,4011659,12.71,60,90683.13,2020-03-25,2032-01-11,Active
LOAN002783,CUST017455,Home Loan,790685,9.43,240,7334.12,2019-05-20,2036-09-28,Defaulted
LOAN002784,CUST012670,Personal Loan,2444839,14.35,84,46290.31,2024-07-25,2041-07-24,Active
LOAN002785,CUST016603,Home Loan,967632,11.06,120,13362.02,2016-09-29,2025-07-20,Closed
LOAN002786,CUST019637,Home Loan,1681234,7.6,24,75731.32,2025-01-27,2031-07-15,Closed
LOAN002787,CUST018041,Car Loan,3508292,7.78,60,70766.7,2023-12-12,2029-03-14,Closed
LOAN002788,CUST018215,Gold Loan,3072017,8.09,24,139065.14,2021-03-15,2029-08-29,Active
LOAN002789,CUST010366,Car Loan,4455823,8.58,60,91589.93,2019-04-15,2031-01-24,Defaulted
LOAN002790,CUST016239,Gold Loan,4857712,12.27,36,161972.71,2016-10-07,2043-03-22,Defaulted
LOAN002791,CUST016451,Car Loan,3611492,8.9,12,315662.86,2019-04-04,2019-07-25,Closed
LOAN002792,CUST011580,Home Loan,4786189,14.26,180,64577.89,2022-04-13,2034-12-22,Active
LOAN002793,CUST009432,Gold Loan,1643675,9.92,84,27219.06,2023-08-08,2023-12-25,Active
LOAN002794,CUST018266,Personal Loan,792676,8.44,60,16240.05,2022-08-31,2023-02-02,Closed
LOAN002795,CUST011180,Personal Loan,4807349,8.07,24,217576.88,2020-01-31,2044-10-13,Defaulted
LOAN002796,CUST000632,Education Loan,2287922,13.52,36,77663.42,2018-10-13,2039-02-16,Defaulted
LOAN002797,CUST017548,Car Loan,3453902,12.61,24,163572.8,2020-02-24,2043-05-06,Active
LOAN002798,CUST018342,Home Loan,4589532,13.11,12,410161.39,2022-02-03,2022-08-03,Active
LOAN002799,CUST001120,Car Loan,1259541,10.32,60,26960.27,2025-08-01,2039-04-11,Closed
LOAN002800,CUST002291,Personal Loan,1361718,11.88,84,23950.74,2017-09-25,2035-01-19,Closed
LOAN002801,CUST015617,Car Loan,2643302,13.09,36,89177.92,2025-06-16,2029-06-26,Closed
LOAN002802,CUST012982,Car Loan,1772030,10.67,60,38237.24,2017-10-21,2025-08-27,Active
LOAN002803,CUST005490,Home Loan,1302151,9.23,180,13386.04,2017-05-25,2038-02-14,Defaulted
LOAN002804,CUST011624,Gold Loan,777127,11.11,84,13351.3,2021-08-25,2031-11-01,Active
LOAN002805,CUST002185,Gold Loan,2004122,8.63,12,174919.75,2020-03-04,2045-09-30,Active
LOAN002806,CUST003315,Home Loan,1112539,13.29,120,16802.24,2020-02-11,2036-09-13,Closed
LOAN002807,CUST014904,Personal Loan,976073,7.86,12,84843.89,2023-06-30,2027-03-18,Closed
LOAN002808,CUST012417,Car Loan,3813114,13.68,84,70785.44,2023-05-22,2030-07-22,Closed
LOAN002809,CUST016247,Gold Loan,3678596,13.51,240,44440.91,2019-02-15,2034-06-10,Active
LOAN002810,CUST000275,Personal Loan,2190371,8.36,12,190901.72,2021-05-05,2036-09-01,Active
LOAN002811,CUST011328,Personal Loan,2072590,12.49,120,30325.68,2019-03-07,2038-11-12,Closed
LOAN002812,CUST014733,Gold Loan,1177713,12.33,84,20998.27,2020-08-29,2044-04-09,Defaulted
LOAN002813,CUST001805,Education Loan,4891109,12.45,60,109915.52,2025-07-12,2029-10-04,Active
LOAN002814,CUST006180,Personal Loan,4311915,9.97,36,139072.64,2023-10-03,2032-02-27,Closed
LOAN002815,CUST012164,Gold Loan,180009,9.33,36,5751.93,2017-10-27,2045-05-16,Defaulted
LOAN002816,CUST011320,Home Loan,2175302,10.93,120,29878.66,2022-11-06,2046-02-25,Active
LOAN002817,CUST008887,Education Loan,3934613,10.36,60,84297.56,2017-05-27,2042-06-11,Closed
LOAN002818,CUST006963,Home Loan,785284,10.27,60,16789.48,2023-02-13,2032-10-21,Defaulted
LOAN002819,CUST011424,Car Loan,4032896,10.87,120,55256.79,2019-07-20,2038-04-12,Active
LOAN002820,CUST018637,Car Loan,2232624,13.86,60,51787.35,2022-05-08,2032-04-08,Defaulted
LOAN002821,CUST010513,Personal Loan,1607008,7.91,36,50291.1,2017-06-04,2045-02-08,Active
LOAN002822,CUST001777,Car Loan,3958118,8.4,84,62483.82,2024-11-01,2040-03-11,Defaulted
LOAN002823,CUST014808,Home Loan,739013,7.85,24,33373.02,2017-04-21,2043-03-30,Defaulted
LOAN002824,CUST012057,Gold Loan,1706270,14.08,12,153265.3,2020-10-06,2035-10-20,Defaulted
LOAN002825,CUST002702,Personal Loan,3967272,9.62,24,182374.44,2021-01-03,2032-04-12,Defaulted
LOAN002826,CUST009367,Education Loan,1206630,11.19,60,26349.54,2016-09-21,2042-11-03,Closed
LOAN002827,CUST006563,Gold Loan,4517626,9.83,36,145410.78,2020-05-29,2034-01-31,Active
LOAN002828,CUST014050,Education Loan,2910701,11.47,24,136297.5,2023-08-14,2045-05-09,Closed
LOAN002829,CUST019109,Home Loan,1425712,12.51,36,47702.07,2024-07-24,2044-03-29,Defaulted
LOAN002830,CUST006468,Personal Loan,999958,13.79,12,89684.57,2019-09-25,2044-05-04,Active
LOAN002831,CUST000286,Gold Loan,831388,12.87,24,39474.95,2024-04-16,2040-10-02,Closed
LOAN002832,CUST004270,Personal Loan,2901383,13.14,120,43560.68,2017-09-14,2030-09-21,Defaulted
LOAN002833,CUST004578,Car Loan,4605824,13.28,24,219575.5,2021-11-13,2032-07-14,Closed
LOAN002834,CUST007662,Car Loan,1752549,8.06,120,21318.86,2025-07-25,2029-10-29,Defaulted
LOAN002835,CUST011049,Car Loan,898510,14.03,120,13967.06,2023-04-30,2040-01-10,Defaulted
LOAN002836,CUST015109,Gold Loan,1931256,14.34,60,45278.09,2017-07-06,2035-05-17,Active
LOAN002837,CUST006368,Gold Loan,1794118,14.01,120,27867.42,2020-05-08,2034-11-22,Active
LOAN002838,CUST018557,Home Loan,3774161,10.18,180,40973.94,2016-08-30,2034-01-05,Closed
LOAN002839,CUST000550,Personal Loan,1303658,13.65,180,17055.88,2018-10-12,2026-04-27,Defaulted
LOAN002840,CUST015285,Education Loan,740511,10.08,24,34198.17,2020-02-29,2033-05-10,Closed
LOAN002841,CUST018525,Personal Loan,4655866,12.84,36,156515.96,2020-06-24,2030-06-22,Active
LOAN002842,CUST017777,Car Loan,4433320,8.13,240,37441.55,2022-03-09,2027-02-25,Defaulted
LOAN002843,CUST006683,Education Loan,1930651,7.51,84,29622.39,2021-09-30,2023-12-07,Closed
LOAN002844,CUST014921,Gold Loan,4555307,10.23,240,44656.1,2020-01-14,2041-10-06,Closed
LOAN002845,CUST018067,Home Loan,4035409,8.2,60,82210.35,2021-05-15,2023-05-05,Active
LOAN002846,CUST005916,Gold Loan,3447606,14.22,60,80613.52,2018-09-03,2038-09-06,Closed
LOAN002847,CUST003024,Education Loan,932148,13.6,240,11321.65,2022-11-10,2035-12-28,Active
LOAN002848,CUST019587,Gold Loan,3485235,9.84,24,160568.66,2018-11-01,2040-04-12,Defaulted
LOAN002849,CUST005196,Education Loan,2212548,11.53,120,31145.4,2017-07-09,2035-11-19,Defaulted
LOAN002850,CUST018171,Gold Loan,3816317,10.21,120,50877.75,2020-12-03,2038-04-07,Active
LOAN002851,CUST011238,Gold Loan,1243949,10.62,120,16868.92,2025-06-08,2039-05-07,Closed
LOAN002852,CUST012155,Personal Loan,3059618,8.07,180,29363.08,2022-03-09,2043-10-30,Defaulted
LOAN002853,CUST008648,Education Loan,2492350,11.15,240,25980.66,2020-05-29,2031-03-12,Active
LOAN002854,CUST010713,Gold Loan,339208,7.59,24,15278.11,2018-07-17,2040-05-13,Defaulted
LOAN002855,CUST002068,Gold Loan,4009576,9.54,120,51970.79,2018-08-17,2034-06-20,Defaulted
LOAN002856,CUST013832,Personal Loan,2490168,14.42,12,224077.41,2018-06-28,2025-05-13,Active
LOAN002857,CUST003170,Education Loan,1890254,8.76,12,165095.2,2024-07-13,2042-12-24,Closed
LOAN002858,CUST018679,Car Loan,3119237,12.0,84,55063.06,2024-08-31,2036-06-25,Defaulted
LOAN002859,CUST009465,Education Loan,1033248,8.14,60,21019.84,2017-02-04,2036-07-26,Closed
LOAN002860,CUST017805,Home Loan,2540747,12.92,180,32012.97,2020-05-26,2030-02-04,Closed
LOAN002861,CUST014444,Home Loan,225213,12.08,180,2714.54,2022-12-09,2037-11-09,Closed
LOAN002862,CUST018028,Home Loan,4263664,7.63,24,192115.28,2024-07-12,2036-12-12,Defaulted
LOAN002863,CUST008620,Home Loan,3387575,11.45,12,300111.02,2024-07-25,2035-01-27,Active
LOAN002864,CUST013515,Education Loan,548660,10.7,12,48414.74,2022-10-16,2038-02-14,Active
LOAN002865,CUST010412,Gold Loan,1346102,12.02,24,63378.27,2018-08-19,2032-05-27,Closed
LOAN002866,CUST016215,Car Loan,1531460,13.02,84,27876.92,2025-06-22,2036-09-23,Active
LOAN002867,CUST008050,Personal Loan,3530119,10.73,240,35791.06,2021-02-21,2038-06-12,Closed
LOAN002868,CUST001359,Home Loan,440165,14.32,36,15112.3,2025-07-06,2029-02-14,Closed
LOAN002869,CUST006276,Personal Loan,1354375,12.26,36,45153.0,2020-12-10,2044-06-15,Closed
LOAN002870,CUST009443,Car Loan,828131,12.65,180,10287.87,2019-03-18,2025-04-25,Closed
LOAN002871,CUST003395,Home Loan,580060,13.53,120,8843.19,2023-12-07,2041-01-24,Closed
LOAN002872,CUST017656,Personal Loan,3563241,9.03,84,57383.53,2023-12-14,2026-03-11,Defaulted
LOAN002873,CUST002256,Personal Loan,2053143,11.66,84,35871.33,2023-10-22,2041-05-29,Active
LOAN002874,CUST003503,Home Loan,424612,7.82,240,3504.21,2023-12-31,2035-03-20,Defaulted
LOAN002875,CUST005082,Personal Loan,347830,8.7,24,15842.69,2021-03-06,2039-07-11,Active
LOAN002876,CUST005585,Gold Loan,3557770,8.7,120,44492.72,2018-04-11,2020-08-22,Defaulted
LOAN002877,CUST006642,Car Loan,1762220,12.8,36,59206.54,2021-05-31,2044-10-08,Closed
LOAN002878,CUST006291,Education Loan,2891703,11.96,60,64265.9,2023-11-26,2041-06-16,Defaulted
LOAN002879,CUST009361,Gold Loan,661055,12.3,240,7417.51,2023-06-14,2031-08-26,Defaulted
LOAN002880,CUST012033,Education Loan,721123,13.59,84,13351.05,2016-11-08,2017-04-16,Closed
LOAN002881,CUST010629,Home Loan,613629,11.87,12,54482.88,2018-02-04,2039-11-29,Closed
LOAN002882,CUST011403,Education Loan,4911817,8.33,24,222888.18,2023-08-20,2035-10-10,Defaulted
LOAN002883,CUST005928,Car Loan,2913838,12.51,60,65570.17,2019-03-29,2038-02-15,Active
LOAN002884,CUST007933,Personal Loan,3013139,13.27,60,68975.35,2022-05-07,2026-01-17,Closed
LOAN002885,CUST016893,Personal Loan,2111768,9.95,120,27848.73,2017-02-06,2029-06-01,Defaulted
LOAN002886,CUST008273,Car Loan,1022093,10.97,120,14061.98,2018-06-02,2041-04-26,Active
LOAN002887,CUST015608,Gold Loan,3148601,11.08,180,35945.23,2016-09-22,2035-09-29,Closed
LOAN002888,CUST013819,Personal Loan,411554,8.23,36,12940.32,2024-07-02,2041-10-29,Active
LOAN002889,CUST005654,Gold Loan,3751054,10.98,180,42587.27,2017-07-26,2039-06-16,Defaulted
LOAN002890,CUST014782,Education Loan,938887,9.38,60,19663.36,2019-11-08,2045-11-19,Defaulted
LOAN002891,CUST006246,Education Loan,4746772,8.77,60,98006.16,2016-09-01,2020-07-05,Defaulted
LOAN002892,CUST015594,Car Loan,4548477,12.87,24,215965.25,2023-03-31,2033-01-10,Closed
LOAN002893,CUST005573,Personal Loan,3794991,7.89,12,329927.32,2024-06-23,2038-06-01,Closed
LOAN002894,CUST004319,Personal Loan,4369059,12.19,84,77570.47,2020-01-13,2022-05-10,Defaulted
LOAN002895,CUST000050,Home Loan,1239911,13.96,240,15382.54,2018-11-25,2031-06-01,Defaulted
LOAN002896,CUST009493,Gold Loan,1702881,12.98,36,57360.39,2016-12-25,2031-01-30,Closed
LOAN002897,CUST008172,Gold Loan,3569094,8.18,180,34480.03,2016-09-17,2029-08-17,Defaulted
LOAN002898,CUST006625,Home Loan,525000,9.1,240,4757.38,2019-07-11,2029-01-29,Closed
LOAN002899,CUST006632,Education Loan,3607522,12.33,180,44065.17,2023-05-23,2036-02-10,Closed
LOAN002900,CUST004161,Gold Loan,4612904,8.08,120,56162.44,2020-02-29,2038-07-15,Defaulted
LOAN002901,CUST008654,Education Loan,3654044,14.4,12,328774.19,2018-08-15,2023-04-27,Active
LOAN002902,CUST007104,Home Loan,4153144,10.37,60,89000.04,2025-07-26,2042-11-22,Active
LOAN002903,CUST001304,Education Loan,4908708,10.94,60,106580.38,2022-11-27,2041-09-10,Defaulted
LOAN002904,CUST018987,Home Loan,3015282,7.74,240,24735.31,2024-10-19,2043-03-16,Defaulted
LOAN002905,CUST017337,Personal Loan,2889506,9.2,180,29652.07,2022-06-01,2041-01-13,Active
LOAN002906,CUST016184,Home Loan,3563136,12.12,36,118551.43,2019-01-01,2023-03-16,Closed
LOAN002907,CUST017142,Car Loan,4947480,14.27,120,77622.97,2019-11-11,2023-07-19,Defaulted
LOAN002908,CUST009255,Education Loan,210954,13.85,36,7194.55,2021-01-21,2028-08-30,Closed
LOAN002909,CUST019314,Personal Loan,469999,11.11,84,8074.74,2024-05-17,2033-01-12,Active
LOAN002910,CUST006292,Gold Loan,2057271,9.54,24,94496.43,2016-09-28,2029-05-04,Closed
LOAN002911,CUST016052,Car Loan,4563524,7.56,36,142079.76,2024-08-26,2039-07-13,Active
LOAN002912,CUST015497,Car Loan,3647581,10.92,180,41275.24,2022-08-05,2025-03-17,Defaulted
LOAN002913,CUST000427,Car Loan,2680727,12.92,84,48651.17,2018-04-14,2040-09-02,Defaulted
LOAN002914,CUST016825,Home Loan,474047,9.42,12,41548.5,2017-04-13,2032-02-11,Closed
LOAN002915,CUST009223,Personal Loan,1262328,12.08,180,15215.09,2017-11-05,2024-05-02,Active
LOAN002916,CUST007661,Home Loan,1580826,9.64,60,33308.55,2025-07-02,2041-05-01,Active
LOAN002917,CUST016754,Home Loan,2237426,13.76,36,76209.37,2021-02-28,2043-07-26,Closed
LOAN002918,CUST014317,Personal Loan,4118784,9.41,120,53093.31,2024-01-01,2045-11-04,Closed
LOAN002919,CUST004374,Education Loan,3755502,10.41,24,174008.9,2020-04-28,2027-06-22,Closed
LOAN002920,CUST014251,Car Loan,1868333,8.71,240,16463.0,2021-02-09,2023-06-25,Defaulted
LOAN002921,CUST015474,Personal Loan,707053,8.11,36,22192.37,2021-07-26,2022-09-17,Closed
LOAN002922,CUST018674,Education Loan,2045861,10.66,180,22818.28,2020-06-04,2021-06-07,Defaulted
LOAN002923,CUST008687,Car Loan,3424994,9.28,36,109360.77,2021-03-14,2039-08-10,Active
LOAN002924,CUST014261,Gold Loan,4356027,11.8,240,47357.63,2023-03-06,2042-08-23,Active
LOAN002925,CUST017984,Gold Loan,3056334,10.16,180,33143.33,2019-02-08,2033-03-27,Active
LOAN002926,CUST010539,Education Loan,2280604,10.56,240,22861.08,2023-09-25,2026-07-29,Active
LOAN002927,CUST019926,Car Loan,3760817,8.57,24,171070.93,2021-11-26,2024-07-05,Closed
LOAN002928,CUST003959,Home Loan,2857877,9.04,120,36264.27,2024-06-08,2033-03-25,Closed
LOAN002929,CUST006734,Education Loan,787854,12.74,36,26447.36,2025-05-04,2030-06-07,Defaulted
LOAN002930,CUST011430,Home Loan,4662954,12.79,60,105595.93,2016-08-15,2031-05-09,Active
LOAN002931,CUST015151,Gold Loan,655609,13.84,120,10116.43,2022-06-21,2031-11-01,Defaulted
LOAN002932,CUST009661,Personal Loan,3611114,11.05,120,49845.36,2025-06-02,2037-01-27,Active
LOAN002933,CUST000055,Car Loan,2563687,12.1,120,36929.82,2024-08-05,2027-08-07,Defaulted
LOAN002934,CUST008252,Personal Loan,1871692,12.42,60,42033.09,2021-08-11,2046-04-14,Defaulted
LOAN002935,CUST018524,Car Loan,1205567,8.27,84,18952.81,2017-05-21,2046-02-10,Defaulted
LOAN002936,CUST019970,Car Loan,3094546,11.31,180,35777.24,2025-03-03,2041-10-26,Active
LOAN002937,CUST014953,Education Loan,4864487,10.5,180,53771.99,2024-10-12,2042-03-16,Closed
LOAN002938,CUST000402,Education Loan,4938643,14.07,180,66002.38,2016-09-24,2041-03-03,Active
LOAN002939,CUST004990,Education Loan,2336551,13.07,36,78806.44,2019-05-25,2027-09-09,Active
LOAN002940,CUST013474,Car Loan,584680,7.84,240,4832.44,2019-05-06,2045-09-02,Closed
LOAN002941,CUST003078,Home Loan,4950099,11.68,180,58394.24,2020-07-25,2025-08-01,Defaulted
LOAN002942,CUST005961,Car Loan,2350023,10.12,60,50069.91,2018-05-22,2023-06-21,Closed
LOAN002943,CUST012800,Home Loan,4785986,10.2,240,46821.77,2020-02-07,2029-07-01,Defaulted
LOAN002944,CUST019538,Gold Loan,1313404,11.4,240,13916.14,2016-10-11,2034-12-30,Active
LOAN002945,CUST003430,Personal Loan,1207751,10.4,12,106405.32,2019-03-12,2023-11-14,Defaulted
LOAN002946,CUST014375,Home Loan,1270086,8.68,60,26168.08,2018-12-24,2029-12-26,Defaulted
LOAN002947,CUST004439,Gold Loan,262718,10.48,240,2619.4,2017-01-17,2024-12-04,Defaulted
LOAN002948,CUST018597,Car Loan,4800327,7.82,120,57785.65,2020-12-05,2023-04-01,Active
LOAN002949,CUST011083,Personal Loan,2899557,7.82,84,44933.53,2019-10-25,2038-01-25,Active
LOAN002950,CUST001723,Home Loan,3240450,8.64,12,282841.46,2023-01-30,2042-06-03,Closed
LOAN002951,CUST009232,Education Loan,4082612,8.8,240,36208.83,2024-09-04,2042-06-18,Closed
LOAN002952,CUST000665,Home Loan,3806697,8.57,24,173157.9,2025-04-06,2030-11-14,Defaulted
LOAN002953,CUST016496,Home Loan,3332200,8.55,240,29023.14,2018-11-01,2027-10-18,Defaulted
LOAN002954,CUST014923,Personal Loan,2751291,14.0,180,36640.08,2018-04-19,2026-02-11,Closed
LOAN002955,CUST013577,Gold Loan,2104192,13.52,84,38876.75,2018-11-20,2026-04-25,Active
LOAN002956,CUST007345,Home Loan,1390539,14.0,120,21590.4,2022-12-29,2042-03-14,Active
LOAN002957,CUST018866,Car Loan,4162479,9.83,120,54616.37,2024-03-30,2029-06-23,Closed
LOAN002958,CUST005810,Gold Loan,3186608,13.89,180,42202.13,2016-12-23,2036-04-09,Active
LOAN002959,CUST018364,Car Loan,705578,14.2,84,13300.62,2017-02-17,2026-11-05,Active
LOAN002960,CUST016789,Education Loan,4421368,9.35,60,92533.19,2025-05-04,2039-07-24,Defaulted
LOAN002961,CUST004848,Gold Loan,2619658,12.13,240,29082.47,2021-09-28,2043-07-28,Defaulted
LOAN002962,CUST005567,Home Loan,932996,8.03,12,81172.8,2017-07-24,2017-11-27,Active
LOAN002963,CUST016338,Personal Loan,690966,9.9,12,60714.76,2018-02-26,2042-11-07,Defaulted
LOAN002964,CUST015209,Car Loan,2849733,11.24,84,49154.72,2018-02-28,2032-03-27,Closed
LOAN002965,CUST012065,Car Loan,2393452,7.67,84,36912.56,2022-03-13,2026-02-01,Defaulted
LOAN002966,CUST009677,Personal Loan,926291,8.8,120,11633.84,2017-10-26,2025-11-08,Defaulted
LOAN002967,CUST008426,Gold Loan,3864697,14.3,120,60704.84,2023-09-14,2044-10-31,Defaulted
LOAN002968,CUST019280,Education Loan,1085462,9.79,180,11525.38,2019-12-22,2032-02-10,Closed
LOAN002969,CUST007018,Home Loan,4042938,13.77,84,75251.96,2018-05-22,2026-10-30,Defaulted
LOAN002970,CUST007677,Personal Loan,1062923,11.88,12,94379.76,2020-12-05,2032-08-31,Active
LOAN002971,CUST008239,Education Loan,3106121,11.49,24,145477.22,2016-12-03,2044-11-25,Closed
LOAN002972,CUST010019,Home Loan,655551,13.75,12,58782.95,2022-10-29,2022-12-31,Active
LOAN002973,CUST018276,Education Loan,2420336,13.12,120,36309.73,2019-11-08,2030-08-13,Closed
LOAN002974,CUST000609,Home Loan,1601610,8.39,24,72721.7,2023-04-24,2030-12-22,Closed
LOAN002975,CUST004703,Personal Loan,4120570,11.57,120,58098.48,2020-06-27,2027-12-17,Closed
LOAN002976,CUST016951,Home Loan,4657215,8.81,240,41334.78,2017-01-27,2044-05-22,Defaulted
LOAN002977,CUST000020,Car Loan,2671508,9.95,120,35230.25,2025-05-03,2044-10-03,Active
LOAN002978,CUST016109,Personal Loan,1770022,8.3,60,36144.33,2017-08-20,2040-02-01,Defaulted
LOAN002979,CUST008716,Education Loan,3864484,10.74,24,179649.11,2024-08-25,2029-10-21,Closed
LOAN002980,CUST007746,Home Loan,1404546,9.49,240,13083.04,2025-05-18,2033-02-01,Closed
LOAN002981,CUST018163,Education Loan,4652255,13.96,24,223280.27,2016-09-20,2026-03-15,Closed
LOAN002982,CUST010810,Education Loan,2015448,12.17,180,24409.63,2019-03-03,2045-10-28,Closed
LOAN002983,CUST019189,Education Loan,2618265,8.67,120,32701.28,2020-11-18,2040-08-18,Active
LOAN002984,CUST003048,Gold Loan,3912195,11.83,60,86688.91,2018-12-29,2029-05-28,Active
LOAN002985,CUST017066,Education Loan,3835083,10.04,120,50765.89,2020-01-26,2044-12-13,Defaulted
LOAN002986,CUST002488,Gold Loan,2957668,10.5,12,260714.3,2016-08-12,2043-10-12,Closed
LOAN002987,CUST007809,Personal Loan,1853352,13.72,12,166163.06,2018-04-19,2021-07-24,Closed
LOAN002988,CUST014612,Home Loan,2955987,14.12,180,39604.71,2020-09-14,2039-10-17,Defaulted
LOAN002989,CUST014440,Education Loan,3409545,13.97,180,45337.62,2016-08-24,2017-12-29,Defaulted
LOAN002990,CUST014800,Car Loan,392983,12.88,120,5839.88,2021-10-27,2026-11-15,Defaulted
LOAN002991,CUST011380,Car Loan,1527703,14.46,60,35912.35,2021-09-03,2036-10-21,Defaulted
LOAN002992,CUST014512,Home Loan,789926,11.75,120,11219.28,2024-05-26,2042-10-31,Defaulted
LOAN002993,CUST005144,Gold Loan,2322554,12.16,24,109504.3,2024-01-25,2029-12-23,Active
LOAN002994,CUST015164,Car Loan,3909652,8.76,240,34574.96,2017-04-27,2038-04-16,Closed
LOAN002995,CUST004141,Personal Loan,357663,12.42,120,5218.64,2023-02-26,2023-11-04,Closed
LOAN002996,CUST003980,Gold Loan,3392544,8.05,12,295190.51,2024-08-14,2045-01-08,Active
LOAN002997,CUST012386,Education Loan,3104641,13.53,24,148374.36,2020-11-01,2034-03-05,Closed
LOAN002998,CUST008587,Car Loan,4531504,9.34,60,94816.09,2019-12-03,2032-05-08,Closed
LOAN002999,CUST011214,Education Loan,471532,11.08,60,10271.07,2017-06-20,2033-11-26,Closed
LOAN003000,CUST013807,Education Loan,1258248,11.94,180,15052.55,2024-07-08,2033-02-03,Active
LOAN003001,CUST013206,Gold Loan,3899790,10.57,180,43277.63,2020-03-11,2041-06-09,Closed
LOAN003002,CUST012798,Car Loan,4519959,13.7,12,405196.35,2024-06-27,2030-06-27,Defaulted
LOAN003003,CUST006542,Car Loan,1192006,13.05,120,17833.1,2025-05-22,2036-06-08,Defaulted
LOAN003004,CUST002959,Gold Loan,4539034,11.33,84,78509.13,2019-11-21,2030-01-22,Active
LOAN003005,CUST014627,Home Loan,4983928,10.08,36,161004.6,2024-01-22,2046-06-29,Defaulted
LOAN003006,CUST007898,Car Loan,3706330,11.75,24,174037.43,2024-03-27,2044-01-04,Defaulted
LOAN003007,CUST014254,Car Loan,3199147,9.62,240,30071.38,2016-12-28,2026-10-19,Closed
LOAN003008,CUST006877,Education Loan,2849874,14.19,60,66592.64,2023-05-22,2026-07-05,Defaulted
LOAN003009,CUST017967,Education Loan,1535657,13.18,240,18188.66,2020-06-15,2045-07-03,Active
LOAN003010,CUST019617,Gold Loan,537823,8.32,180,5239.56,2021-04-22,2031-12-03,Defaulted
LOAN003011,CUST013134,Education Loan,4673682,11.67,36,154497.51,2018-02-10,2026-08-13,Active
LOAN003012,CUST014357,Home Loan,565391,11.27,24,26422.58,2022-10-25,2031-09-14,Active
LOAN003013,CUST017319,Gold Loan,1723900,9.38,240,15934.16,2023-02-10,2044-11-11,Closed
LOAN003014,CUST012418,Car Loan,3070050,13.44,120,46639.32,2023-05-20,2044-10-28,Defaulted
LOAN003015,CUST016489,Home Loan,1820528,10.67,60,39283.74,2020-01-27,2044-09-18,Active
LOAN003016,CUST011765,Gold Loan,3929568,12.37,84,70147.55,2022-04-26,2044-04-30,Defaulted
LOAN003017,CUST012754,Education Loan,2938149,12.15,120,42409.07,2017-10-12,2029-06-14,Defaulted
LOAN003018,CUST001984,Personal Loan,998691,9.6,84,16373.78,2023-08-20,2046-03-16,Closed
LOAN003019,CUST008410,Education Loan,1826297,13.18,240,21631.07,2020-10-04,2034-10-13,Active
LOAN003020,CUST018446,Education Loan,815876,7.57,180,7595.76,2022-09-10,2032-12-22,Defaulted
LOAN003021,CUST004116,Education Loan,1416733,8.57,84,22485.97,2019-10-26,2034-04-19,Active
LOAN003022,CUST004489,Personal Loan,4132297,11.81,180,49090.51,2024-04-17,2043-06-25,Active
LOAN003023,CUST015542,Car Loan,3165180,9.22,36,100976.28,2019-01-17,2020-06-06,Defaulted
LOAN003024,CUST006024,Education Loan,3180084,9.33,180,32881.79,2016-12-22,2022-05-28,Active
LOAN003025,CUST007794,Gold Loan,4873460,12.92,24,231510.09,2020-01-09,2028-01-31,Defaulted
LOAN003026,CUST000658,Personal Loan,2605111,13.44,240,31341.05,2024-09-15,2042-01-15,Active
LOAN003027,CUST013516,Car Loan,3507628,13.44,240,42198.87,2022-01-01,2028-03-12,Active
LOAN003028,CUST000752,Car Loan,2715817,10.14,84,45282.48,2024-08-12,2031-02-28,Active
LOAN003029,CUST002082,Home Loan,3694554,7.56,36,115025.44,2017-04-09,2022-01-21,Defaulted
LOAN003030,CUST012218,Education Loan,2933871,12.45,36,98078.28,2017-03-27,2041-02-21,Active
LOAN003031,CUST006062,Home Loan,998177,12.76,60,22589.15,2020-12-10,2029-05-12,Defaulted
LOAN003032,CUST003342,Personal Loan,2719976,8.67,120,33971.61,2018-05-13,2038-01-16,Defaulted
LOAN003033,CUST013038,Education Loan,1709203,12.95,180,21569.36,2024-02-17,2024-03-20,Closed
LOAN003034,CUST000844,Gold Loan,3753069,10.3,180,41022.26,2019-10-02,2029-02-13,Active
LOAN003035,CUST012759,Home Loan,3885168,8.02,60,78814.39,2017-07-11,2031-12-14,Active
LOAN003036,CUST015288,Education Loan,1659927,10.45,24,76942.43,2023-10-11,2031-10-09,Active
LOAN003037,CUST013563,Car Loan,3553492,14.18,24,170915.72,2018-03-06,2023-11-23,Active
LOAN003038,CUST010679,Personal Loan,316821,13.95,84,5928.48,2021-05-12,2045-03-14,Closed
LOAN003039,CUST015131,Personal Loan,1610328,11.18,24,75188.55,2018-09-19,2039-12-27,Closed
LOAN003040,CUST010839,Car Loan,4187729,10.56,12,369259.5,2020-01-11,2045-03-14,Active
LOAN003041,CUST019159,Education Loan,3972022,7.57,180,36979.31,2020-01-08,2026-05-21,Active
LOAN003042,CUST003512,Personal Loan,3713818,8.35,120,45748.63,2023-04-04,2023-05-17,Defaulted
LOAN003043,CUST017256,Personal Loan,2622325,13.88,120,40526.91,2019-10-01,2036-08-24,Defaulted
LOAN003044,CUST011772,Education Loan,459314,8.33,12,40025.12,2017-08-06,2040-03-12,Defaulted
LOAN003045,CUST000554,Gold Loan,1435783,14.42,24,69221.3,2016-11-11,2022-02-04,Closed
LOAN003046,CUST019216,Education Loan,3818976,8.95,60,79183.02,2025-02-21,2027-03-08,Active
LOAN003047,CUST005884,Car Loan,2064901,8.46,84,32659.26,2022-09-20,2037-03-10,Active
LOAN003048,CUST012120,Home Loan,1910622,11.14,180,21884.33,2021-08-23,2021-12-16,Closed
LOAN003049,CUST015840,Car Loan,1742646,10.56,120,23572.98,2020-07-02,2030-09-07,Defaulted
LOAN003050,CUST011099,Car Loan,1955700,10.5,120,26389.24,2022-02-25,2026-04-23,Closed
LOAN003051,CUST000577,Car Loan,1869220,8.19,12,162764.77,2017-10-22,2039-06-27,Active
LOAN003052,CUST006875,Personal Loan,729928,11.71,180,8624.64,2019-02-26,2032-05-15,Closed
LOAN003053,CUST004462,Home Loan,2289392,12.54,24,108347.87,2022-08-24,2046-02-13,Defaulted
LOAN003054,CUST014786,Personal Loan,4166701,13.84,36,142084.38,2022-05-19,2039-06-12,Active
LOAN003055,CUST000048,Education Loan,1005573,10.01,240,9710.66,2022-04-13,2027-04-04,Active
LOAN003056,CUST006268,Home Loan,4493637,13.55,12,402519.88,2019-10-23,2046-04-22,Active
LOAN003057,CUST007579,Personal Loan,4675629,8.81,240,41498.21,2021-07-30,2027-06-29,Defaulted
LOAN003058,CUST008553,Gold Loan,524788,9.32,12,45971.4,2025-07-19,2044-06-06,Active
LOAN003059,CUST015299,Gold Loan,4731060,13.81,240,58179.99,2023-02-18,2041-07-06,Closed
LOAN003060,CUST004853,Home Loan,431685,12.16,60,9637.53,2025-07-15,2045-11-12,Defaulted
LOAN003061,CUST017390,Car Loan,2513336,10.34,36,81500.07,2016-11-11,2022-11-28,Defaulted
LOAN003062,CUST001216,Home Loan,1837159,12.54,36,61494.88,2019-11-06,2027-02-13,Closed
LOAN003063,CUST018320,Home Loan,1147105,12.22,12,102036.99,2018-06-27,2023-01-31,Closed
LOAN003064,CUST001945,Car Loan,595311,10.28,24,27547.58,2020-11-24,2023-09-24,Closed
LOAN003065,CUST016433,Personal Loan,718146,12.74,84,12963.19,2022-08-16,2032-09-21,Defaulted
LOAN003066,CUST001451,Car Loan,4437403,8.09,60,90165.78,2023-05-03,2024-02-24,Defaulted
LOAN003067,CUST016748,Home Loan,939722,14.47,120,14857.45,2022-02-14,2043-01-28,Defaulted
LOAN003068,CUST005227,Education Loan,4257757,10.29,12,374899.0,2017-01-01,2022-02-11,Defaulted
LOAN003069,CUST015175,Education Loan,2583515,11.46,36,85144.87,2021-03-13,2036-01-22,Closed
LOAN003070,CUST005047,Education Loan,2903134,12.33,240,32636.41,2016-12-26,2034-03-13,Active
LOAN003071,CUST002404,Car Loan,2552371,12.91,180,32142.67,2021-07-03,2037-05-31,Defaulted
LOAN003072,CUST010665,Personal Loan,3589212,10.04,240,34731.85,2018-06-01,2028-08-15,Active
LOAN003073,CUST013859,Gold Loan,4867146,14.24,60,113856.48,2017-09-01,2027-02-06,Active
LOAN003074,CUST010437,Car Loan,4429760,8.16,60,90159.15,2018-01-23,2030-02-15,Active
LOAN003075,CUST018245,Car Loan,4120624,9.46,36,131918.71,2017-06-20,2028-01-01,Active
LOAN003076,CUST014322,Personal Loan,2624250,8.63,60,54005.08,2017-07-07,2029-04-24,Active
LOAN003077,CUST015779,Home Loan,3385750,12.36,180,41422.13,2018-08-20,2041-01-05,Defaulted
LOAN003078,CUST003705,Car Loan,4112014,14.16,36,140858.65,2017-12-21,2027-10-28,Closed
LOAN003079,CUST002169,Personal Loan,2977144,10.18,24,137627.56,2017-04-16,2021-01-31,Closed
LOAN003080,CUST008787,Education Loan,1370523,9.24,180,14097.11,2020-10-21,2021-09-02,Closed
LOAN003081,CUST009827,Personal Loan,4264698,8.68,240,37497.32,2020-02-20,2036-03-16,Active
LOAN003082,CUST019246,Gold Loan,539649,8.53,60,11079.53,2018-07-10,2040-11-03,Defaulted
LOAN003083,CUST006174,Home Loan,3383074,14.16,84,63698.24,2020-11-06,2024-06-21,Closed
LOAN003084,CUST014087,Car Loan,2043781,14.01,36,69861.52,2020-07-02,2036-07-07,Closed
LOAN003085,CUST010610,Gold Loan,1978009,10.51,84,33360.87,2020-03-21,2029-12-15,Closed
LOAN003086,CUST015413,Car Loan,2706939,7.54,12,234897.03,2020-10-30,2032-09-19,Closed
LOAN003087,CUST012702,Gold Loan,1305604,13.46,180,16916.18,2022-06-25,2038-02-14,Closed
LOAN003088,CUST015158,Personal Loan,3593987,13.87,60,83383.77,2023-11-19,2031-04-11,Closed
LOAN003089,CUST001214,Home Loan,542007,10.21,36,17542.53,2020-07-19,2043-04-21,Active
LOAN003090,CUST016926,Car Loan,3223010,10.92,240,33092.24,2020-05-28,2038-09-17,Active
LOAN003091,CUST006671,Personal Loan,3196636,14.31,180,43238.76,2019-08-11,2021-10-02,Closed
LOAN003092,CUST013023,Personal Loan,234900,11.01,12,20761.95,2021-04-19,2034-09-26,Active
LOAN003093,CUST017971,Personal Loan,1655915,13.39,24,79028.9,2018-01-17,2028-06-19,Closed
LOAN003094,CUST004875,Car Loan,3935421,7.94,84,61220.74,2018-12-28,2034-03-05,Closed
LOAN003095,CUST005460,Personal Loan,165958,9.26,240,1521.03,2021-12-02,2043-08-03,Closed
LOAN003096,CUST016063,Personal Loan,449464,8.43,60,9206.29,2018-02-21,2042-03-12,Closed
LOAN003097,CUST003208,Car Loan,3716589,10.04,24,171570.35,2022-06-13,2044-07-22,Closed
LOAN003098,CUST004931,Personal Loan,186008,10.61,60,4008.18,2022-04-27,2026-06-02,Defaulted
LOAN003099,CUST003354,Personal Loan,2194866,10.38,60,47045.86,2021-06-23,2030-03-18,Active
LOAN003100,CUST000745,Education Loan,1204213,13.9,24,57760.87,2018-11-21,2021-10-23,Defaulted
LOAN003101,CUST010328,Gold Loan,3652098,11.67,36,120727.1,2020-06-05,2025-11-28,Active
LOAN003102,CUST005372,Personal Loan,2744247,10.96,240,28251.13,2018-01-10,2018-08-10,Active
LOAN003103,CUST009627,Gold Loan,4362596,11.61,84,76104.83,2018-12-02,2029-05-09,Closed
LOAN003104,CUST018185,Home Loan,1361021,14.22,240,17142.48,2018-03-13,2043-10-22,Active
LOAN003105,CUST018137,Home Loan,1040322,8.29,120,12781.96,2024-12-07,2030-09-28,Defaulted
LOAN003106,CUST017183,Education Loan,463666,10.37,12,40843.44,2018-07-16,2043-01-02,Defaulted
LOAN003107,CUST004446,Car Loan,3230135,13.82,120,49804.16,2022-04-28,2035-07-23,Defaulted
LOAN003108,CUST004402,Car Loan,1970320,12.37,180,24118.18,2022-03-12,2043-09-22,Closed
LOAN003109,CUST018734,Home Loan,4997620,12.77,60,113123.66,2021-09-03,2026-03-31,Active
LOAN003110,CUST003624,Gold Loan,4822008,10.68,84,81755.44,2017-02-01,2040-08-29,Active
LOAN003111,CUST016636,Education Loan,4405892,9.55,120,57131.85,2022-12-17,2046-07-16,Defaulted
LOAN003112,CUST000730,Gold Loan,4425610,7.71,180,41555.86,2018-05-09,2027-05-26,Active
LOAN003113,CUST004548,Home Loan,3618138,9.67,240,34128.46,2019-07-19,2045-03-12,Defaulted
LOAN003114,CUST001641,Home Loan,4958967,10.83,180,55835.23,2022-05-11,2039-06-10,Closed
LOAN003115,CUST014922,Gold Loan,1627184,7.96,180,15512.67,2019-05-30,2031-09-07,Active
LOAN003116,CUST014100,Personal Loan,4360778,11.3,84,75356.78,2018-09-04,2019-07-17,Closed
LOAN003117,CUST012646,Gold Loan,364752,9.74,12,32023.41,2017-08-09,2044-07-04,Closed
LOAN003118,CUST000543,Home Loan,2294207,9.36,24,105189.61,2020-05-11,2033-04-20,Closed
LOAN003119,CUST018281,Home Loan,376672,7.86,84,5844.65,2023-06-13,2028-12-26,Active
LOAN003120,CUST012117,Car Loan,531086,9.54,180,5558.56,2017-02-28,2037-10-29,Closed
LOAN003121,CUST009004,Personal Loan,1110128,8.33,84,17485.77,2019-03-08,2043-05-12,Closed
LOAN003122,CUST000147,Education Loan,4197197,9.6,24,192905.38,2018-12-09,2033-05-21,Active
LOAN003123,CUST003483,Car Loan,1022702,10.31,84,17142.33,2016-09-27,2022-06-21,Active
LOAN003124,CUST019847,Education Loan,2263260,13.03,24,107631.4,2016-12-04,2043-10-22,Closed
LOAN003125,CUST000242,Home Loan,3604340,11.39,36,118668.27,2022-06-04,2037-07-16,Defaulted
LOAN003126,CUST007503,Education Loan,572320,13.52,180,7438.15,2018-01-17,2041-06-05,Active
LOAN003127,CUST009809,Home Loan,1110390,11.71,84,19429.63,2024-01-07,2045-12-21,Closed
LOAN003128,CUST018654,Car Loan,1391452,8.71,36,44060.24,2023-07-28,2026-05-19,Defaulted
LOAN003129,CUST011189,Gold Loan,736138,10.5,180,8137.26,2016-10-31,2040-03-06,Defaulted
LOAN003130,CUST010300,Gold Loan,184366,13.88,180,2440.43,2021-02-02,2029-01-31,Active
LOAN003131,CUST001953,Home Loan,2938391,12.22,60,65690.02,2023-06-26,2040-05-22,Defaulted
LOAN003132,CUST005228,Home Loan,4583724,11.6,36,151371.0,2025-05-05,2034-10-19,Defaulted
LOAN003133,CUST012061,Home Loan,4980654,12.69,60,112536.36,2016-11-24,2035-03-31,Closed
LOAN003134,CUST001595,Personal Loan,3826566,8.73,12,334159.93,2024-09-04,2029-11-28,Defaulted
LOAN003135,CUST017353,Education Loan,4941385,11.99,120,70865.96,2021-09-12,2037-06-18,Active
LOAN003136,CUST003920,Car Loan,3422241,10.69,180,38233.52,2023-05-14,2028-09-15,Closed
LOAN003137,CUST005461,Home Loan,438571,8.11,120,5346.6,2022-12-23,2030-07-07,Defaulted
LOAN003138,CUST009431,Education Loan,3490059,14.13,180,46783.78,2022-01-13,2045-10-28,Active
LOAN003139,CUST019541,Education Loan,3704563,11.18,24,172971.42,2025-02-09,2030-11-07,Closed
LOAN003140,CUST014439,Education Loan,2223315,13.25,24,105961.71,2023-11-02,2036-08-15,Active
LOAN003141,CUST008823,Car Loan,183061,12.5,12,16307.6,2020-09-06,2040-08-31,Active
LOAN003142,CUST013689,Car Loan,828698,8.09,180,7962.59,2025-04-06,2033-08-04,Active
LOAN003143,CUST015844,Personal Loan,4854961,11.84,84,85288.47,2025-05-21,2043-06-27,Closed
LOAN003144,CUST002079,Personal Loan,3339513,7.56,84,51321.32,2022-05-21,2033-07-07,Active
LOAN003145,CUST016122,Car Loan,3546846,13.98,24,170260.79,2023-10-27,2036-05-12,Active
LOAN003146,CUST009478,Car Loan,2724122,10.86,180,30723.23,2025-04-15,2041-06-14,Active
LOAN003147,CUST014285,Home Loan,3820542,12.7,240,43946.54,2023-01-26,2035-04-13,Active
LOAN003148,CUST007781,Car Loan,2317234,10.42,12,204174.61,2020-02-05,2040-02-22,Closed
LOAN003149,CUST016492,Home Loan,1187889,10.33,180,13006.0,2022-09-02,2028-08-08,Active
LOAN003150,CUST000001,Car Loan,2878116,10.54,36,93600.1,2017-08-02,2026-05-04,Defaulted
LOAN003151,CUST006410,Personal Loan,4471059,8.48,120,55386.92,2021-07-27,2035-11-06,Defaulted
LOAN003152,CUST008761,Home Loan,3161132,10.01,24,145884.79,2018-03-08,2040-09-15,Defaulted
LOAN003153,CUST010194,Gold Loan,889131,13.21,24,42358.66,2018-06-02,2044-11-22,Defaulted
LOAN003154,CUST012355,Home Loan,709673,14.45,180,9666.53,2018-04-15,2028-02-29,Defaulted
LOAN003155,CUST002145,Education Loan,4912581,10.51,24,227848.8,2020-03-03,2034-05-05,Closed
LOAN003156,CUST018279,Gold Loan,2293176,11.6,36,75728.89,2021-09-07,2022-01-02,Active
LOAN003157,CUST007950,Home Loan,4553314,12.63,60,102741.5,2025-04-20,2026-01-05,Closed
LOAN003158,CUST015757,Car Loan,2585516,9.99,240,24933.66,2019-04-05,2026-03-17,Closed
LOAN003159,CUST013955,Education Loan,841525,12.56,60,18958.27,2021-06-23,2029-12-24,Defaulted
LOAN003160,CUST002067,Car Loan,2956539,10.02,36,95426.96,2022-10-21,2027-02-23,Active
LOAN003161,CUST013031,Personal Loan,1545877,9.68,120,20155.93,2021-12-12,2042-12-15,Closed
LOAN003162,CUST006892,Personal Loan,4489698,12.26,24,211891.22,2024-04-29,2024-08-15,Defaulted
LOAN003163,CUST003504,Car Loan,510084,10.8,24,23726.58,2022-01-22,2042-03-19,Closed
LOAN003164,CUST002272,Home Loan,1506961,11.19,180,17308.29,2018-07-12,2043-12-07,Active
LOAN003165,CUST007328,Personal Loan,3691060,9.73,120,48227.44,2023-03-24,2037-08-13,Active
LOAN003166,CUST005469,Car Loan,398554,12.81,120,5906.26,2021-11-01,2043-07-13,Closed
LOAN003167,CUST003269,Education Loan,4488527,9.49,120,58055.87,2018-08-23,2037-07-11,Closed
LOAN003168,CUST016058,Personal Loan,1155398,14.19,84,21773.62,2017-12-09,2022-06-03,Defaulted
LOAN003169,CUST006138,Personal Loan,428409,10.88,120,5872.27,2021-04-07,2027-04-14,Defaulted
LOAN003170,CUST012054,Car Loan,2440270,10.78,12,215424.77,2024-01-08,2038-01-01,Active
LOAN003171,CUST005305,Gold Loan,1130631,11.69,84,19771.77,2018-06-11,2044-09-16,Closed
LOAN003172,CUST014419,Home Loan,236002,13.29,12,21111.18,2023-01-15,2027-09-27,Closed
LOAN003173,CUST019684,Education Loan,2024607,14.37,120,31887.32,2021-05-19,2029-01-23,Defaulted
LOAN003174,CUST015316,Home Loan,4664264,10.07,180,50322.35,2024-01-21,2024-05-01,Closed
LOAN003175,CUST008701,Gold Loan,2620151,9.22,240,23946.17,2017-08-14,2031-08-09,Active
LOAN003176,CUST007222,Education Loan,1363581,11.67,24,63978.56,2024-04-07,2026-10-28,Closed
LOAN003177,CUST006662,Gold Loan,2073542,11.06,84,35569.54,2020-03-14,2027-05-29,Closed
LOAN003178,CUST012240,Home Loan,2943551,12.3,180,35897.66,2019-09-03,2023-06-16,Defaulted
LOAN003179,CUST004823,Personal Loan,3292518,12.9,60,74746.46,2022-11-07,2041-06-16,Closed
LOAN003180,CUST018350,Education Loan,1909325,8.69,24,86955.7,2022-08-12,2035-03-25,Closed
LOAN003181,CUST006665,Education Loan,4894101,11.98,120,70159.56,2018-07-16,2023-02-01,Closed
LOAN003182,CUST003422,Home Loan,3934381,8.33,12,342846.23,2020-03-11,2025-05-01,Active
LOAN003183,CUST009072,Personal Loan,2850414,13.03,36,96082.91,2025-05-25,2030-03-08,Active
LOAN003184,CUST019626,Personal Loan,1519750,11.93,60,33752.27,2020-07-02,2036-06-04,Defaulted
LOAN003185,CUST019281,Education Loan,2746717,10.67,180,30652.3,2024-09-09,2036-10-16,Closed
LOAN003186,CUST019325,Home Loan,2218738,9.39,120,28576.47,2016-12-27,2017-05-02,Defaulted
LOAN003187,CUST004253,Home Loan,3138067,8.69,240,27611.41,2018-02-27,2021-10-17,Defaulted
LOAN003188,CUST016428,Home Loan,1938548,12.94,24,92107.48,2017-10-10,2039-06-04,Defaulted
LOAN003189,CUST017604,Home Loan,1667997,14.37,36,57308.39,2020-04-21,2039-03-30,Active
LOAN003190,CUST009339,Personal Loan,675384,14.25,60,15802.68,2024-12-19,2028-07-07,Active
LOAN003191,CUST012760,Personal Loan,3353314,13.1,120,50266.56,2023-05-20,2031-03-14,Active
LOAN003192,CUST017486,Home Loan,3233376,10.49,24,149936.21,2021-02-18,2028-06-29,Closed
LOAN003193,CUST016266,Personal Loan,3827038,11.45,12,339043.8,2020-08-11,2032-02-20,Closed
LOAN003194,CUST003994,Home Loan,3202193,11.38,240,33884.75,2024-07-20,2025-10-23,Closed
LOAN003195,CUST006613,Personal Loan,3830961,11.73,24,179853.98,2019-12-31,2030-03-03,Closed
LOAN003196,CUST012650,Gold Loan,1616083,9.39,84,26322.28,2017-09-12,2040-04-10,Active
LOAN003197,CUST008162,Personal Loan,3794539,8.9,12,331662.1,2022-07-15,2043-04-10,Active
LOAN003198,CUST003657,Education Loan,2173028,12.1,180,26219.95,2024-01-06,2032-08-08,Active
LOAN003199,CUST006236,Gold Loan,2055751,10.61,84,34779.33,2021-01-06,2040-05-06,Defaulted
LOAN003200,CUST011649,Education Loan,292597,12.2,12,26024.27,2021-06-02,2027-09-03,Closed
LOAN003201,CUST006069,Personal Loan,126588,14.22,60,2959.94,2022-05-05,2039-11-28,Closed
LOAN003202,CUST007302,Car Loan,4164637,12.66,36,139642.03,2019-04-11,2023-04-15,Active
LOAN003203,CUST007277,Personal Loan,4036884,9.01,24,184442.53,2016-12-25,2029-11-12,Closed
LOAN003204,CUST004721,Home Loan,2865587,7.59,180,26711.11,2025-01-03,2040-06-02,Defaulted
LOAN003205,CUST001176,Gold Loan,292943,13.31,24,13969.74,2025-03-25,2028-12-17,Active
LOAN003206,CUST010520,Personal Loan,607211,11.65,12,53850.59,2019-08-31,2044-05-27,Active
LOAN003207,CUST014579,Personal Loan,2064761,13.87,24,99008.37,2023-08-16,2040-07-22,Defaulted
LOAN003208,CUST012607,Gold Loan,1248260,14.07,240,15585.87,2019-05-12,2043-10-28,Closed
LOAN003209,CUST014573,Education Loan,1573300,13.74,36,53573.2,2023-12-08,2029-12-23,Closed
LOAN003210,CUST004886,Home Loan,4422655,13.28,180,56774.58,2020-03-21,2027-01-02,Closed
LOAN003211,CUST004872,Home Loan,175431,14.34,120,2759.83,2019-05-29,2034-07-27,Defaulted
LOAN003212,CUST013974,Education Loan,3726781,8.26,84,58570.33,2021-12-21,2028-12-08,Closed
LOAN003213,CUST019758,Home Loan,4315667,8.15,84,67587.88,2020-09-10,2020-12-03,Defaulted
LOAN003214,CUST010558,Gold Loan,2552510,8.32,120,31402.27,2019-05-19,2040-12-02,Active
LOAN003215,CUST008508,Education Loan,4065163,7.73,120,48743.59,2019-09-30,2025-12-14,Active
LOAN003216,CUST016656,Car Loan,4789281,10.37,24,221819.79,2021-07-10,2043-12-29,Defaulted
LOAN003217,CUST014075,Home Loan,4809690,8.26,120,59017.68,2022-07-31,2025-07-21,Defaulted
LOAN003218,CUST007287,Gold Loan,3193779,10.84,180,35980.16,2023-09-19,2035-11-15,Closed
LOAN003219,CUST016843,Gold Loan,2999749,14.21,36,102830.54,2017-12-18,2035-10-17,Closed
LOAN003220,CUST008375,Gold Loan,397897,13.08,240,4684.36,2020-03-01,2041-03-14,Active
LOAN003221,CUST008847,Home Loan,4277902,10.17,36,138377.55,2020-12-20,2034-08-05,Closed
LOAN003222,CUST004768,Car Loan,109737,12.34,60,2459.94,2020-12-24,2026-01-02,Closed
LOAN003223,CUST013975,Education Loan,1950426,12.9,84,35376.13,2019-10-12,2043-04-29,Closed
LOAN003224,CUST004606,Car Loan,4473297,10.92,12,395190.5,2020-06-29,2021-12-06,Closed
LOAN003225,CUST008844,Personal Loan,2480439,10.06,36,80106.68,2020-03-02,2027-12-18,Active
LOAN003226,CUST005380,Home Loan,3860640,10.32,180,42245.68,2018-07-24,2022-06-23,Active
LOAN003227,CUST001167,Gold Loan,1870119,8.64,36,59156.44,2019-02-27,2039-05-27,Closed
LOAN003228,CUST006587,Home Loan,1891664,10.84,120,25886.64,2024-05-31,2025-09-01,Closed
LOAN003229,CUST007570,Home Loan,4440979,11.0,12,392501.09,2017-07-15,2042-10-19,Closed
LOAN003230,CUST003858,Home Loan,1441882,13.65,84,26742.87,2024-10-04,2038-02-11,Closed
LOAN003231,CUST009503,Car Loan,4685260,11.7,84,81957.85,2020-01-03,2021-10-17,Active
LOAN003232,CUST008159,Education Loan,3978356,11.23,120,55321.09,2022-07-21,2042-06-26,Defaulted
LOAN003233,CUST006813,Personal Loan,858102,13.82,12,76973.85,2020-01-24,2035-09-29,Closed
LOAN003234,CUST005853,Education Loan,4737160,7.89,60,95803.33,2022-04-04,2039-04-26,Active
LOAN003235,CUST001784,Education Loan,2427534,13.58,120,37080.85,2018-08-05,2044-12-04,Closed
LOAN003236,CUST001414,Car Loan,151430,7.92,240,1259.09,2024-05-03,2040-06-26,Defaulted
LOAN003237,CUST001131,Gold Loan,4229626,13.36,240,50641.96,2025-04-29,2038-04-04,Active
LOAN003238,CUST003278,Gold Loan,1789109,8.9,12,156377.27,2016-11-05,2034-04-12,Defaulted
LOAN003239,CUST008632,Car Loan,629346,13.21,24,29982.37,2022-04-17,2030-01-16,Defaulted
LOAN003240,CUST013620,Gold Loan,3802549,9.58,120,49370.76,2022-03-23,2028-01-21,Active
LOAN003241,CUST013691,Car Loan,1477041,8.08,120,17983.08,2017-12-14,2037-11-28,Active
LOAN003242,CUST007999,Education Loan,2268236,11.85,84,39858.84,2024-03-30,2026-09-22,Active
LOAN003243,CUST018114,Education Loan,389891,12.04,24,18360.81,2021-06-16,2044-01-17,Active
LOAN003244,CUST010511,Education Loan,3752954,8.11,180,36103.91,2020-08-06,2031-08-27,Defaulted
LOAN003245,CUST001622,Education Loan,4410658,10.17,60,94082.81,2018-08-23,2045-05-25,Defaulted
LOAN003246,CUST005129,Personal Loan,1119783,14.01,12,100547.36,2019-08-02,2026-05-31,Closed
LOAN003247,CUST009423,Gold Loan,1219385,12.67,12,108723.45,2022-08-12,2039-02-07,Closed
LOAN003248,CUST006935,Car Loan,4032488,8.34,120,49652.67,2025-03-01,2035-03-13,Active
LOAN003249,CUST013934,Home Loan,4360114,13.05,180,55309.53,2019-09-17,2029-05-24,Active
LOAN003250,CUST018065,Home Loan,3322946,9.76,36,106848.09,2017-10-12,2018-10-28,Active
LOAN003251,CUST007874,Gold Loan,3162745,7.95,12,275049.11,2017-07-07,2029-08-07,Active
LOAN003252,CUST010561,Gold Loan,2434317,12.77,240,28121.94,2022-06-24,2042-11-22,Closed
LOAN003253,CUST005036,Home Loan,1573764,12.35,84,28076.66,2025-02-03,2045-10-02,Closed
LOAN003254,CUST016198,Personal Loan,1470562,12.26,84,26164.35,2016-12-17,2039-12-20,Closed
LOAN003255,CUST008381,Home Loan,3830616,13.61,12,343237.44,2018-12-19,2031-10-17,Defaulted
LOAN003256,CUST019414,Gold Loan,3787488,8.49,240,32844.73,2018-01-17,2038-11-30,Closed
LOAN003257,CUST013612,Education Loan,4098960,9.21,36,130746.82,2021-04-16,2042-03-16,Closed
LOAN003258,CUST003911,Car Loan,881447,11.63,24,41340.63,2023-06-05,2042-01-24,Defaulted
LOAN003259,CUST011902,Gold Loan,2425349,12.25,240,27129.1,2018-06-18,2023-09-18,Defaulted
LOAN003260,CUST012540,Personal Loan,4427757,8.8,84,70789.93,2021-01-04,2032-07-22,Closed
LOAN003261,CUST009332,Car Loan,3352750,7.75,60,67581.25,2021-12-08,2037-03-24,Closed
LOAN003262,CUST016097,Education Loan,3098159,14.0,120,48104.01,2016-11-03,2027-03-30,Active
LOAN003263,CUST009244,Education Loan,4031814,7.8,24,181980.48,2021-07-17,2036-07-03,Closed
LOAN003264,CUST014740,Education Loan,3184435,12.04,12,282992.78,2017-10-14,2024-11-11,Active
LOAN003265,CUST005733,Gold Loan,110697,11.75,60,2448.43,2024-07-12,2025-08-05,Closed
LOAN003266,CUST005027,Home Loan,1938377,13.65,180,25359.97,2021-08-14,2041-03-08,Active
LOAN003267,CUST010155,Personal Loan,1905069,7.65,60,38309.61,2023-09-07,2044-02-20,Defaulted
LOAN003268,CUST016383,Home Loan,1554150,9.4,60,32564.14,2016-12-06,2039-09-04,Closed
LOAN003269,CUST004401,Home Loan,2624513,13.73,240,32122.98,2018-11-01,2042-04-15,Active
LOAN003270,CUST017446,Education Loan,3143169,12.62,24,148871.58,2020-06-18,2031-05-30,Closed
LOAN003271,CUST014680,Home Loan,702609,7.92,240,5841.97,2022-10-29,2033-11-11,Active
LOAN003272,CUST015377,Education Loan,2259729,11.51,240,24113.99,2020-02-16,2025-07-19,Closed
LOAN003273,CUST015895,Home Loan,4530558,9.96,12,398223.75,2024-02-05,2037-07-27,Active
LOAN003274,CUST009453,Car Loan,4880836,14.07,60,113745.72,2021-02-25,2036-12-30,Active
LOAN003275,CUST007686,Gold Loan,411597,12.69,120,6070.56,2019-06-13,2020-11-27,Closed
LOAN003276,CUST012483,Gold Loan,4309954,10.98,24,200837.62,2025-04-05,2043-01-29,Active
LOAN003277,CUST007116,Car Loan,2213943,9.93,240,21262.45,2017-06-15,2035-02-05,Defaulted
LOAN003278,CUST009139,Car Loan,1748840,10.36,36,56726.19,2023-01-11,2040-10-30,Defaulted
LOAN003279,CUST013154,Education Loan,3445982,9.28,24,157871.87,2025-07-07,2040-02-03,Closed
LOAN003280,CUST009781,Home Loan,1742144,10.68,36,56771.92,2021-01-10,2024-03-06,Active
LOAN003281,CUST015894,Personal Loan,4824193,11.04,60,104985.91,2017-09-13,2035-02-05,Closed
LOAN003282,CUST019276,Education Loan,3798549,12.5,240,43156.86,2019-06-07,2030-03-28,Closed
LOAN003283,CUST008786,Gold Loan,1761314,8.82,240,15643.68,2022-03-30,2027-10-19,Closed
LOAN003284,CUST008080,Home Loan,4204898,11.17,84,72374.5,2018-04-02,2033-10-02,Closed
LOAN003285,CUST009395,Car Loan,1590170,11.93,24,74802.85,2018-02-18,2030-07-10,Active
LOAN003286,CUST014256,Gold Loan,1259005,10.02,120,16651.79,2020-08-03,2043-12-09,Active
LOAN003287,CUST019629,Gold Loan,4647498,9.68,120,60596.45,2022-04-22,2036-02-03,Closed
LOAN003288,CUST017926,Gold Loan,3939967,8.86,180,39634.3,2023-07-07,2032-11-06,Closed
LOAN003289,CUST013299,Gold Loan,4768718,12.96,84,86648.67,2023-09-24,2043-09-05,Active
LOAN003290,CUST005606,Car Loan,1476790,11.81,60,32708.76,2017-11-01,2032-03-11,Defaulted
LOAN003291,CUST010870,Car Loan,4504237,11.44,180,52446.35,2024-10-17,2042-01-05,Defaulted
LOAN003292,CUST007357,Education Loan,411756,7.75,12,35770.43,2023-02-26,2044-11-25,Closed
LOAN003293,CUST018005,Car Loan,1835054,11.16,12,162322.1,2018-07-24,2035-10-27,Closed
LOAN003294,CUST007221,Home Loan,2336499,7.79,180,22046.47,2018-04-18,2030-03-15,Closed
LOAN003295,CUST000484,Home Loan,4030526,8.64,240,35335.8,2021-03-02,2044-12-03,Closed
LOAN003296,CUST019135,Personal Loan,2570352,13.54,180,33439.76,2022-04-23,2024-06-08,Closed
LOAN003297,CUST001316,Car Loan,4990821,12.63,12,444900.64,2023-09-07,2037-01-20,Defaulted
LOAN003298,CUST003016,Gold Loan,610487,8.7,60,12584.0,2019-05-23,2026-06-22,Closed
LOAN003299,CUST013440,Gold Loan,773428,10.24,60,16524.54,2018-11-29,2023-04-13,Active
LOAN003300,CUST018576,Education Loan,1406041,10.44,60,30179.53,2025-06-05,2041-11-04,Active
LOAN003301,CUST009098,Car Loan,745708,8.89,60,15439.89,2022-11-22,2025-07-31,Closed
LOAN003302,CUST012770,Home Loan,1781786,8.64,120,22225.23,2024-09-17,2035-08-22,Defaulted
LOAN003303,CUST009900,Education Loan,540556,7.62,60,10862.48,2016-10-11,2036-03-14,Active
LOAN003304,CUST004227,Education Loan,1975790,10.87,12,174503.81,2020-11-09,2034-10-29,Defaulted
LOAN003305,CUST018404,Education Loan,4611872,12.48,84,82600.73,2020-03-20,2020-10-17,Active
LOAN003306,CUST018676,Car Loan,481898,11.04,240,4987.22,2023-05-11,2037-01-26,Defaulted
LOAN003307,CUST016006,Gold Loan,2382957,8.04,120,28962.23,2018-08-19,2025-10-19,Active
LOAN003308,CUST002486,Personal Loan,4202339,12.45,24,198702.95,2017-05-06,2018-04-27,Defaulted
LOAN003309,CUST018433,Car Loan,1979682,9.08,36,63027.09,2017-06-10,2027-07-24,Active
LOAN003310,CUST008666,Education Loan,1729424,9.73,36,55584.68,2022-10-01,2036-06-28,Closed
LOAN003311,CUST019589,Home Loan,2738291,9.88,120,36005.0,2024-05-21,2041-03-12,Defaulted
LOAN003312,CUST010216,Home Loan,2376601,9.01,240,21398.18,2016-11-16,2021-05-22,Active
LOAN003313,CUST000908,Personal Loan,1849722,12.11,60,41248.94,2019-08-24,2043-02-19,Active
LOAN003314,CUST001577,Gold Loan,3994399,8.36,12,348131.72,2017-12-07,2038-07-28,Active
LOAN003315,CUST014176,Home Loan,2596257,11.03,60,56487.77,2016-08-23,2028-05-17,Active
LOAN003316,CUST014884,Education Loan,839584,10.71,180,9390.36,2016-08-07,2046-07-03,Defaulted
LOAN003317,CUST010361,Car Loan,4660998,12.26,84,82928.84,2016-11-27,2043-03-11,Closed
LOAN003318,CUST001340,Car Loan,2455688,13.42,240,29508.11,2023-07-01,2043-12-05,Active
LOAN003319,CUST011721,Gold Loan,1916813,11.18,120,26599.78,2024-12-19,2028-01-28,Defaulted
LOAN003320,CUST015858,Personal Loan,3438034,12.91,36,115691.97,2022-10-30,2043-01-14,Defaulted
LOAN003321,CUST008686,Home Loan,3883652,7.63,120,46363.57,2024-11-30,2033-07-30,Defaulted
LOAN003322,CUST005385,Education Loan,2035819,8.89,12,177931.55,2016-10-23,2023-09-06,Closed
LOAN003323,CUST018833,Education Loan,400778,10.67,240,4047.16,2016-10-19,2032-05-04,Closed
LOAN003324,CUST006133,Home Loan,3592745,9.64,240,33818.23,2019-06-04,2037-11-29,Defaulted
LOAN003325,CUST011161,Gold Loan,186625,7.84,36,5834.38,2023-11-24,2038-07-24,Closed
LOAN003326,CUST001990,Car Loan,2534025,10.93,120,34805.86,2017-05-14,2030-03-15,Closed
LOAN003327,CUST014726,Car Loan,1887868,7.7,36,58898.0,2021-11-10,2040-03-16,Defaulted
LOAN003328,CUST007062,Car Loan,2892989,12.78,60,65499.04,2018-11-11,2032-11-18,Active
LOAN003329,CUST016777,Personal Loan,2748825,11.87,84,48333.38,2017-12-09,2039-06-09,Active
LOAN003330,CUST015793,Personal Loan,3633616,10.77,120,49581.16,2019-03-21,2032-09-13,Active
LOAN003331,CUST016093,Personal Loan,3313217,11.92,120,47381.94,2017-01-23,2037-02-02,Closed
LOAN003332,CUST006873,Car Loan,2431707,14.45,180,33122.53,2024-06-15,2026-04-12,Defaulted
LOAN003333,CUST015256,Personal Loan,3662588,8.25,12,319026.3,2022-07-09,2040-12-08,Active
LOAN003334,CUST004986,Gold Loan,1780980,11.52,60,39186.28,2019-11-17,2027-12-28,Defaulted
LOAN003335,CUST014817,Education Loan,3436352,11.01,12,303726.52,2016-10-18,2041-08-18,Active
LOAN003336,CUST000122,Home Loan,1351525,13.08,24,64304.76,2017-08-04,2040-08-27,Active
LOAN003337,CUST002610,Personal Loan,399518,10.59,240,4012.89,2017-11-20,2023-10-20,Active
LOAN003338,CUST015868,Personal Loan,766169,12.69,36,25701.01,2020-11-29,2029-09-02,Defaulted
LOAN003339,CUST019512,Home Loan,1891574,12.45,24,89440.98,2025-03-31,2027-05-09,Defaulted
LOAN003340,CUST015759,Car Loan,1220547,8.19,36,38354.58,2022-07-21,2032-08-30,Closed
LOAN003341,CUST006219,Car Loan,3166168,9.65,36,101643.85,2016-12-24,2040-07-24,Closed
LOAN003342,CUST007173,Home Loan,3685750,11.79,24,173139.81,2022-04-04,2023-11-18,Defaulted
LOAN003343,CUST013458,Personal Loan,921455,13.6,60,21250.04,2021-06-24,2040-06-15,Active
LOAN003344,CUST000954,Home Loan,4968325,13.07,60,113222.77,2019-12-18,2041-06-15,Defaulted
LOAN003345,CUST016367,Car Loan,1548654,7.96,84,24106.8,2020-02-19,2028-02-21,Active
LOAN003346,CUST016692,Car Loan,2041846,9.02,120,25887.35,2023-12-27,2033-06-20,Defaulted
LOAN003347,CUST004194,Home Loan,1013517,9.33,180,10479.68,2022-04-07,2031-02-23,Closed
LOAN003348,CUST006699,Personal Loan,373756,13.84,24,17916.87,2024-12-28,2036-04-09,Closed
LOAN003349,CUST015495,Education Loan,248943,10.28,120,3328.52,2021-02-05,2030-07-02,Active
LOAN003350,CUST008158,Gold Loan,240793,13.16,24,11465.84,2025-03-15,2037-12-02,Active
LOAN003351,CUST004822,Gold Loan,3247990,9.84,240,31000.28,2020-10-24,2044-08-04,Active
LOAN003352,CUST010326,Education Loan,1481466,12.31,84,26398.16,2023-01-31,2038-03-26,Active
LOAN003353,CUST011766,Gold Loan,4265772,10.41,36,138467.05,2017-03-04,2034-03-30,Defaulted
LOAN003354,CUST002541,Home Loan,934299,11.95,120,13377.49,2023-05-18,2039-06-29,Defaulted
LOAN003355,CUST005307,Education Loan,4212866,9.19,12,368792.65,2017-12-20,2044-07-09,Defaulted
LOAN003356,CUST001271,Car Loan,594290,13.45,60,13659.22,2017-08-18,2042-07-05,Defaulted
LOAN003357,CUST005246,Education Loan,2357653,14.24,84,44495.61,2020-12-17,2027-01-09,Defaulted
LOAN003358,CUST016291,Education Loan,1775931,11.38,36,58461.81,2022-05-31,2036-01-26,Defaulted
LOAN003359,CUST001692,Education Loan,1975452,11.19,240,20646.44,2024-11-07,2031-04-23,Closed
LOAN003360,CUST019669,Home Loan,711437,11.51,12,63047.35,2023-10-10,2024-08-14,Defaulted
LOAN003361,CUST018051,Home Loan,4984812,11.67,120,70569.86,2021-05-10,2036-11-25,Active
LOAN003362,CUST016161,Home Loan,484885,8.07,24,21945.52,2024-11-05,2026-05-31,Closed
LOAN003363,CUST002728,Car Loan,1900705,11.09,240,19735.41,2022-09-15,2024-01-07,Closed
LOAN003364,CUST009602,Car Loan,2376035,13.99,24,114069.07,2021-01-23,2037-12-01,Closed
LOAN003365,CUST018617,Gold Loan,1084079,13.73,180,14241.01,2017-04-02,2029-04-16,Closed
LOAN003366,CUST014432,Gold Loan,109427,7.67,240,892.95,2022-12-20,2045-02-28,Closed
LOAN003367,CUST013766,Gold Loan,4846947,9.76,180,51376.2,2021-12-22,2044-05-03,Closed
LOAN003368,CUST014069,Education Loan,4282336,14.31,12,385123.51,2023-03-24,2035-05-22,Defaulted
LOAN003369,CUST002975,Gold Loan,1231893,7.58,60,24731.47,2019-07-02,2036-10-29,Active
LOAN003370,CUST007370,Education Loan,1881541,14.24,60,44014.63,2023-08-05,2038-01-19,Defaulted
LOAN003371,CUST007975,Home Loan,1884353,11.88,12,167316.72,2017-01-26,2044-06-05,Defaulted
LOAN003372,CUST017185,Education Loan,810200,11.85,24,38082.2,2025-03-06,2026-01-11,Active
LOAN003373,CUST002046,Education Loan,501348,11.16,120,6951.55,2017-01-12,2046-03-12,Active
LOAN003374,CUST004978,Education Loan,4929403,9.35,36,157557.9,2020-08-24,2044-04-05,Active
LOAN003375,CUST007122,Education Loan,210440,11.81,36,6970.54,2017-04-29,2019-07-13,Active
LOAN003376,CUST013632,Car Loan,4118584,10.04,12,362165.59,2020-01-17,2039-09-30,Closed
LOAN003377,CUST015547,Personal Loan,3632015,13.12,180,46240.94,2023-08-04,2026-11-07,Defaulted
LOAN003378,CUST002737,Gold Loan,2695139,12.12,12,239611.16,2016-09-16,2037-05-30,Active
LOAN003379,CUST017585,Home Loan,896351,10.18,12,78878.55,2024-08-01,2036-05-01,Defaulted
LOAN003380,CUST001209,Home Loan,287731,9.35,36,9196.71,2016-10-18,2046-01-21,Defaulted
LOAN003381,CUST017061,Education Loan,1724615,10.97,120,23727.3,2024-09-16,2045-10-30,Closed
LOAN003382,CUST008328,Home Loan,3694047,8.77,12,322656.0,2022-11-09,2040-09-01,Active
LOAN003383,CUST006849,Education Loan,486102,7.62,120,5800.61,2022-09-22,2042-01-22,Defaulted
LOAN003384,CUST014637,Home Loan,2058474,11.36,60,45126.67,2017-11-09,2031-02-09,Active
LOAN003385,CUST010419,Personal Loan,3704770,12.34,12,329753.88,2021-02-24,2026-08-14,Defaulted
LOAN003386,CUST010600,Personal Loan,2886214,13.66,12,258683.34,2019-09-29,2044-03-28,Closed
LOAN003387,CUST015506,Personal Loan,1280845,13.97,36,43757.59,2017-04-20,2020-07-17,Active
LOAN003388,CUST013069,Personal Loan,691502,9.61,120,8989.57,2021-08-31,2036-11-27,Active
LOAN003389,CUST001091,Car Loan,3492995,14.18,84,65806.58,2017-08-03,2029-04-06,Closed
LOAN003390,CUST003121,Personal Loan,1155828,10.7,84,19608.74,2022-08-28,2039-04-22,Closed
LOAN003391,CUST012767,Personal Loan,2718234,10.48,24,126035.77,2017-02-01,2031-07-12,Active
LOAN003392,CUST010481,Home Loan,4820094,9.03,60,100127.42,2018-02-12,2018-09-27,Defaulted
LOAN003393,CUST011545,Gold Loan,3538491,9.86,240,33819.64,2023-09-24,2024-11-25,Closed
LOAN003394,CUST001534,Gold Loan,1149003,11.88,24,54023.19,2018-10-04,2035-07-12,Active
LOAN003395,CUST008064,Education Loan,1737597,8.58,60,35716.5,2024-12-13,2037-04-21,Defaulted
LOAN003396,CUST001412,Home Loan,3546626,12.29,120,51480.12,2017-12-02,2030-07-29,Defaulted
LOAN003397,CUST009991,Home Loan,401588,11.57,36,13256.14,2023-10-24,2040-03-22,Active
LOAN003398,CUST007922,Gold Loan,2092184,11.11,180,23924.41,2024-01-16,2043-08-12,Closed
LOAN003399,CUST003201,Car Loan,1151053,11.61,36,38017.38,2025-03-16,2025-09-02,Active
LOAN003400,CUST011051,Personal Loan,618519,9.8,36,19899.84,2017-04-19,2032-11-29,Defaulted
LOAN003401,CUST002615,Personal Loan,3089703,12.28,240,34625.33,2020-10-29,2026-10-24,Defaulted
LOAN003402,CUST013720,Personal Loan,2266481,10.4,84,38096.36,2025-01-13,2045-09-30,Closed
LOAN003403,CUST016934,Education Loan,2761835,8.1,180,26553.22,2017-08-12,2028-01-02,Active
LOAN003404,CUST002547,Education Loan,3064309,12.81,36,102968.47,2021-02-28,2028-10-06,Active
LOAN003405,CUST012595,Car Loan,4572613,11.66,60,100931.36,2025-04-05,2032-01-25,Active
LOAN003406,CUST009738,Education Loan,2398727,10.37,240,23739.31,2021-10-26,2026-06-22,Active
LOAN003407,CUST016399,Personal Loan,1640206,7.62,12,142390.92,2018-02-04,2036-09-23,Closed
LOAN003408,CUST011546,Personal Loan,4788448,9.02,84,77090.33,2017-11-21,2038-01-21,Closed
LOAN003409,CUST002665,Gold Loan,1414621,12.96,60,32158.02,2017-08-16,2028-03-01,Active
LOAN003410,CUST014302,Education Loan,1728636,13.22,120,26035.19,2024-04-17,2026-12-02,Defaulted
LOAN003411,CUST013207,Personal Loan,1882356,13.63,60,43438.89,2025-02-19,2034-09-28,Closed
LOAN003412,CUST010269,Personal Loan,2637500,12.74,36,88537.86,2019-05-20,2028-09-27,Defaulted
LOAN003413,CUST001458,Gold Loan,4476758,8.51,120,55529.34,2019-12-08,2036-09-13,Active
LOAN003414,CUST003589,Car Loan,478647,9.81,84,7899.2,2019-06-24,2046-07-18,Active
LOAN003415,CUST007703,Personal Loan,4753920,11.01,24,221592.01,2020-09-24,2035-08-26,Closed
LOAN003416,CUST016355,Education Loan,2382602,11.16,240,24852.91,2023-04-03,2035-09-04,Closed
LOAN003417,CUST005549,Gold Loan,1509890,12.5,120,22101.19,2017-10-16,2020-06-08,Closed
LOAN003418,CUST019722,Education Loan,438094,12.02,60,9749.59,2017-12-05,2028-11-06,Active
LOAN003419,CUST006053,Gold Loan,1102413,14.03,84,20677.51,2021-06-18,2031-08-29,Defaulted
LOAN003420,CUST010697,Gold Loan,1351335,8.57,240,11787.14,2021-01-27,2043-12-10,Closed
LOAN003421,CUST013618,Education Loan,444060,10.87,84,7573.07,2021-09-23,2036-07-21,Closed
LOAN003422,CUST012043,Personal Loan,879748,13.65,60,20310.91,2017-05-25,2045-05-05,Active
LOAN003423,CUST017285,Car Loan,2887296,8.31,180,28111.7,2019-06-13,2024-11-30,Defaulted
LOAN003424,CUST010533,Education Loan,4688299,9.41,240,43425.93,2021-04-12,2041-06-01,Active
LOAN003425,CUST018779,Personal Loan,1337129,8.07,60,27156.97,2024-07-04,2042-10-16,Defaulted
LOAN003426,CUST002951,Car Loan,1884572,7.62,12,163605.03,2021-09-18,2044-03-06,Defaulted
LOAN003427,CUST007860,Education Loan,4821852,10.51,84,81324.81,2024-06-17,2042-09-14,Defaulted
LOAN003428,CUST001394,Car Loan,3526836,12.93,24,167556.27,2022-05-06,2031-10-30,Active
LOAN003429,CUST013145,Personal Loan,157132,8.32,36,4947.17,2018-09-10,2021-03-23,Defaulted
LOAN003430,CUST016932,Personal Loan,3228425,12.5,240,36679.45,2020-02-27,2044-09-28,Closed
LOAN003431,CUST012105,Education Loan,4158781,9.68,60,87708.42,2017-12-03,2040-02-14,Active
LOAN003432,CUST006848,Home Loan,4617032,13.61,120,70608.33,2022-04-23,2025-02-26,Active
LOAN003433,CUST007078,Car Loan,4861408,13.15,12,434549.91,2024-05-20,2026-04-26,Active
LOAN003434,CUST003015,Gold Loan,2349134,13.91,24,112688.84,2023-04-19,2039-02-05,Defaulted
LOAN003435,CUST017383,Home Loan,3267998,14.31,60,76566.84,2024-11-01,2042-11-10,Defaulted
LOAN003436,CUST016633,Education Loan,3921580,14.03,120,60959.73,2021-10-05,2034-12-16,Closed
LOAN003437,CUST012278,Education Loan,4537003,10.12,36,146652.07,2019-06-13,2021-04-13,Closed
LOAN003438,CUST018634,Home Loan,118904,11.84,120,1694.95,2023-09-01,2042-12-25,Defaulted
LOAN003439,CUST016182,Personal Loan,4581890,9.89,120,60271.26,2023-04-30,2028-12-08,Active
LOAN003440,CUST005643,Car Loan,1429730,12.11,84,25322.82,2023-02-10,2023-02-10,Closed
LOAN003441,CUST013060,Education Loan,2403231,10.92,84,41048.15,2024-01-19,2046-07-27,Defaulted
LOAN003442,CUST005113,Personal Loan,4692415,7.98,84,73090.24,2023-02-01,2035-11-01,Closed
LOAN003443,CUST013120,Car Loan,4265866,12.81,120,63216.79,2019-07-17,2020-05-15,Defaulted
LOAN003444,CUST001768,Personal Loan,1212640,10.84,84,20661.48,2023-07-26,2026-05-27,Active
LOAN003445,CUST007901,Education Loan,3379745,9.49,24,155163.73,2022-05-03,2040-10-07,Closed
LOAN003446,CUST017268,Car Loan,1737185,8.01,180,16611.47,2023-11-21,2027-08-24,Closed
LOAN003447,CUST019877,Personal Loan,587172,12.33,120,8536.6,2022-10-19,2029-11-08,Defaulted
LOAN003448,CUST010625,Home Loan,1663686,12.05,240,18376.64,2025-01-03,2028-08-02,Closed
LOAN003449,CUST010449,Car Loan,4901161,12.19,240,54616.62,2024-12-10,2027-12-08,Closed
LOAN003450,CUST015492,Gold Loan,244422,12.44,60,5491.53,2020-02-03,2038-08-25,Closed
LOAN003451,CUST015905,Personal Loan,900048,13.88,240,11113.93,2020-04-26,2038-08-03,Closed
LOAN003452,CUST010580,Personal Loan,4987981,11.33,180,57731.12,2018-05-17,2033-03-12,Defaulted
LOAN003453,CUST017762,Home Loan,147600,9.61,180,1551.09,2022-03-31,2033-03-15,Closed
LOAN003454,CUST016369,Personal Loan,1889328,12.83,240,21906.5,2025-07-10,2035-09-20,Closed
LOAN003455,CUST019437,Personal Loan,3846244,8.82,84,61531.74,2017-09-30,2027-07-22,Active
LOAN003456,CUST009708,Car Loan,3304947,11.8,180,39240.66,2016-10-25,2036-01-22,Defaulted
LOAN003457,CUST005467,Personal Loan,193166,8.6,60,3972.41,2020-07-31,2021-03-21,Active
LOAN003458,CUST017922,Education Loan,3431981,9.74,36,110321.91,2016-11-14,2029-05-07,Defaulted
LOAN003459,CUST016181,Education Loan,4284224,10.41,240,42514.14,2025-02-21,2025-07-05,Active
LOAN003460,CUST019519,Personal Loan,3793204,9.88,180,40483.95,2024-09-13,2026-05-03,Active
LOAN003461,CUST017757,Personal Loan,2850792,8.0,36,89333.46,2022-01-29,2027-07-28,Defaulted
LOAN003462,CUST015304,Personal Loan,3301427,8.08,84,51588.43,2021-09-19,2022-03-15,Defaulted
LOAN003463,CUST017863,Education Loan,4956068,13.84,60,114908.34,2023-09-06,2024-06-23,Closed
LOAN003464,CUST013109,Education Loan,3120301,10.5,180,34491.77,2024-10-04,2038-05-09,Defaulted
LOAN003465,CUST004689,Car Loan,3170316,11.48,24,148469.08,2021-08-05,2027-06-25,Active
LOAN003466,CUST003985,Education Loan,1554473,13.64,24,74370.64,2021-08-15,2030-12-21,Active
LOAN003467,CUST019395,Personal Loan,260123,9.31,240,2392.5,2019-10-08,2024-10-15,Active
LOAN003468,CUST001003,Car Loan,2754567,8.76,180,27546.75,2018-11-14,2033-10-02,Defaulted
LOAN003469,CUST001062,Education Loan,4997203,13.33,120,75589.42,2018-05-16,2040-01-04,Closed
LOAN003470,CUST008622,Gold Loan,3897390,12.13,180,47101.69,2022-04-07,2040-11-05,Defaulted
LOAN003471,CUST014122,Home Loan,1844126,11.9,36,61163.33,2021-01-28,2044-07-24,Defaulted
LOAN003472,CUST018035,Car Loan,1064120,8.89,60,22032.61,2020-05-10,2029-07-20,Closed
LOAN003473,CUST013798,Home Loan,4965710,13.64,120,76029.6,2023-06-21,2043-12-25,Defaulted
LOAN003474,CUST007140,Education Loan,1744793,11.78,120,24811.31,2021-01-22,2039-04-14,Active
LOAN003475,CUST005171,Personal Loan,1408793,10.96,36,46095.39,2023-06-13,2042-02-21,Active
LOAN003476,CUST009694,Personal Loan,3423418,9.59,240,32112.21,2018-06-05,2041-01-20,Active
LOAN003477,CUST013797,Gold Loan,4357618,13.88,12,391011.96,2022-05-12,2027-12-29,Active
LOAN003478,CUST011645,Education Loan,3964430,8.49,84,62762.7,2021-07-09,2038-03-26,Closed
LOAN003479,CUST004672,Gold Loan,2300179,7.96,180,21928.63,2021-12-01,2042-01-04,Closed
LOAN003480,CUST010787,Personal Loan,4748798,7.73,36,148219.29,2021-09-03,2025-08-20,Active
LOAN003481,CUST004294,Car Loan,1497672,9.89,120,19700.73,2018-08-03,2029-01-25,Defaulted
LOAN003482,CUST004166,Home Loan,2897847,13.36,84,53286.34,2024-03-11,2028-04-05,Defaulted
LOAN003483,CUST015623,Gold Loan,3095325,9.69,24,142391.07,2017-06-14,2017-09-06,Active
LOAN003484,CUST011831,Education Loan,1171048,14.4,60,27491.69,2024-09-13,2034-09-17,Active
LOAN003485,CUST010744,Education Loan,1336011,12.1,60,29786.38,2018-02-28,2041-04-05,Defaulted
LOAN003486,CUST008930,Home Loan,891704,13.15,24,42456.09,2021-05-21,2025-07-24,Active
LOAN003487,CUST010430,Personal Loan,2372851,8.97,120,30019.76,2024-11-28,2040-12-21,Defaulted
LOAN003488,CUST002147,Car Loan,4081432,10.4,120,54844.52,2018-02-25,2023-05-01,Active
LOAN003489,CUST005735,Home Loan,4728185,9.28,24,216613.85,2018-06-14,2019-08-21,Defaulted
LOAN003490,CUST019898,Home Loan,602112,14.38,84,11410.36,2025-01-22,2039-09-01,Active
LOAN003491,CUST002663,Car Loan,779865,12.75,12,69563.98,2017-02-18,2025-03-06,Closed
LOAN003492,CUST014606,Home Loan,2016938,8.75,180,20158.26,2016-12-05,2021-09-13,Closed
LOAN003493,CUST019279,Car Loan,2338653,11.77,60,51750.64,2022-06-27,2042-11-25,Closed
LOAN003494,CUST019033,Gold Loan,2952840,8.63,36,93391.86,2022-03-18,2024-07-12,Closed
LOAN003495,CUST019408,Home Loan,1494266,7.95,180,14236.89,2017-04-15,2030-02-18,Closed
LOAN003496,CUST008361,Education Loan,3887606,14.02,36,132906.93,2021-01-06,2029-12-21,Closed
LOAN003497,CUST000587,Car Loan,159516,13.22,36,5391.64,2023-07-10,2023-12-17,Defaulted
LOAN003498,CUST010106,Home Loan,1687496,10.99,84,28885.17,2017-01-05,2026-08-08,Defaulted
LOAN003499,CUST017002,Car Loan,3076029,8.86,12,268803.62,2021-03-23,2040-02-17,Closed
LOAN003500,CUST003195,Home Loan,3920247,11.3,240,41267.75,2016-09-11,2026-06-13,Closed
LOAN003501,CUST017227,Car Loan,3730853,9.95,120,49200.26,2024-08-23,2026-12-05,Defaulted
LOAN003502,CUST002954,Home Loan,4655075,13.57,12,417024.52,2017-12-11,2041-02-14,Active
LOAN003503,CUST002267,Car Loan,2426955,14.17,180,32598.43,2019-11-24,2044-04-11,Defaulted
LOAN003504,CUST009445,Home Loan,2871837,13.09,240,33830.04,2017-05-30,2018-11-05,Active
LOAN003505,CUST006179,Car Loan,780022,13.82,84,14540.17,2021-09-10,2044-09-02,Active
LOAN003506,CUST011305,Car Loan,4887826,13.65,12,438059.28,2017-09-18,2020-06-16,Defaulted
LOAN003507,CUST011633,Education Loan,4048234,9.13,12,354268.14,2024-12-31,2033-02-20,Defaulted
LOAN003508,CUST005533,Gold Loan,4253357,12.1,24,200418.97,2023-11-09,2026-07-10,Active
LOAN003509,CUST011344,Personal Loan,2436566,9.65,240,22951.19,2022-07-18,2036-07-20,Defaulted
LOAN003510,CUST004510,Education Loan,4059971,9.94,24,187234.65,2018-05-25,2019-03-17,Defaulted
LOAN003511,CUST009056,Education Loan,1255040,10.23,84,20984.6,2017-05-10,2019-06-19,Active
LOAN003512,CUST019553,Home Loan,951020,14.12,24,45715.14,2024-08-07,2025-10-11,Defaulted
LOAN003513,CUST004047,Gold Loan,2474285,9.0,84,39808.97,2019-03-08,2031-08-18,Defaulted
LOAN003514,CUST013142,Gold Loan,3162898,12.1,240,35046.99,2022-02-27,2037-01-23,Defaulted
LOAN003515,CUST001281,Gold Loan,1224195,9.38,240,11315.34,2025-04-09,2038-03-26,Closed
LOAN003516,CUST005218,Car Loan,1263514,14.11,180,16920.22,2019-07-26,2024-05-25,Closed
LOAN003517,CUST014760,Car Loan,4187597,9.84,12,367844.76,2018-05-01,2023-01-18,Defaulted
LOAN003518,CUST004922,Car Loan,3784381,12.94,180,47732.27,2016-12-21,2044-11-05,Active
LOAN003519,CUST009876,Home Loan,257168,12.12,240,2853.19,2019-11-24,2035-06-07,Closed
LOAN003520,CUST008604,Car Loan,1310955,12.83,60,29714.29,2017-01-21,2037-08-02,Closed
LOAN003521,CUST010819,Car Loan,3780175,11.1,84,64924.74,2016-10-18,2044-09-20,Active
LOAN003522,CUST014215,Car Loan,3412078,13.07,120,51086.96,2016-11-11,2029-05-12,Closed
LOAN003523,CUST013547,Home Loan,111189,12.38,60,2494.74,2016-12-26,2019-11-26,Closed
LOAN003524,CUST002639,Home Loan,4635095,10.71,120,63089.94,2021-08-29,2022-04-24,Defaulted
LOAN003525,CUST003546,Car Loan,310525,11.78,60,6872.98,2020-07-20,2032-08-06,Closed
LOAN003526,CUST009667,Education Loan,3714294,8.79,120,46630.01,2018-08-14,2026-07-25,Closed
LOAN003527,CUST015358,Car Loan,1733304,12.32,120,25189.57,2018-07-09,2026-08-14,Closed
LOAN003528,CUST015257,Personal Loan,2425505,13.12,24,115449.69,2020-04-04,2035-11-23,Defaulted
LOAN003529,CUST005169,Personal Loan,2257635,13.47,180,29266.27,2022-10-28,2035-02-28,Active
LOAN003530,CUST009499,Car Loan,594426,7.67,60,11959.16,2019-05-04,2045-03-19,Closed
LOAN003531,CUST014101,Gold Loan,325537,9.51,24,14948.36,2023-03-28,2023-08-23,Defaulted
LOAN003532,CUST006333,Personal Loan,596684,11.59,84,10402.72,2020-03-02,2024-06-23,Closed
LOAN003533,CUST011001,Car Loan,4740213,9.79,120,62092.33,2019-09-30,2024-07-28,Active
LOAN003534,CUST016613,Car Loan,3997393,12.17,36,133095.45,2023-03-09,2034-04-05,Closed
LOAN003535,CUST018136,Car Loan,3978225,12.61,240,45507.08,2021-05-25,2032-01-18,Defaulted
LOAN003536,CUST008876,Car Loan,1409432,13.93,12,126502.42,2025-06-17,2043-01-10,Active
LOAN003537,CUST002443,Personal Loan,1493072,11.94,60,33167.31,2020-01-24,2028-02-14,Active
LOAN003538,CUST006075,Personal Loan,4567342,14.49,180,62336.11,2023-07-14,2038-04-08,Active
LOAN003539,CUST013239,Education Loan,1195414,10.85,36,39051.46,2024-09-07,2028-05-05,Defaulted
LOAN003540,CUST008104,Car Loan,1773665,11.69,36,58648.79,2025-01-20,2046-04-17,Closed
LOAN003541,CUST014990,Personal Loan,1069069,8.57,36,33782.56,2019-11-06,2033-10-11,Active
LOAN003542,CUST001571,Home Loan,1453354,10.11,60,30958.2,2023-07-22,2031-05-29,Active
LOAN003543,CUST001399,Gold Loan,2903960,10.26,120,38795.36,2021-06-28,2030-10-05,Closed
LOAN003544,CUST002282,Personal Loan,1442326,14.34,120,22690.27,2016-12-05,2017-02-23,Active
LOAN003545,CUST008652,Gold Loan,1405723,14.33,24,67712.17,2018-10-12,2041-06-14,Closed
LOAN003546,CUST009247,Home Loan,3994897,13.31,36,135201.14,2016-12-06,2033-03-09,Active
LOAN003547,CUST017307,Education Loan,1516225,9.72,12,133102.9,2019-06-12,2027-03-19,Closed
LOAN003548,CUST002022,Home Loan,1865899,8.01,240,15618.74,2017-10-08,2022-01-07,Closed
LOAN003549,CUST018708,Education Loan,2190290,11.91,12,194512.41,2025-01-09,2030-10-12,Active
LOAN003550,CUST017133,Car Loan,4770545,11.57,120,67262.88,2017-06-16,2021-10-16,Defaulted
LOAN003551,CUST003895,Car Loan,3506357,7.77,84,54249.91,2016-09-16,2044-11-05,Closed
LOAN003552,CUST018742,Gold Loan,4771226,9.41,12,418158.45,2019-03-14,2020-10-01,Closed
LOAN003553,CUST016073,Education Loan,3917775,8.93,36,124456.6,2020-08-28,2023-12-26,Defaulted
LOAN003554,CUST019634,Education Loan,4681469,7.7,240,38288.17,2018-02-23,2038-08-27,Defaulted
LOAN003555,CUST004882,Car Loan,2816778,13.66,180,36870.97,2021-08-05,2036-03-27,Defaulted
LOAN003556,CUST009976,Car Loan,4537682,10.95,12,400942.04,2023-03-02,2023-07-20,Active
LOAN003557,CUST002003,Home Loan,673778,8.68,240,5924.19,2016-08-15,2028-07-24,Closed
LOAN003558,CUST018669,Personal Loan,4228319,8.15,180,40775.02,2017-05-28,2022-10-04,Active
LOAN003559,CUST002557,Personal Loan,1872611,13.43,60,43020.99,2022-12-19,2046-03-02,Active
LOAN003560,CUST008815,Personal Loan,2522279,9.59,12,221267.72,2019-01-25,2023-02-26,Defaulted
LOAN003561,CUST002306,Home Loan,2986739,14.03,12,268212.85,2016-12-03,2040-02-09,Defaulted
LOAN003562,CUST011267,Gold Loan,4691664,12.35,60,105195.17,2025-06-22,2027-05-19,Closed
LOAN003563,CUST013762,Education Loan,250769,8.89,120,3161.73,2017-01-15,2033-08-26,Defaulted
LOAN003564,CUST012550,Gold Loan,1532184,13.97,240,19019.65,2021-10-31,2031-04-07,Active
LOAN003565,CUST018252,Car Loan,457020,12.87,36,15370.21,2017-11-16,2030-05-18,Closed
LOAN003566,CUST000903,Education Loan,2025139,9.55,240,18943.12,2021-03-12,2045-02-14,Defaulted
LOAN003567,CUST016086,Personal Loan,3914244,12.63,120,57592.76,2024-09-18,2027-10-16,Active
LOAN003568,CUST007133,Personal Loan,1693187,11.29,180,19554.16,2018-10-29,2037-03-20,Defaulted
LOAN003569,CUST000182,Car Loan,2346993,9.32,240,21601.92,2017-04-30,2032-10-30,Active
LOAN003570,CUST001064,Education Loan,1436564,8.05,24,65004.66,2020-06-15,2031-01-11,Active
LOAN003571,CUST007730,Home Loan,4509197,8.26,84,70866.83,2018-04-04,2029-12-14,Closed
LOAN003572,CUST014475,Car Loan,4542451,11.6,24,212981.41,2019-08-30,2031-12-07,Active
LOAN003573,CUST011288,Gold Loan,4123944,8.29,240,35242.32,2025-05-19,2033-10-04,Closed
LOAN003574,CUST004773,Home Loan,3266693,8.84,36,103636.88,2024-05-25,2033-02-07,Closed
LOAN003575,CUST001854,Gold Loan,3050242,11.89,180,36392.45,2017-08-05,2039-01-30,Defaulted
LOAN003576,CUST013167,Personal Loan,316415,7.97,180,3018.35,2018-07-30,2037-03-25,Active
LOAN003577,CUST009631,Gold Loan,4072048,9.38,84,66303.51,2017-07-21,2034-12-20,Closed
LOAN003578,CUST009688,Car Loan,1321534,10.33,120,17706.56,2018-07-29,2025-07-09,Defaulted
LOAN003579,CUST016660,Home Loan,860791,11.73,180,10181.89,2024-06-02,2029-01-13,Active
LOAN003580,CUST008909,Gold Loan,227031,9.15,60,4729.34,2021-06-13,2042-09-20,Closed
LOAN003581,CUST005555,Home Loan,2683897,14.24,120,42060.08,2024-10-30,2034-02-14,Closed
LOAN003582,CUST013643,Home Loan,4479164,12.16,180,54219.43,2020-06-25,2034-03-28,Defaulted
LOAN003583,CUST008288,Education Loan,3684891,9.79,84,60774.46,2019-05-27,2023-04-28,Active
LOAN003584,CUST015029,Personal Loan,1857883,13.81,84,34622.04,2022-07-27,2040-09-14,Closed
LOAN003585,CUST017568,Gold Loan,3500390,7.53,36,108932.13,2021-12-27,2029-07-02,Active
LOAN003586,CUST019402,Home Loan,1299631,7.93,24,58737.31,2019-06-04,2040-10-06,Closed
LOAN003587,CUST018183,Car Loan,4396495,10.84,240,44902.36,2023-04-17,2039-08-13,Defaulted
LOAN003588,CUST001927,Gold Loan,2018844,8.99,24,92221.11,2024-04-16,2040-09-11,Closed
LOAN003589,CUST007678,Car Loan,3462042,10.89,60,75083.4,2024-04-04,2045-06-26,Closed
LOAN003590,CUST016672,Car Loan,941701,12.34,84,16795.31,2018-06-23,2023-12-26,Active
LOAN003591,CUST016583,Home Loan,4520538,14.2,24,217471.42,2017-08-31,2028-09-29,Defaulted
LOAN003592,CUST011753,Car Loan,3885609,13.49,60,89387.25,2018-01-06,2023-12-28,Closed
LOAN003593,CUST009186,Education Loan,3251079,8.33,180,31691.52,2020-07-13,2036-03-15,Closed
LOAN003594,CUST000051,Home Loan,3247848,12.71,36,108979.72,2019-06-22,2041-10-07,Defaulted
LOAN003595,CUST017128,Personal Loan,3615306,7.91,240,30037.68,2023-09-02,2042-02-18,Active
LOAN003596,CUST014014,Gold Loan,1341225,14.2,180,18042.23,2017-02-17,2019-08-05,Defaulted
LOAN003597,CUST002498,Car Loan,1424962,10.96,120,19596.6,2023-12-08,2044-08-18,Active
LOAN003598,CUST012405,Personal Loan,4162236,12.55,84,74704.69,2022-04-05,2040-03-03,Defaulted
LOAN003599,CUST015855,Home Loan,2985686,9.12,24,136564.74,2019-12-30,2033-06-23,Closed
LOAN003600,CUST009685,Home Loan,1329994,10.4,60,28520.92,2018-03-17,2039-09-19,Closed
LOAN003601,CUST006957,Personal Loan,682614,8.06,120,8303.65,2020-04-10,2029-03-20,Defaulted
LOAN003602,CUST011931,Gold Loan,2217495,14.49,180,30264.87,2022-06-02,2044-09-21,Defaulted
LOAN003603,CUST002459,Education Loan,2208192,9.88,180,23567.5,2020-05-18,2030-03-18,Closed
LOAN003604,CUST015756,Education Loan,2904210,13.77,180,38228.83,2023-12-03,2034-07-11,Active
LOAN003605,CUST019936,Car Loan,956628,7.79,180,9026.44,2019-06-29,2024-02-02,Active
LOAN003606,CUST008443,Personal Loan,4306412,12.38,240,48563.07,2018-11-03,2020-05-20,Defaulted
LOAN003607,CUST010414,Home Loan,1611912,7.93,12,140165.53,2023-09-10,2038-12-12,Defaulted
LOAN003608,CUST005377,Gold Loan,4849561,13.33,240,57960.17,2016-12-26,2044-12-14,Closed
LOAN003609,CUST019696,Home Loan,4317274,9.78,24,198782.2,2024-01-26,2024-11-13,Active
LOAN003610,CUST006758,Home Loan,850447,9.68,180,8973.18,2020-02-19,2038-01-26,Defaulted
LOAN003611,CUST006216,Personal Loan,2985704,12.26,60,66808.28,2024-10-17,2030-10-22,Closed
LOAN003612,CUST003932,Education Loan,2101132,8.72,36,66541.96,2022-05-25,2035-02-18,Defaulted
LOAN003613,CUST013954,Car Loan,2133641,12.27,240,23896.08,2017-02-09,2032-04-09,Closed
LOAN003614,CUST011973,Education Loan,343628,12.83,240,3984.32,2023-03-16,2046-03-25,Defaulted
LOAN003615,CUST013113,Education Loan,2030194,13.38,84,37353.92,2023-02-03,2026-11-12,Defaulted
LOAN003616,CUST009470,Education Loan,1938436,10.25,24,89672.82,2025-07-31,2043-11-03,Closed
LOAN003617,CUST007402,Education Loan,1827280,8.09,120,22256.94,2018-08-26,2032-11-14,Defaulted
LOAN003618,CUST008318,Personal Loan,1754904,14.47,120,27745.87,2020-12-27,2046-02-17,Closed
LOAN003619,CUST012030,Education Loan,2889181,10.28,240,28419.31,2017-11-09,2034-06-23,Closed
LOAN003620,CUST001098,Gold Loan,4880199,12.85,180,61265.45,2016-11-08,2024-08-09,Closed
LOAN003621,CUST008360,Home Loan,718811,9.16,84,11623.46,2022-08-13,2028-04-30,Closed
LOAN003622,CUST009697,Personal Loan,2445764,13.57,120,37344.73,2022-01-15,2036-01-21,Closed
LOAN003623,CUST011870,Car Loan,3495101,10.61,60,75313.95,2018-05-29,2023-08-22,Defaulted
LOAN003624,CUST003935,Car Loan,114762,14.09,36,3927.31,2017-12-05,2036-06-04,Closed
LOAN003625,CUST004069,Car Loan,3441068,7.53,60,69001.01,2017-02-13,2037-09-21,Closed
LOAN003626,CUST011559,Car Loan,1780971,14.42,24,85863.35,2021-01-09,2041-07-07,Active
LOAN003627,CUST007276,Home Loan,4490869,9.01,84,72276.74,2023-07-31,2025-03-02,Active
LOAN003628,CUST000206,Personal Loan,1878353,13.56,60,43278.7,2017-12-28,2019-03-03,Closed
LOAN003629,CUST009626,Home Loan,2764034,10.55,84,46675.54,2024-08-26,2028-08-24,Active
LOAN003630,CUST010672,Car Loan,4970211,11.82,12,441178.82,2017-02-02,2044-11-14,Active
LOAN003631,CUST005447,Car Loan,1652062,9.77,120,21622.25,2022-04-30,2043-11-13,Active
LOAN003632,CUST002087,Gold Loan,3023841,10.98,84,51743.73,2016-08-30,2017-06-30,Defaulted
LOAN003633,CUST003669,Education Loan,432667,10.44,60,9286.85,2021-06-09,2035-06-30,Closed
LOAN003634,CUST015202,Car Loan,515431,12.61,24,24410.22,2024-08-17,2028-09-03,Active
LOAN003635,CUST011492,Personal Loan,903025,10.07,240,8756.31,2022-02-23,2026-04-22,Active
LOAN003636,CUST018248,Car Loan,3664520,13.16,24,174493.49,2017-02-25,2030-12-22,Closed
LOAN003637,CUST019300,Car Loan,1830474,9.14,120,23326.59,2025-05-10,2045-05-11,Defaulted
LOAN003638,CUST006528,Gold Loan,3573660,11.97,24,168174.52,2025-05-23,2038-01-29,Closed
LOAN003639,CUST018735,Education Loan,503852,8.32,36,15863.38,2018-12-04,2020-06-16,Defaulted
LOAN003640,CUST019780,Gold Loan,3660664,12.42,60,82208.52,2024-03-28,2038-02-15,Defaulted
LOAN003641,CUST016971,Education Loan,897743,10.73,24,41729.41,2021-05-09,2044-06-18,Defaulted
LOAN003642,CUST004919,Home Loan,928128,13.3,240,11072.68,2021-09-25,2034-10-28,Defaulted
LOAN003643,CUST008243,Education Loan,4395634,9.5,24,201823.31,2025-01-13,2035-12-04,Closed
LOAN003644,CUST010615,Gold Loan,1762600,14.42,60,41397.42,2018-09-25,2029-11-01,Closed
LOAN003645,CUST000432,Gold Loan,3416372,12.44,180,41974.23,2018-01-08,2020-09-24,Closed
LOAN003646,CUST002534,Personal Loan,4663371,9.92,180,49884.84,2025-02-05,2025-03-28,Active
LOAN003647,CUST002203,Personal Loan,717316,11.9,240,7848.32,2018-12-23,2026-03-03,Active
LOAN003648,CUST001573,Home Loan,171190,10.89,240,1754.21,2021-09-22,2024-07-27,Defaulted
LOAN003649,CUST008574,Gold Loan,470669,10.46,84,7925.99,2024-04-22,2042-03-10,Defaulted
LOAN003650,CUST010424,Car Loan,2566010,10.15,120,34123.51,2023-09-10,2029-09-19,Active
LOAN003651,CUST016448,Personal Loan,3915971,13.56,12,350793.55,2020-07-29,2035-03-03,Closed
LOAN003652,CUST005269,Gold Loan,1530264,11.46,12,135575.84,2022-05-21,2045-12-15,Closed
LOAN003653,CUST001278,Education Loan,1974221,9.98,24,91082.06,2019-08-15,2038-07-07,Closed
LOAN003654,CUST006678,Personal Loan,236402,9.09,12,20683.57,2023-07-18,2032-09-08,Closed
LOAN003655,CUST016621,Car Loan,4535658,13.28,36,153436.66,2017-10-30,2034-07-06,Active
LOAN003656,CUST009527,Home Loan,1393555,9.79,12,122379.56,2021-03-07,2039-01-28,Defaulted
LOAN003657,CUST013631,Education Loan,409253,11.14,120,5669.94,2021-06-24,2046-04-10,Closed
LOAN003658,CUST018490,Car Loan,1370221,13.22,84,25091.19,2017-11-15,2038-01-31,Closed
LOAN003659,CUST010431,Home Loan,4002928,12.51,120,58616.71,2019-06-29,2042-06-18,Closed
LOAN003660,CUST018793,Education Loan,1843582,10.09,36,59565.14,2017-11-10,2018-03-13,Active
LOAN003661,CUST014294,Personal Loan,2094375,7.92,24,94646.51,2024-10-14,2038-04-03,Active
LOAN003662,CUST013317,Car Loan,3781529,12.25,60,84596.54,2021-11-10,2023-04-21,Defaulted
LOAN003663,CUST019200,Gold Loan,4391596,11.1,240,45628.8,2025-06-11,2038-01-27,Closed
LOAN003664,CUST018463,Home Loan,3038663,12.37,180,37195.5,2023-07-22,2038-10-26,Active
LOAN003665,CUST007639,Gold Loan,2538113,10.59,120,34376.06,2019-06-06,2020-08-09,Active
LOAN003666,CUST004731,Education Loan,738459,11.66,120,10450.11,2022-12-02,2036-12-28,Defaulted
LOAN003667,CUST019651,Car Loan,4774781,12.6,60,107665.74,2017-07-30,2045-08-17,Closed
LOAN003668,CUST001373,Home Loan,4915223,13.58,24,235019.95,2025-03-25,2039-12-18,Closed
LOAN003669,CUST000885,Gold Loan,4417505,11.6,84,77039.24,2025-02-15,2046-01-03,Defaulted
LOAN003670,CUST011151,Personal Loan,3420621,14.03,12,307175.99,2018-05-07,2019-08-13,Defaulted
LOAN003671,CUST001040,Car Loan,1636943,11.29,36,53816.5,2019-12-30,2039-10-17,Closed
LOAN003672,CUST014272,Gold Loan,4244226,12.56,120,62274.16,2025-02-24,2038-12-08,Defaulted
LOAN003673,CUST001471,Home Loan,2961775,11.92,240,32446.66,2017-01-13,2033-04-30,Closed
LOAN003674,CUST004505,Personal Loan,3620413,9.54,240,33841.62,2017-08-21,2033-10-12,Active
LOAN003675,CUST000294,Education Loan,226720,13.41,12,20293.65,2017-04-23,2043-11-17,Closed
LOAN003676,CUST002446,Gold Loan,915277,11.66,84,15991.19,2016-08-23,2045-12-03,Defaulted
LOAN003677,CUST012559,Car Loan,3997659,9.98,120,52785.09,2021-08-24,2022-10-07,Defaulted
LOAN003678,CUST012504,Personal Loan,1637293,8.45,12,142766.43,2018-01-23,2020-04-06,Closed
LOAN003679,CUST012523,Car Loan,4714505,11.86,60,104538.33,2019-09-09,2028-04-05,Defaulted
LOAN003680,CUST010792,Car Loan,4733200,10.05,240,45833.31,2020-02-13,2044-09-22,Active
LOAN003681,CUST009741,Personal Loan,1354062,7.58,180,12613.96,2016-09-15,2032-02-21,Defaulted
LOAN003682,CUST016894,Home Loan,1694076,13.35,84,31141.83,2018-07-29,2031-09-06,Defaulted
LOAN003683,CUST012199,Car Loan,104110,14.08,60,2426.78,2020-12-18,2033-09-23,Active
LOAN003684,CUST016979,Education Loan,1336125,8.96,24,61016.01,2025-08-02,2035-06-29,Active
LOAN003685,CUST002096,Home Loan,3357744,10.04,24,155004.85,2020-04-12,2045-10-14,Defaulted
LOAN003686,CUST018258,Home Loan,1429601,10.5,84,24104.04,2024-08-15,2025-03-24,Closed
LOAN003687,CUST006144,Education Loan,3696634,10.25,36,119714.34,2022-06-27,2023-03-13,Active
LOAN003688,CUST007027,Education Loan,3859543,9.69,84,63456.48,2016-09-30,2045-05-12,Closed
LOAN003689,CUST003478,Personal Loan,4237908,13.45,60,97404.48,2021-11-25,2037-11-20,Defaulted
LOAN003690,CUST005922,Gold Loan,1298931,10.11,36,41979.96,2024-06-23,2032-09-17,Closed
LOAN003691,CUST001195,Education Loan,3934617,10.11,60,83812.1,2020-03-06,2033-08-22,Active
LOAN003692,CUST002637,Education Loan,3524042,11.52,12,312316.1,2019-12-07,2026-12-10,Defaulted
LOAN003693,CUST001011,Home Loan,2157868,14.4,24,104013.69,2024-04-16,2042-10-18,Closed
LOAN003694,CUST010654,Gold Loan,1021613,12.62,240,11693.49,2018-12-31,2041-05-18,Active
LOAN003695,CUST003653,Car Loan,3100654,9.94,120,40872.42,2019-01-28,2039-10-11,Defaulted
LOAN003696,CUST019971,Personal Loan,894996,12.45,120,13074.49,2018-05-01,2033-02-03,Defaulted
LOAN003697,CUST013782,Gold Loan,2631598,8.1,120,32067.77,2017-11-27,2044-04-08,Defaulted
LOAN003698,CUST003434,Education Loan,2140138,8.71,180,21339.06,2019-04-30,2019-09-27,Active
LOAN003699,CUST006545,Home Loan,596256,10.69,120,8109.15,2024-01-11,2036-09-05,Active
LOAN003700,CUST011312,Gold Loan,4646502,13.38,24,221733.43,2023-07-22,2027-11-08,Active
LOAN003701,CUST007931,Personal Loan,4906291,7.98,240,40977.14,2019-02-06,2037-09-21,Closed
LOAN003702,CUST008774,Education Loan,2264544,11.48,24,106050.87,2020-02-20,2039-06-10,Active
LOAN003703,CUST016812,Personal Loan,1361154,9.09,180,13878.7,2025-08-02,2038-06-13,Active
LOAN003704,CUST005386,Gold Loan,4982142,9.32,84,80969.53,2022-01-04,2033-10-23,Defaulted
LOAN003705,CUST006713,Personal Loan,3658194,8.01,84,57035.62,2023-10-18,2031-05-18,Closed
LOAN003706,CUST010927,Personal Loan,2954044,8.91,180,29803.93,2020-07-20,2023-09-16,Defaulted
LOAN003707,CUST000901,Gold Loan,828059,13.68,84,15371.83,2023-12-18,2032-11-04,Closed
LOAN003708,CUST013414,Home Loan,3192037,11.64,84,55735.49,2016-08-29,2019-04-28,Active
LOAN003709,CUST000935,Gold Loan,2824700,7.83,24,127534.63,2020-12-15,2031-10-01,Closed
LOAN003710,CUST006367,Home Loan,4828375,11.84,24,226927.77,2024-06-21,2027-08-13,Defaulted
LOAN003711,CUST013776,Gold Loan,2629391,12.0,240,28951.86,2025-02-03,2026-03-20,Active
LOAN003712,CUST018581,Education Loan,3330821,10.76,24,154871.49,2016-10-26,2041-08-27,Active
LOAN003713,CUST011760,Car Loan,775475,11.67,240,8360.92,2024-08-03,2025-10-11,Active
LOAN003714,CUST010374,Car Loan,3742242,11.65,12,331881.25,2022-10-17,2044-01-17,Closed
LOAN003715,CUST005577,Home Loan,1587894,8.45,60,32539.83,2016-09-11,2023-06-21,Defaulted
LOAN003716,CUST018337,Personal Loan,3962858,8.38,12,345419.45,2023-12-03,2031-07-14,Defaulted
LOAN003717,CUST003303,Gold Loan,3308326,10.59,36,107669.13,2021-01-09,2037-08-29,Active
LOAN003718,CUST001344,Home Loan,1933507,13.74,24,92595.93,2022-04-20,2029-05-26,Defaulted
LOAN003719,CUST016898,Car Loan,4075560,7.64,180,38105.91,2021-09-08,2036-04-06,Active
LOAN003720,CUST000360,Education Loan,452459,8.64,12,39492.71,2017-08-21,2025-12-22,Defaulted
LOAN003721,CUST007919,Education Loan,4070479,8.95,120,51453.03,2018-10-02,2024-04-06,Closed
LOAN003722,CUST010909,Car Loan,4986121,9.85,240,47622.67,2021-07-01,2024-07-20,Defaulted
LOAN003723,CUST018395,Education Loan,145114,8.68,60,2989.84,2019-03-25,2021-03-05,Defaulted
LOAN003724,CUST016969,Gold Loan,1509479,8.36,84,23798.71,2022-02-11,2034-01-11,Active
LOAN003725,CUST000960,Personal Loan,3023743,10.38,36,98108.03,2019-02-25,2046-07-29,Active
LOAN003726,CUST010278,Car Loan,4610527,8.61,24,209806.69,2016-08-25,2040-09-22,Active
LOAN003727,CUST001149,Education Loan,3951190,11.53,240,42218.37,2020-01-26,2024-03-25,Closed
LOAN003728,CUST002955,Personal Loan,4143474,9.9,240,39711.29,2018-05-03,2041-05-13,Defaulted
LOAN003729,CUST005187,Gold Loan,4405534,11.18,84,75851.07,2022-07-03,2030-06-26,Defaulted
LOAN003730,CUST002052,Car Loan,1416112,12.12,120,20415.45,2023-04-15,2043-01-23,Defaulted
LOAN003731,CUST019273,Home Loan,1723677,8.09,240,14514.22,2020-01-23,2040-08-21,Closed
LOAN003732,CUST002055,Personal Loan,4238558,7.57,120,50467.42,2021-03-03,2030-03-26,Closed
LOAN003733,CUST011217,Education Loan,2679455,11.76,120,38071.57,2020-04-04,2034-12-16,Closed
LOAN003734,CUST002502,Home Loan,1179077,12.99,60,26821.59,2025-02-07,2027-06-16,Defaulted
LOAN003735,CUST012458,Education Loan,4681340,8.38,24,212536.58,2020-02-23,2038-05-20,Active
LOAN003736,CUST009073,Car Loan,2407584,13.37,240,28843.65,2021-12-05,2039-04-13,Defaulted
LOAN003737,CUST009935,Home Loan,3167940,11.15,120,43907.8,2025-01-12,2037-05-12,Closed
LOAN003738,CUST013454,Gold Loan,3828588,10.32,84,64193.91,2024-01-13,2024-11-05,Defaulted
LOAN003739,CUST010221,Personal Loan,2037313,9.72,24,93748.59,2016-11-09,2024-10-09,Active
LOAN003740,CUST002324,Education Loan,481495,10.09,84,8015.8,2019-06-27,2028-08-29,Closed
LOAN003741,CUST000223,Home Loan,643379,12.51,180,7933.98,2021-08-29,2044-10-14,Defaulted
LOAN003742,CUST018309,Car Loan,1995860,8.65,12,174217.13,2023-11-01,2040-12-16,Closed
LOAN003743,CUST018195,Home Loan,2301018,10.54,240,23034.76,2022-12-22,2040-04-24,Active
LOAN003744,CUST005860,Personal Loan,278506,8.2,84,4368.66,2018-02-01,2027-12-07,Closed
LOAN003745,CUST004339,Car Loan,2960284,10.03,240,28626.25,2024-04-28,2037-02-16,Defaulted
LOAN003746,CUST008490,Personal Loan,1534229,11.7,60,33895.94,2017-01-14,2025-10-17,Defaulted
LOAN003747,CUST003157,Education Loan,1826844,10.25,12,160821.1,2020-12-14,2029-07-08,Active
LOAN003748,CUST000669,Car Loan,4421747,8.17,240,37454.45,2024-08-02,2034-05-31,Closed
LOAN003749,CUST015945,Personal Loan,1796123,7.9,240,14911.9,2021-10-02,2024-10-12,Defaulted
LOAN003750,CUST010645,Car Loan,4825997,14.24,24,232257.57,2020-04-10,2036-04-23,Active
LOAN003751,CUST013598,Education Loan,4908748,8.56,24,223265.21,2020-02-07,2032-03-15,Defaulted
LOAN003752,CUST010680,Personal Loan,3802393,12.9,180,47859.55,2025-06-07,2040-04-01,Active
LOAN003753,CUST014932,Car Loan,4374578,12.21,84,77715.4,2024-12-19,2030-07-25,Closed
LOAN003754,CUST019330,Personal Loan,129505,7.93,24,5853.03,2017-08-06,2037-04-24,Active
LOAN003755,CUST012067,Car Loan,139371,8.67,180,1386.36,2024-09-09,2035-06-07,Active
LOAN003756,CUST019242,Car Loan,2803102,8.12,60,56997.92,2021-11-21,2034-08-03,Closed
LOAN003757,CUST014494,Home Loan,723214,8.03,120,8786.05,2019-04-22,2044-01-11,Closed
LOAN003758,CUST003609,Personal Loan,1109072,7.89,24,50104.7,2023-02-21,2031-08-12,Active
LOAN003759,CUST019012,Education Loan,4698698,10.87,60,101856.72,2024-03-28,2046-04-19,Closed
LOAN003760,CUST007812,Car Loan,3593658,9.94,84,59547.63,2025-02-23,2031-07-29,Defaulted
LOAN003761,CUST017512,Education Loan,3548720,12.27,180,43208.97,2024-09-08,2042-05-12,Defaulted
LOAN003762,CUST012462,Education Loan,3036413,13.67,60,70133.61,2024-06-27,2029-03-14,Active
LOAN003763,CUST010202,Gold Loan,2181636,10.23,24,100903.18,2024-01-28,2031-09-27,Active
LOAN003764,CUST003844,Gold Loan,2446059,13.22,120,36840.38,2022-10-30,2036-01-23,Defaulted
LOAN003765,CUST014648,Gold Loan,4107908,11.87,12,364732.87,2018-01-07,2029-06-25,Defaulted
LOAN003766,CUST008148,Education Loan,313441,7.53,24,14108.99,2020-04-06,2022-05-06,Closed
LOAN003767,CUST004692,Personal Loan,1493570,11.94,36,49565.11,2021-01-27,2027-01-11,Defaulted
LOAN003768,CUST005298,Education Loan,1006321,10.97,24,46888.43,2024-12-16,2044-08-28,Closed
LOAN003769,CUST017388,Car Loan,887734,7.67,60,17860.17,2020-04-19,2045-07-12,Active
LOAN003770,CUST015865,Home Loan,1125343,10.44,120,15147.03,2021-10-25,2035-08-28,Active
LOAN003771,CUST015750,Car Loan,2042116,13.59,24,97652.8,2025-07-14,2034-11-16,Closed
LOAN003772,CUST007177,Home Loan,3171400,7.67,60,63804.86,2025-01-20,2035-06-20,Active
LOAN003773,CUST015044,Home Loan,4661476,10.32,120,62430.73,2022-07-02,2034-04-21,Closed
LOAN003774,CUST005764,Personal Loan,4326128,13.26,60,99009.46,2017-04-22,2043-06-27,Defaulted
LOAN003775,CUST009145,Education Loan,2504011,8.03,24,113283.9,2025-05-20,2037-02-09,Defaulted
LOAN003776,CUST013461,Gold Loan,1839165,14.02,240,22897.12,2023-12-05,2044-05-18,Closed
LOAN003777,CUST013748,Education Loan,154944,9.62,240,1456.44,2018-11-07,2043-01-10,Defaulted
LOAN003778,CUST001057,Gold Loan,3040260,9.4,84,49534.4,2021-08-26,2025-12-30,Defaulted
LOAN003779,CUST009723,Gold Loan,3128929,10.3,84,52430.22,2025-05-30,2026-08-05,Defaulted
LOAN003780,CUST012167,Car Loan,4350871,10.34,180,47663.81,2021-02-14,2022-05-19,Defaulted
LOAN003781,CUST006516,Home Loan,4965566,8.28,36,156244.99,2024-06-12,2026-07-10,Closed
LOAN003782,CUST002395,Gold Loan,3733787,10.53,84,63012.57,2024-07-19,2025-11-13,Active
LOAN003783,CUST000460,Gold Loan,4594703,7.68,36,143303.98,2024-09-11,2041-12-11,Defaulted
LOAN003784,CUST017821,Personal Loan,2891157,11.95,180,34605.8,2018-09-11,2026-11-25,Active
LOAN003785,CUST010446,Home Loan,4448743,12.02,24,209459.33,2025-04-07,2027-12-30,Closed
LOAN003786,CUST014186,Gold Loan,287248,13.62,180,3752.35,2018-03-15,2045-06-11,Closed
LOAN003787,CUST009376,Gold Loan,3804122,13.2,240,45111.28,2022-10-31,2026-12-14,Defaulted
LOAN003788,CUST018748,Personal Loan,573668,8.11,180,5518.76,2024-09-20,2032-09-22,Defaulted
LOAN003789,CUST012664,Car Loan,1531368,13.82,120,23611.55,2018-10-26,2042-11-21,Active
LOAN003790,CUST012878,Home Loan,1395159,8.22,24,63239.34,2019-04-05,2031-06-18,Defaulted
LOAN003791,CUST016059,Gold Loan,603489,14.15,240,7570.35,2020-07-18,2046-03-01,Closed
LOAN003792,CUST005161,Personal Loan,4585710,10.85,12,404971.87,2019-11-24,2037-02-02,Defaulted
LOAN003793,CUST009358,Home Loan,1738477,10.27,24,80438.71,2017-07-18,2025-11-24,Active
LOAN003794,CUST004529,Education Loan,1705702,10.06,120,22597.69,2017-05-28,2040-10-17,Defaulted
LOAN003795,CUST002158,Home Loan,676634,13.76,24,32410.49,2022-01-22,2044-08-15,Closed
LOAN003796,CUST012546,Car Loan,1012304,11.46,120,14209.38,2021-08-09,2027-04-15,Defaulted
LOAN003797,CUST010287,Education Loan,2194057,10.28,60,46920.08,2024-02-06,2028-07-05,Defaulted
LOAN003798,CUST009254,Personal Loan,2727041,9.08,120,34663.18,2017-04-23,2022-05-26,Defaulted
LOAN003799,CUST006165,Home Loan,2430465,11.26,60,53159.89,2023-11-05,2024-10-02,Closed
LOAN003800,CUST003538,Personal Loan,4100798,11.46,240,43619.16,2018-12-14,2032-11-14,Active
LOAN003801,CUST012139,Car Loan,1419304,9.26,60,29641.84,2017-12-19,2028-07-24,Active
LOAN003802,CUST004340,Gold Loan,4766288,12.06,120,68547.81,2023-06-06,2025-06-10,Active
LOAN003803,CUST016163,Home Loan,272690,7.67,24,12292.03,2017-04-22,2029-09-18,Active
LOAN003804,CUST005889,Home Loan,1265010,7.73,60,25486.69,2017-03-12,2041-02-21,Closed
LOAN003805,CUST013438,Home Loan,3635541,9.98,84,60316.72,2020-02-13,2023-03-15,Closed
LOAN003806,CUST013725,Education Loan,2419537,14.3,240,30616.05,2017-11-15,2022-04-21,Active
LOAN003807,CUST002747,Car Loan,2212760,9.69,12,194217.87,2025-02-09,2035-03-05,Active
LOAN003808,CUST006154,Car Loan,2037037,9.46,60,42741.76,2025-04-25,2043-07-13,Active
LOAN003809,CUST015368,Gold Loan,1797712,13.21,120,27064.9,2021-10-24,2036-06-17,Active
LOAN003810,CUST000103,Home Loan,4502799,11.64,36,148784.32,2024-02-03,2043-08-07,Active
LOAN003811,CUST005686,Home Loan,750846,13.39,180,9693.51,2021-08-06,2031-07-25,Active
LOAN003812,CUST001662,Personal Loan,2876160,12.6,84,51699.57,2017-10-26,2025-09-04,Closed
LOAN003813,CUST014651,Gold Loan,927219,14.05,84,17401.72,2021-02-12,2021-02-27,Active
LOAN003814,CUST002685,Education Loan,3972237,12.41,180,48726.28,2019-03-24,2023-05-01,Defaulted
LOAN003815,CUST009413,Personal Loan,4927023,8.13,60,100209.08,2024-02-18,2029-04-08,Closed
LOAN003816,CUST007342,Education Loan,122360,9.51,180,1278.45,2024-01-29,2033-04-29,Active
LOAN003817,CUST014526,Car Loan,4049874,14.22,180,54533.77,2023-08-06,2032-02-06,Closed
LOAN003818,CUST019723,Gold Loan,4941591,10.24,84,82650.35,2022-02-16,2030-10-30,Defaulted
LOAN003819,CUST011717,Education Loan,813625,11.3,60,17812.15,2024-07-10,2032-06-07,Closed
LOAN003820,CUST015155,Education Loan,3607251,12.8,60,81707.2,2024-01-22,2045-01-08,Closed
LOAN003821,CUST001695,Car Loan,3574162,13.45,60,82148.88,2020-05-20,2029-04-06,Defaulted
LOAN003822,CUST009200,Education Loan,423747,7.61,240,3442.24,2017-03-11,2020-09-04,Closed
LOAN003823,CUST001066,Personal Loan,3720284,13.29,24,177376.26,2025-04-17,2031-08-26,Defaulted
LOAN003824,CUST007306,Gold Loan,836216,8.44,84,13217.51,2025-03-31,2035-12-23,Closed
LOAN003825,CUST012810,Personal Loan,3372399,8.38,120,41596.79,2021-07-15,2033-10-15,Defaulted
LOAN003826,CUST011732,Personal Loan,4428063,7.69,180,41528.24,2019-08-21,2041-07-09,Active
LOAN003827,CUST016608,Home Loan,3617671,10.55,240,36239.69,2024-07-11,2041-10-05,Closed
LOAN003828,CUST018520,Car Loan,2651321,11.76,36,87758.19,2025-05-31,2037-09-12,Active
LOAN003829,CUST015351,Personal Loan,4373329,10.39,36,141917.15,2020-08-01,2026-05-19,Defaulted
LOAN003830,CUST005251,Education Loan,1876561,12.06,36,62382.47,2020-02-24,2020-07-16,Active
LOAN003831,CUST003480,Personal Loan,3173863,9.5,24,145726.31,2018-01-11,2018-10-17,Active
LOAN003832,CUST005750,Personal Loan,3139392,11.42,120,43994.86,2019-08-10,2021-02-07,Active
LOAN003833,CUST017741,Gold Loan,2598782,14.12,12,233483.9,2024-01-02,2029-02-04,Closed
LOAN003834,CUST000721,Car Loan,485751,11.03,60,10568.67,2023-10-07,2034-08-18,Active
LOAN003835,CUST003966,Personal Loan,1252143,7.62,12,108702.08,2022-06-01,2032-03-27,Closed
LOAN003836,CUST000035,Car Loan,4985265,13.11,12,445527.61,2021-06-02,2034-01-07,Defaulted
LOAN003837,CUST011563,Car Loan,2032587,8.18,240,17229.77,2024-01-28,2045-09-25,Defaulted
LOAN003838,CUST013176,Home Loan,1452927,12.49,60,32680.47,2022-09-02,2035-01-09,Active
LOAN003839,CUST002359,Home Loan,862774,10.59,60,18582.87,2020-05-07,2032-01-17,Defaulted
LOAN003840,CUST011712,Gold Loan,411542,10.27,84,6889.63,2020-10-27,2039-04-07,Defaulted
LOAN003841,CUST015160,Home Loan,4079176,12.02,240,44972.13,2018-04-24,2024-05-02,Closed
LOAN003842,CUST008981,Education Loan,1713560,8.85,12,149734.18,2022-06-03,2023-07-17,Closed
LOAN003843,CUST002894,Gold Loan,3584258,9.94,180,38385.16,2025-02-18,2038-09-27,Active
LOAN003844,CUST002609,Education Loan,780735,10.47,12,68809.79,2020-07-02,2021-04-22,Active
LOAN003845,CUST006293,Gold Loan,645245,9.41,240,5976.66,2020-05-17,2039-07-04,Active
LOAN003846,CUST000938,Education Loan,283695,8.74,24,12926.72,2024-10-20,2036-01-11,Active
LOAN003847,CUST000397,Education Loan,2911143,8.81,24,132741.18,2021-05-12,2025-01-25,Active
LOAN003848,CUST014541,Personal Loan,3325402,13.91,12,298437.46,2018-02-17,2030-06-04,Defaulted
LOAN003849,CUST017234,Home Loan,2446633,11.28,60,53538.01,2021-02-17,2023-10-26,Defaulted
LOAN003850,CUST017417,Car Loan,3131427,10.56,24,145310.18,2021-12-24,2029-11-25,Active
LOAN003851,CUST015137,Personal Loan,2467152,12.99,84,44868.93,2019-05-03,2022-01-03,Defaulted
LOAN003852,CUST012532,Personal Loan,1739180,8.79,120,21834.02,2021-11-04,2033-02-11,Active
LOAN003853,CUST002135,Home Loan,4115504,10.28,12,362354.35,2018-10-06,2036-11-23,Defaulted
LOAN003854,CUST011652,Personal Loan,932035,13.35,12,83399.95,2020-12-02,2027-06-17,Closed
LOAN003855,CUST015293,Education Loan,4320882,8.43,84,68275.59,2019-05-21,2025-09-11,Closed
LOAN003856,CUST015365,Home Loan,3900742,11.32,12,345336.56,2023-09-13,2031-09-07,Active
LOAN003857,CUST007114,Personal Loan,2906645,11.49,36,95835.72,2019-12-30,2024-12-07,Active
LOAN003858,CUST015397,Education Loan,1919438,11.3,180,22179.22,2018-02-13,2019-10-18,Closed
LOAN003859,CUST010781,Gold Loan,3100605,14.4,240,39460.68,2023-09-05,2033-07-28,Defaulted
LOAN003860,CUST018840,Car Loan,3212088,10.52,84,54191.46,2023-09-18,2037-12-22,Defaulted
LOAN003861,CUST003120,Personal Loan,3102969,8.5,180,30556.16,2017-04-18,2035-01-29,Active
LOAN003862,CUST013721,Education Loan,3612058,12.07,84,63897.99,2019-01-11,2036-02-02,Defaulted
LOAN003863,CUST005283,Home Loan,4190873,13.91,180,55558.41,2020-07-06,2025-11-04,Defaulted
LOAN003864,CUST001211,Personal Loan,3476050,9.69,240,32833.84,2020-03-12,2039-10-09,Active
LOAN003865,CUST004105,Car Loan,4973930,9.79,180,52812.91,2024-10-09,2040-08-21,Closed
LOAN003866,CUST017266,Education Loan,1638115,11.61,60,36116.95,2021-01-28,2028-12-16,Defaulted
LOAN003867,CUST019949,Gold Loan,3648615,12.74,24,173016.56,2025-06-29,2035-10-16,Defaulted
LOAN003868,CUST001086,Personal Loan,4378736,14.44,84,83125.55,2022-11-03,2025-09-19,Active
LOAN003869,CUST007889,Gold Loan,466888,9.61,180,4906.4,2019-02-24,2038-10-08,Active
LOAN003870,CUST008951,Car Loan,2701804,10.07,240,26198.42,2025-02-06,2026-04-18,Defaulted
LOAN003871,CUST007592,Home Loan,3685122,12.41,24,174177.91,2017-03-18,2040-10-31,Closed
LOAN003872,CUST006384,Car Loan,4983567,8.36,60,101909.57,2024-03-19,2035-05-15,Closed
LOAN003873,CUST019698,Personal Loan,4181225,14.01,84,78379.3,2022-02-13,2046-03-18,Closed
LOAN003874,CUST010280,Home Loan,2049677,12.2,36,68274.57,2019-06-30,2028-02-03,Closed
LOAN003875,CUST012060,Car Loan,516787,13.53,36,17544.82,2017-03-31,2021-08-19,Defaulted
LOAN003876,CUST010385,Home Loan,1304473,13.53,240,15778.04,2018-02-03,2041-08-17,Active
LOAN003877,CUST010830,Personal Loan,4572591,12.56,240,52144.59,2022-07-16,2033-12-03,Active
LOAN003878,CUST017596,Education Loan,4434090,12.89,24,210575.69,2020-08-27,2039-07-05,Active
LOAN003879,CUST010320,Personal Loan,3746311,14.38,84,70994.68,2022-11-17,2036-12-20,Closed
LOAN003880,CUST009210,Education Loan,1934351,10.21,84,32322.8,2020-08-15,2043-06-30,Active
LOAN003881,CUST003380,Gold Loan,2198422,11.61,120,31047.32,2018-11-25,2030-05-04,Defaulted
LOAN003882,CUST002636,Education Loan,1087940,10.22,24,50313.45,2024-01-09,2027-03-24,Defaulted
LOAN003883,CUST010480,Car Loan,1858532,11.14,120,25748.79,2022-04-16,2043-09-01,Defaulted
LOAN003884,CUST001459,Personal Loan,3837325,13.63,60,88553.47,2017-10-21,2043-07-22,Active
LOAN003885,CUST007923,Gold Loan,1858630,7.93,240,15465.45,2023-01-19,2037-03-14,Active
LOAN003886,CUST001319,Personal Loan,967981,13.52,60,22283.07,2022-08-26,2022-10-07,Closed
LOAN003887,CUST001770,Home Loan,4214984,7.83,12,366323.61,2021-06-25,2038-03-16,Active
LOAN003888,CUST013024,Car Loan,1393617,10.16,180,15112.59,2017-02-06,2020-03-25,Defaulted
LOAN003889,CUST010570,Personal Loan,981488,12.31,12,87346.42,2017-02-03,2042-10-12,Active
LOAN003890,CUST011699,Personal Loan,3165321,12.5,84,56726.47,2024-01-04,2042-10-18,Defaulted
LOAN003891,CUST009005,Education Loan,194317,14.37,240,2468.76,2016-09-10,2018-04-09,Closed
LOAN003892,CUST008475,Gold Loan,3824109,11.94,84,67383.33,2023-08-04,2044-04-22,Defaulted
LOAN003893,CUST002584,Personal Loan,2334447,14.4,180,31718.66,2023-02-13,2033-09-08,Active
LOAN003894,CUST011828,Home Loan,1176680,8.18,84,18445.69,2020-10-13,2039-07-08,Closed
LOAN003895,CUST003610,Home Loan,1434790,13.15,12,128252.53,2018-11-27,2023-02-01,Defaulted
LOAN003896,CUST003335,Car Loan,2432664,9.75,24,111974.61,2016-11-02,2024-11-07,Active
LOAN003897,CUST016257,Home Loan,1033559,10.76,60,22348.57,2019-06-13,2041-05-02,Closed
LOAN003898,CUST003563,Car Loan,4867654,13.68,84,90361.59,2020-12-29,2025-11-17,Active
LOAN003899,CUST016317,Personal Loan,4368760,10.74,180,48944.27,2022-09-18,2036-04-15,Closed
LOAN003900,CUST001476,Gold Loan,137824,10.58,120,1865.91,2019-10-20,2042-11-28,Defaulted
LOAN003901,CUST000131,Personal Loan,2073561,12.53,36,69397.97,2019-05-26,2037-06-26,Closed
LOAN003902,CUST009162,Home Loan,1498358,13.23,24,71396.65,2021-04-18,2045-07-13,Active
LOAN003903,CUST012712,Gold Loan,4203838,11.15,240,43821.49,2017-06-13,2022-11-30,Defaulted
LOAN003904,CUST005761,Gold Loan,3206039,8.5,36,101206.76,2017-05-27,2033-12-01,Active
LOAN003905,CUST015626,Car Loan,400612,10.94,36,13104.14,2019-02-17,2022-06-20,Closed
LOAN003906,CUST012111,Education Loan,3033937,14.42,12,273008.38,2017-10-05,2038-08-24,Active
LOAN003907,CUST015575,Education Loan,4852118,11.52,84,84412.63,2025-05-05,2027-08-19,Defaulted
LOAN003908,CUST013165,Personal Loan,2241886,8.18,12,195204.77,2017-10-03,2040-08-23,Active
LOAN003909,CUST002752,Car Loan,1533602,10.91,36,50142.82,2021-01-08,2039-12-25,Defaulted
LOAN003910,CUST005107,Education Loan,4917227,11.17,24,229569.61,2022-06-02,2029-06-18,Defaulted
LOAN003911,CUST009238,Education Loan,1103563,8.48,36,34826.54,2022-05-28,2043-05-23,Closed
LOAN003912,CUST006780,Education Loan,3918056,8.64,60,80649.55,2024-08-05,2037-09-26,Active
LOAN003913,CUST007179,Education Loan,1020921,10.49,36,33177.61,2018-11-18,2033-01-05,Active
LOAN003914,CUST001826,Gold Loan,1613317,12.74,84,29121.84,2022-07-03,2034-04-01,Active
LOAN003915,CUST015973,Education Loan,3723125,13.35,12,333151.06,2019-02-13,2019-08-29,Defaulted
LOAN003916,CUST009316,Education Loan,1634140,9.63,12,143385.81,2021-10-17,2030-03-14,Active
LOAN003917,CUST004011,Gold Loan,2728850,7.61,84,42004.16,2021-10-05,2026-01-30,Active
LOAN003918,CUST000340,Gold Loan,478900,9.21,120,6121.06,2024-01-24,2027-05-27,Closed
LOAN003919,CUST013755,Personal Loan,4729753,7.64,120,56489.21,2023-06-26,2028-06-13,Defaulted
LOAN003920,CUST004418,Gold Loan,2649548,11.18,120,36768.01,2018-10-04,2018-10-18,Closed
LOAN003921,CUST011321,Education Loan,959865,9.9,12,84342.75,2023-11-01,2036-03-03,Closed
LOAN003922,CUST015721,Education Loan,4989292,13.38,24,238091.54,2021-08-22,2022-04-13,Closed
LOAN003923,CUST014245,Car Loan,694355,13.01,180,8789.84,2021-02-24,2031-11-28,Closed
LOAN003924,CUST014721,Personal Loan,461810,12.34,60,10352.23,2018-03-18,2018-10-07,Closed
LOAN003925,CUST008139,Personal Loan,2891179,10.56,120,39109.32,2025-02-07,2041-09-02,Active
LOAN003926,CUST004129,Education Loan,4460837,12.63,60,100654.84,2020-04-05,2023-09-15,Closed
LOAN003927,CUST006742,Personal Loan,2568451,11.27,24,120032.17,2025-07-01,2039-04-12,Closed
LOAN003928,CUST017669,Car Loan,573742,11.29,240,6035.75,2022-01-29,2040-06-17,Defaulted
LOAN003929,CUST015463,Car Loan,1479817,10.33,12,130326.66,2021-09-15,2033-04-08,Active
LOAN003930,CUST002217,Education Loan,4213120,10.84,36,137613.13,2023-08-15,2025-02-06,Defaulted
LOAN003931,CUST009001,Education Loan,1162471,9.36,84,18916.17,2020-09-05,2025-04-06,Closed
LOAN003932,CUST002996,Home Loan,2515050,7.72,240,20600.74,2023-02-20,2042-09-12,Active
LOAN003933,CUST015121,Car Loan,582568,9.33,120,7484.17,2022-11-24,2045-11-26,Defaulted
LOAN003934,CUST012430,Personal Loan,3588802,7.88,84,55721.52,2024-12-07,2046-05-13,Active
LOAN003935,CUST019062,Personal Loan,2145895,13.91,12,192582.87,2021-09-13,2029-04-14,Closed
LOAN003936,CUST011115,Home Loan,839707,14.2,36,28780.83,2023-07-20,2033-07-19,Active
LOAN003937,CUST006504,Personal Loan,2486651,11.4,120,34819.07,2020-05-06,2033-02-14,Defaulted
LOAN003938,CUST019203,Car Loan,1504182,7.86,180,14253.44,2023-04-13,2028-04-17,Defaulted
LOAN003939,CUST012335,Gold Loan,4999121,12.8,12,446038.92,2020-07-28,2025-12-10,Active
LOAN003940,CUST009452,Education Loan,1652219,11.19,240,17268.17,2018-02-25,2019-07-31,Active
LOAN003941,CUST005084,Gold Loan,889747,10.56,180,9868.38,2016-08-17,2037-09-08,Closed
LOAN003942,CUST012315,Education Loan,2395231,7.6,36,74616.63,2022-07-18,2022-12-19,Defaulted
LOAN003943,CUST008479,Gold Loan,2337895,13.32,60,53578.05,2019-04-28,2026-05-13,Defaulted
LOAN003944,CUST015957,Car Loan,1358119,9.9,180,14511.44,2025-07-15,2040-12-13,Active
LOAN003945,CUST016232,Gold Loan,4053326,12.73,24,192188.86,2018-01-14,2021-11-24,Closed
LOAN003946,CUST009625,Home Loan,4987783,8.24,120,61149.95,2019-09-14,2030-12-24,Active
LOAN003947,CUST000656,Gold Loan,2003524,11.32,84,34643.24,2019-01-02,2033-05-04,Defaulted
LOAN003948,CUST018964,Home Loan,2345649,13.1,24,111626.64,2024-09-16,2038-09-27,Defaulted
LOAN003949,CUST015419,Personal Loan,2516572,12.91,120,37441.65,2020-05-05,2045-04-01,Active
LOAN003950,CUST002590,Gold Loan,2311168,10.57,240,23183.01,2023-12-06,2045-10-15,Closed
LOAN003951,CUST015403,Home Loan,3581248,9.96,84,59378.97,2023-08-22,2029-02-01,Closed
LOAN003952,CUST005981,Personal Loan,4896172,12.5,36,163794.7,2019-06-23,2031-12-03,Defaulted
LOAN003953,CUST007827,Home Loan,3579047,13.31,12,320191.5,2020-07-14,2041-01-23,Defaulted
LOAN003954,CUST003351,Home Loan,563678,13.99,36,19262.44,2021-10-16,2045-08-03,Active
LOAN003955,CUST011734,Gold Loan,2354633,7.95,36,73731.34,2025-02-25,2029-04-03,Active
LOAN003956,CUST008417,Home Loan,1447114,11.31,120,20188.78,2024-05-21,2042-12-20,Active
LOAN003957,CUST006088,Gold Loan,4233779,8.03,36,132729.85,2022-02-27,2028-01-16,Defaulted
LOAN003958,CUST003224,Home Loan,967272,7.79,84,14975.11,2020-06-27,2038-11-12,Defaulted
LOAN003959,CUST012884,Personal Loan,1751248,11.66,36,57882.52,2022-10-09,2042-06-11,Defaulted
LOAN003960,CUST012336,Personal Loan,3250307,9.14,180,33238.02,2017-03-17,2024-07-15,Closed
LOAN003961,CUST008366,Gold Loan,2974399,9.58,24,136677.55,2024-08-03,2033-09-02,Defaulted
LOAN003962,CUST011079,Education Loan,127631,11.4,60,2800.54,2020-01-10,2046-06-11,Active
LOAN003963,CUST003616,Education Loan,1579125,12.11,24,74416.04,2020-07-21,2030-05-10,Closed
LOAN003964,CUST017786,Personal Loan,2594529,11.11,60,56553.78,2019-02-20,2045-07-11,Defaulted
LOAN003965,CUST000450,Home Loan,1041704,11.71,12,92412.88,2024-03-14,2033-06-29,Closed
LOAN003966,CUST014862,Home Loan,1354159,12.5,180,16690.31,2018-04-11,2029-06-29,Defaulted
LOAN003967,CUST010045,Car Loan,4969193,12.82,240,57581.83,2025-01-10,2032-03-30,Active
LOAN003968,CUST011419,Home Loan,4381602,9.85,24,201885.49,2019-04-18,2029-07-18,Closed
LOAN003969,CUST015619,Education Loan,488306,8.23,12,42528.92,2024-09-20,2035-08-22,Closed
LOAN003970,CUST006408,Gold Loan,4505717,7.87,24,203514.33,2020-06-27,2046-04-19,Defaulted
LOAN003971,CUST008697,Education Loan,4904008,11.17,180,56263.42,2017-12-09,2045-10-31,Closed
LOAN003972,CUST019475,Home Loan,4369568,12.4,180,53571.85,2018-12-06,2039-01-08,Closed
LOAN003973,CUST011077,Gold Loan,3172738,12.68,120,46775.44,2024-08-02,2035-04-13,Defaulted
LOAN003974,CUST005816,Personal Loan,2793145,9.36,240,25780.95,2024-11-13,2044-08-25,Defaulted
LOAN003975,CUST000536,Home Loan,4523991,12.98,240,52937.54,2017-06-20,2032-01-19,Active
LOAN003976,CUST009235,Gold Loan,3019993,8.65,240,26495.61,2024-01-24,2036-03-24,Defaulted
LOAN003977,CUST014621,Education Loan,2439913,10.22,12,214756.85,2024-06-01,2025-12-29,Defaulted
LOAN003978,CUST005427,Personal Loan,3887409,11.94,60,86355.45,2023-03-28,2046-03-31,Closed
LOAN003979,CUST011021,Home Loan,1931733,9.05,84,31128.84,2025-06-28,2026-04-15,Active
LOAN003980,CUST002426,Car Loan,4038936,13.48,24,192930.25,2021-06-24,2046-04-06,Closed
LOAN003981,CUST001837,Home Loan,4000345,10.39,36,129813.59,2019-04-12,2037-06-12,Closed
LOAN003982,CUST010355,Car Loan,4986733,12.75,120,73723.77,2018-01-31,2042-08-21,Closed
LOAN003983,CUST004743,Car Loan,1002343,12.94,240,11700.39,2024-01-11,2039-07-14,Active
LOAN003984,CUST010464,Education Loan,4730916,12.26,24,223275.5,2020-05-17,2041-08-05,Closed
LOAN003985,CUST007464,Home Loan,555733,10.14,24,25680.18,2023-01-29,2032-03-04,Closed
LOAN003986,CUST017299,Home Loan,2199062,7.83,60,44410.35,2022-03-21,2023-07-08,Defaulted
LOAN003987,CUST003464,Home Loan,2261833,13.14,60,51625.9,2020-01-24,2024-07-30,Defaulted
LOAN003988,CUST014635,Car Loan,3158058,14.43,24,152269.78,2025-03-01,2044-02-01,Active
LOAN003989,CUST002681,Gold Loan,1216588,10.83,36,39731.66,2019-01-10,2043-01-19,Closed
LOAN003990,CUST010120,Car Loan,474540,9.96,240,4566.84,2023-12-17,2025-01-01,Closed
LOAN003991,CUST006374,Home Loan,2079132,11.41,84,36049.59,2025-04-10,2032-11-10,Defaulted
LOAN003992,CUST001891,Personal Loan,4254581,11.5,36,140299.09,2021-04-23,2023-08-19,Defaulted
LOAN003993,CUST001039,Car Loan,1262417,10.56,180,14001.74,2025-07-31,2036-08-30,Active
LOAN003994,CUST017605,Gold Loan,4807774,9.63,84,78898.62,2019-09-17,2027-04-19,Closed
LOAN003995,CUST012558,Gold Loan,2925106,9.13,240,26562.99,2018-07-29,2026-07-05,Closed
LOAN003996,CUST004074,Home Loan,4292108,8.5,36,135491.28,2021-02-10,2025-04-12,Defaulted
LOAN003997,CUST007443,Car Loan,1293272,14.29,12,116295.71,2023-10-28,2025-06-20,Defaulted
LOAN003998,CUST010000,Personal Loan,3589614,8.55,12,313168.47,2017-07-01,2043-08-04,Closed
LOAN003999,CUST001871,Personal Loan,747846,7.56,180,6958.15,2019-01-26,2033-03-05,Defaulted
LOAN004000,CUST015197,Home Loan,742160,10.73,240,7524.59,2017-10-24,2043-03-26,Active
LOAN004001,CUST005895,Car Loan,2344541,13.37,24,111871.65,2018-07-11,2037-10-15,Active
LOAN004002,CUST003729,Gold Loan,1134380,10.65,36,36950.41,2017-01-22,2033-02-10,Defaulted
LOAN004003,CUST008959,Education Loan,953779,11.87,180,11367.3,2017-09-19,2042-07-05,Closed
LOAN004004,CUST007672,Home Loan,2046491,12.89,180,25745.12,2021-07-22,2041-11-04,Defaulted
LOAN004005,CUST006000,Gold Loan,2441027,9.68,240,23041.26,2018-03-08,2018-07-31,Closed
LOAN004006,CUST005752,Gold Loan,3011161,9.02,180,30577.04,2022-01-31,2044-12-13,Defaulted
LOAN004007,CUST001689,Car Loan,2953433,8.54,84,46831.43,2025-06-22,2037-02-18,Defaulted
LOAN004008,CUST006837,Car Loan,733784,10.95,120,10087.12,2020-07-06,2046-06-29,Defaulted
LOAN004009,CUST006537,Car Loan,4606192,10.45,120,62024.76,2024-01-03,2044-02-21,Closed
LOAN004010,CUST004843,Home Loan,4487434,8.03,120,54516.12,2019-01-29,2029-03-05,Active
LOAN004011,CUST015845,Personal Loan,3707799,8.84,36,117631.11,2020-01-17,2038-11-13,Active
LOAN004012,CUST000197,Home Loan,4090002,12.3,24,193104.1,2016-11-21,2041-03-19,Defaulted
LOAN004013,CUST000519,Home Loan,4072915,10.33,180,44593.66,2021-02-22,2023-05-28,Defaulted
LOAN004014,CUST010582,Personal Loan,2730871,13.7,120,41910.06,2023-10-19,2026-05-08,Closed
LOAN004015,CUST013321,Personal Loan,4564796,8.35,60,93324.12,2022-08-04,2042-08-11,Defaulted
LOAN004016,CUST010791,Personal Loan,2290622,13.4,240,27491.74,2024-06-05,2042-11-26,Closed
LOAN004017,CUST016940,Home Loan,831468,10.72,12,73377.97,2018-01-21,2040-06-19,Active
LOAN004018,CUST000842,Gold Loan,2853684,10.44,120,38410.37,2022-10-27,2039-02-05,Active
LOAN004019,CUST009508,Personal Loan,957688,10.03,180,10308.95,2018-03-04,2021-11-03,Closed
LOAN004020,CUST010483,Education Loan,1866159,13.85,24,89467.49,2017-03-22,2024-09-22,Active
LOAN004021,CUST005175,Personal Loan,3175869,13.58,120,48511.75,2022-05-06,2035-03-14,Closed
LOAN004022,CUST019947,Home Loan,3951369,9.29,60,82581.18,2022-07-28,2037-02-21,Active
LOAN004023,CUST014470,Personal Loan,2387506,11.33,60,52303.95,2020-07-12,2025-12-28,Defaulted
LOAN004024,CUST007609,Car Loan,1640956,12.36,84,29284.23,2025-04-10,2043-06-15,Defaulted
LOAN004025,CUST011265,Education Loan,1185000,14.12,60,27646.65,2023-12-17,2034-01-10,Defaulted
LOAN004026,CUST014021,Personal Loan,638464,13.65,120,9779.29,2024-01-22,2032-01-17,Active
LOAN004027,CUST018602,Car Loan,4582256,11.45,240,48708.76,2024-09-22,2046-04-24,Closed
LOAN004028,CUST019264,Personal Loan,350485,9.33,12,30704.09,2022-01-13,2045-09-27,Defaulted
LOAN004029,CUST007098,Gold Loan,2535126,12.58,240,28945.69,2020-01-14,2022-12-10,Defaulted
LOAN004030,CUST012597,Education Loan,3831083,7.56,84,58875.72,2016-12-07,2026-12-17,Defaulted
LOAN004031,CUST000455,Gold Loan,3741951,8.02,84,58360.14,2016-10-31,2027-12-29,Defaulted
LOAN004032,CUST018087,Car Loan,108412,12.41,12,9653.08,2023-10-04,2032-12-16,Defaulted
LOAN004033,CUST018221,Car Loan,2393155,11.63,60,52788.04,2019-07-29,2024-12-11,Closed
LOAN004034,CUST002863,Education Loan,3454419,8.61,240,30219.18,2017-05-26,2039-03-01,Active
LOAN004035,CUST017393,Car Loan,155908,13.53,24,7451.02,2018-06-13,2020-04-04,Active
LOAN004036,CUST003853,Gold Loan,3868824,11.97,180,46357.75,2024-07-22,2038-07-25,Defaulted
LOAN004037,CUST014005,Home Loan,2817090,8.5,12,245705.98,2018-09-20,2045-06-09,Closed
LOAN004038,CUST000183,Education Loan,1026935,8.56,12,89597.58,2022-05-24,2024-09-27,Defaulted
LOAN004039,CUST015128,Education Loan,3585532,9.84,36,115425.88,2020-03-31,2038-09-15,Closed
LOAN004040,CUST018773,Gold Loan,4319008,11.07,84,74111.0,2019-10-20,2037-02-19,Active
LOAN004041,CUST013419,Home Loan,2258260,7.52,180,20960.02,2017-01-31,2024-02-17,Active
LOAN004042,CUST002523,Car Loan,3687826,12.31,60,82612.53,2019-08-21,2034-07-08,Defaulted
LOAN004043,CUST016261,Home Loan,2265230,9.78,12,198918.0,2019-08-07,2033-12-23,Defaulted
LOAN004044,CUST004983,Education Loan,834281,8.14,36,26197.25,2021-01-10,2035-01-04,Defaulted
LOAN004045,CUST016569,Car Loan,4876413,10.9,24,227052.74,2021-04-26,2027-08-24,Closed
LOAN004046,CUST019447,Home Loan,2649046,10.81,120,36206.29,2018-09-14,2044-09-23,Defaulted
LOAN004047,CUST000100,Car Loan,4492067,13.22,60,102714.94,2020-11-15,2027-04-05,Active
LOAN004048,CUST011033,Gold Loan,4713192,8.61,60,96948.42,2024-09-07,2033-10-27,Closed
LOAN004049,CUST010485,Gold Loan,1025951,7.94,36,32121.19,2020-10-09,2035-01-07,Defaulted
LOAN004050,CUST015050,Car Loan,1324551,8.03,84,20664.54,2022-07-29,2030-01-05,Active
LOAN004051,CUST010929,Home Loan,4174272,8.6,84,66315.9,2019-06-03,2033-11-21,Active
LOAN004052,CUST018501,Car Loan,3766002,10.95,36,123204.92,2019-05-15,2043-06-24,Closed
LOAN004053,CUST012009,Car Loan,2036904,8.33,36,64139.71,2018-11-25,2039-06-07,Closed
LOAN004054,CUST018418,Education Loan,2803905,13.24,36,94799.09,2020-06-20,2030-04-19,Defaulted
LOAN004055,CUST019622,Home Loan,3399937,13.76,12,304886.74,2021-01-10,2025-11-13,Defaulted
LOAN004056,CUST016482,Gold Loan,4886629,11.44,120,68536.14,2018-01-24,2024-12-27,Defaulted
LOAN004057,CUST009189,Personal Loan,291620,9.49,24,13388.24,2017-01-06,2024-10-17,Defaulted
LOAN004058,CUST015007,Car Loan,1934833,7.77,36,60425.55,2021-03-30,2022-02-17,Defaulted
LOAN004059,CUST004742,Education Loan,1654819,8.51,12,144340.62,2023-07-07,2045-03-25,Defaulted
LOAN004060,CUST001708,Gold Loan,2557830,11.16,240,26680.71,2024-02-06,2041-09-02,Active
LOAN004061,CUST000255,Education Loan,2515018,14.13,12,225970.08,2024-12-07,2042-01-07,Defaulted
LOAN004062,CUST013545,Gold Loan,4195859,9.49,12,367888.17,2020-02-18,2036-08-22,Closed
LOAN004063,CUST008442,Gold Loan,4993973,11.46,180,58212.15,2017-01-02,2036-03-24,Closed
LOAN004064,CUST001303,Gold Loan,1048138,10.15,180,11359.72,2022-01-24,2039-02-03,Defaulted
LOAN004065,CUST014442,Education Loan,1735812,9.23,36,55384.36,2016-08-18,2023-09-01,Active
LOAN004066,CUST015077,Personal Loan,580977,11.54,36,19169.36,2016-11-17,2034-02-18,Closed
LOAN004067,CUST019383,Gold Loan,4623520,14.05,84,86772.57,2019-03-04,2022-03-23,Closed
LOAN004068,CUST006919,Home Loan,4896536,12.2,36,163103.2,2016-08-14,2028-05-03,Active
LOAN004069,CUST008455,Personal Loan,2039317,13.94,240,25270.51,2021-07-06,2030-01-25,Defaulted
LOAN004070,CUST004626,Home Loan,4225567,11.01,84,72374.22,2018-02-04,2029-03-15,Closed
LOAN004071,CUST003931,Education Loan,2887307,13.72,12,258862.74,2024-05-20,2044-10-03,Defaulted
LOAN004072,CUST007181,Car Loan,1757442,12.52,60,39556.7,2025-07-27,2030-06-14,Closed
LOAN004073,CUST019846,Personal Loan,1428737,12.34,180,17461.0,2023-08-26,2045-09-15,Defaulted
LOAN004074,CUST008826,Education Loan,1792265,9.06,60,37256.69,2019-10-15,2040-04-06,Defaulted
LOAN004075,CUST000934,Home Loan,1568903,10.49,240,15653.07,2021-02-05,2025-07-13,Defaulted
LOAN004076,CUST000260,Personal Loan,486881,10.6,120,6597.02,2020-08-10,2043-01-31,Closed
LOAN004077,CUST019081,Education Loan,1675869,13.96,180,22273.22,2021-10-04,2036-12-07,Closed
LOAN004078,CUST015875,Car Loan,849854,10.74,12,75008.48,2021-10-05,2022-10-14,Active
LOAN004079,CUST009091,Education Loan,4134351,12.98,180,52255.16,2021-08-17,2034-12-24,Active
LOAN004080,CUST002519,Gold Loan,4895617,7.6,60,98330.93,2016-12-19,2025-12-07,Closed
LOAN004081,CUST019854,Personal Loan,3103654,12.12,24,146273.76,2019-08-23,2044-11-16,Active
LOAN004082,CUST001374,Personal Loan,2376179,9.32,240,21870.55,2018-07-18,2026-10-15,Closed
LOAN004083,CUST019879,Gold Loan,1583141,14.17,180,21264.47,2023-11-05,2026-06-16,Defaulted
LOAN004084,CUST004049,Gold Loan,2530043,8.96,240,22698.41,2017-08-19,2038-11-26,Closed
LOAN004085,CUST006351,Education Loan,1894241,8.83,240,16836.43,2024-04-03,2038-05-06,Defaulted
LOAN004086,CUST008044,Home Loan,3500526,12.78,12,312296.25,2019-05-09,2040-01-31,Closed
LOAN004087,CUST014596,Car Loan,883742,10.2,180,9605.16,2022-01-22,2024-01-02,Closed
LOAN004088,CUST002010,Home Loan,837662,9.94,24,38630.66,2017-01-30,2038-04-27,Active
LOAN004089,CUST007807,Education Loan,4081003,9.96,120,53840.4,2019-01-16,2024-11-18,Closed
LOAN004090,CUST019837,Car Loan,2152674,7.6,120,25665.11,2022-12-28,2045-08-03,Active
LOAN004091,CUST011342,Gold Loan,1012585,13.28,12,90574.41,2020-04-26,2026-08-05,Defaulted
LOAN004092,CUST003951,Personal Loan,2532058,10.5,240,25279.56,2023-05-14,2034-01-30,Closed
LOAN004093,CUST009816,Personal Loan,4398252,10.03,180,47344.6,2018-07-02,2023-06-16,Closed
LOAN004094,CUST016446,Gold Loan,320998,8.4,240,2765.41,2022-06-10,2046-01-15,Active
LOAN004095,CUST002913,Personal Loan,2233538,11.37,240,23619.36,2019-09-08,2033-04-11,Defaulted
LOAN004096,CUST016192,Personal Loan,3378912,8.19,240,28663.43,2022-04-05,2035-03-16,Defaulted
LOAN004097,CUST002875,Car Loan,4929927,13.26,36,166726.78,2018-05-16,2024-11-11,Closed
LOAN004098,CUST008307,Home Loan,4053649,11.33,84,70113.7,2019-08-03,2044-04-10,Closed
LOAN004099,CUST001038,Home Loan,3270538,12.34,240,36789.66,2022-08-02,2039-09-14,Active
LOAN004100,CUST002705,Home Loan,591160,10.58,180,6564.03,2022-08-30,2038-09-24,Closed
LOAN004101,CUST008109,Personal Loan,967947,11.3,60,21190.62,2025-01-26,2028-07-11,Defaulted
LOAN004102,CUST008569,Gold Loan,1855620,13.58,84,34345.23,2021-11-15,2034-12-09,Closed
LOAN004103,CUST009576,Car Loan,981643,9.03,180,9974.0,2018-01-23,2034-01-27,Closed
LOAN004104,CUST013573,Education Loan,4321628,12.06,120,62152.8,2019-10-12,2026-03-02,Defaulted
LOAN004105,CUST009350,Car Loan,2930593,8.8,60,60550.22,2024-07-05,2039-03-10,Active
LOAN004106,CUST011845,Car Loan,2849150,12.01,12,253156.86,2022-05-23,2045-04-01,Active
LOAN004107,CUST014986,Education Loan,2629072,13.68,36,89447.38,2025-05-23,2034-12-12,Defaulted
LOAN004108,CUST009656,Education Loan,2877340,8.65,12,251160.86,2025-06-15,2026-07-01,Active
LOAN004109,CUST015555,Car Loan,3803408,8.08,84,59432.44,2022-02-16,2044-03-03,Defaulted
LOAN004110,CUST015054,Personal Loan,590327,8.13,24,26733.91,2022-02-02,2035-07-30,Active
LOAN004111,CUST010612,Personal Loan,320214,11.01,12,28302.54,2018-09-27,2019-04-29,Active
LOAN004112,CUST013164,Car Loan,900233,9.81,180,9569.58,2019-06-22,2028-04-21,Closed
LOAN004113,CUST011860,Gold Loan,871816,8.03,84,13601.35,2023-10-19,2040-03-25,Closed
LOAN004114,CUST013346,Education Loan,1282460,10.38,84,21543.0,2020-04-04,2041-12-27,Active
LOAN004115,CUST015507,Education Loan,4382570,13.2,36,148088.64,2020-05-17,2037-12-27,Closed
LOAN004116,CUST001541,Car Loan,847416,12.08,60,18884.58,2023-07-15,2034-03-01,Defaulted
LOAN004117,CUST015679,Personal Loan,3926731,13.21,240,46593.33,2019-08-24,2040-04-22,Closed
LOAN004118,CUST002698,Education Loan,3820808,12.02,120,54861.68,2019-01-12,2037-04-08,Active
LOAN004119,CUST002287,Gold Loan,2451479,11.99,240,26975.81,2020-09-03,2045-04-16,Active
LOAN004120,CUST004789,Car Loan,3784784,8.89,12,330791.92,2020-03-13,2025-08-09,Defaulted
LOAN004121,CUST016031,Home Loan,136051,13.18,180,1737.52,2018-12-02,2037-01-01,Defaulted
LOAN004122,CUST018932,Education Loan,3422611,8.4,84,54030.18,2018-07-17,2021-12-02,Active
LOAN004123,CUST013693,Home Loan,100438,8.71,12,8769.95,2018-07-30,2034-11-30,Closed
LOAN004124,CUST017514,Car Loan,4274670,13.95,120,66242.83,2021-09-18,2046-01-13,Defaulted
LOAN004125,CUST006809,Home Loan,1692145,9.02,12,147996.27,2019-03-25,2021-04-14,Active
LOAN004126,CUST019029,Education Loan,3981814,11.49,84,69208.54,2024-12-06,2024-12-12,Defaulted
LOAN004127,CUST008711,Education Loan,1116900,13.08,180,14190.33,2017-01-26,2041-01-26,Defaulted
LOAN004128,CUST013905,Education Loan,4494418,8.72,60,92687.15,2017-11-24,2040-04-23,Closed
LOAN004129,CUST019516,Home Loan,4139693,10.94,24,192826.84,2024-12-13,2033-02-22,Defaulted
LOAN004130,CUST011833,Personal Loan,1167922,8.71,84,18619.35,2017-12-12,2021-08-04,Active
LOAN004131,CUST015281,Home Loan,4010883,10.3,36,129985.57,2021-11-05,2021-11-14,Closed
LOAN004132,CUST010347,Car Loan,2101897,8.68,84,33477.23,2024-06-19,2043-07-15,Defaulted
LOAN004133,CUST005164,Gold Loan,3153540,13.61,120,48227.13,2019-11-30,2034-02-14,Defaulted
LOAN004134,CUST001334,Car Loan,2756121,7.63,12,239279.39,2022-11-06,2028-05-03,Closed
LOAN004135,CUST005717,Car Loan,3526859,12.55,24,166928.81,2023-04-12,2031-07-09,Active
LOAN004136,CUST014170,Personal Loan,442466,9.41,240,4098.39,2017-05-24,2038-10-13,Closed
LOAN004137,CUST010009,Home Loan,516219,10.09,60,10991.0,2019-07-27,2037-09-28,Defaulted
LOAN004138,CUST015195,Gold Loan,920912,9.25,180,9477.96,2018-11-18,2040-12-20,Defaulted
LOAN004139,CUST001985,Education Loan,2060067,8.29,24,93443.96,2017-08-30,2040-05-06,Active
LOAN004140,CUST004732,Car Loan,2887384,8.51,240,25075.67,2022-12-18,2034-06-09,Closed
LOAN004141,CUST002436,Personal Loan,4704151,13.99,36,160753.88,2017-09-10,2037-10-02,Active
LOAN004142,CUST009484,Car Loan,1573956,14.5,24,75942.48,2017-08-13,2034-07-18,Closed
LOAN004143,CUST010257,Personal Loan,4110621,8.31,240,35180.15,2021-09-19,2038-09-11,Closed
LOAN004144,CUST019350,Car Loan,1757354,10.91,60,38130.3,2023-01-14,2028-08-09,Active
LOAN004145,CUST012847,Car Loan,1621177,10.29,36,52531.83,2022-02-06,2024-06-09,Active
LOAN004146,CUST007802,Personal Loan,3784201,8.89,36,120142.94,2021-09-28,2032-03-16,Active
LOAN004147,CUST003921,Education Loan,2291493,8.05,240,19238.33,2017-12-19,2029-06-17,Defaulted
LOAN004148,CUST014060,Education Loan,332614,10.83,36,10862.6,2025-02-09,2039-09-22,Active
LOAN004149,CUST009606,Personal Loan,3319976,9.45,12,291030.07,2021-03-27,2032-05-26,Defaulted
LOAN004150,CUST005364,Education Loan,2324682,9.86,84,38424.52,2023-02-03,2026-02-06,Defaulted
LOAN004151,CUST007563,Personal Loan,238624,11.81,180,2834.79,2022-02-05,2042-05-15,Active
LOAN004152,CUST009878,Car Loan,583447,12.64,12,52013.4,2021-05-24,2022-06-17,Active
LOAN004153,CUST019142,Gold Loan,2589253,13.49,180,33599.53,2019-03-01,2037-02-09,Defaulted
LOAN004154,CUST002814,Education Loan,1722672,9.93,84,28536.13,2018-08-21,2042-06-23,Active
LOAN004155,CUST007498,Car Loan,2917477,12.52,60,65666.9,2021-09-28,2031-01-31,Defaulted
LOAN004156,CUST000537,Home Loan,388229,7.99,60,7870.03,2016-08-17,2031-07-05,Defaulted
LOAN004157,CUST017952,Home Loan,3878433,9.19,240,35370.6,2016-09-08,2031-09-19,Closed
LOAN004158,CUST001140,Education Loan,1998076,9.98,36,64453.53,2016-11-04,2028-10-02,Active
LOAN004159,CUST004117,Gold Loan,3614257,12.58,240,41267.05,2023-08-30,2038-03-05,Closed
LOAN004160,CUST006096,Gold Loan,1766052,14.17,240,22179.61,2020-11-13,2023-05-21,Defaulted
LOAN004161,CUST016117,Education Loan,4367134,12.07,12,388157.59,2020-01-24,2042-03-28,Defaulted
LOAN004162,CUST017874,Home Loan,1215709,7.79,84,18821.36,2021-11-20,2025-11-05,Closed
LOAN004163,CUST000618,Home Loan,4713815,9.87,36,151814.01,2025-01-19,2030-02-28,Active
LOAN004164,CUST001311,Home Loan,1982091,9.23,240,18127.63,2018-01-12,2019-09-14,Closed
LOAN004165,CUST015105,Education Loan,4534361,8.37,120,55904.81,2022-10-17,2040-08-04,Active
LOAN004166,CUST017024,Education Loan,2678685,9.42,24,122891.87,2017-02-25,2031-02-10,Defaulted
LOAN004167,CUST003252,Personal Loan,1497761,9.47,180,15612.89,2021-08-01,2031-06-30,Active
LOAN004168,CUST003548,Education Loan,4266675,10.84,12,376777.46,2018-05-13,2038-09-16,Defaulted
LOAN004169,CUST018642,Home Loan,1342108,9.78,36,43167.56,2024-05-20,2041-10-24,Closed
LOAN004170,CUST011759,Home Loan,4707162,14.01,240,58568.73,2018-05-05,2019-02-20,Active
LOAN004171,CUST006628,Education Loan,1040115,12.78,84,18797.55,2025-05-16,2044-07-08,Defaulted
LOAN004172,CUST015467,Personal Loan,126124,10.96,180,1430.36,2017-03-22,2030-02-04,Active
LOAN004173,CUST005001,Home Loan,2044790,7.84,24,92331.17,2018-10-05,2038-03-20,Active
LOAN004174,CUST007717,Car Loan,589666,7.58,180,5493.12,2021-10-15,2045-09-29,Active
LOAN004175,CUST007720,Education Loan,3468865,7.85,12,301510.59,2018-01-07,2031-12-30,Active
LOAN004176,CUST007801,Personal Loan,1723243,13.95,84,32246.02,2018-10-11,2026-02-03,Active
LOAN004177,CUST010105,Personal Loan,4616518,11.63,120,65249.96,2016-09-04,2044-11-19,Defaulted
LOAN004178,CUST018340,Car Loan,1148125,10.8,240,11694.94,2024-04-28,2031-05-10,Active
LOAN004179,CUST001122,Car Loan,657284,8.4,24,29847.23,2023-08-19,2044-07-24,Closed
LOAN004180,CUST002657,Home Loan,1616597,14.26,120,25353.66,2023-09-21,2027-08-04,Closed
LOAN004181,CUST003479,Personal Loan,2755025,8.86,60,57002.78,2017-12-12,2034-04-18,Active
LOAN004182,CUST008674,Home Loan,629529,14.37,240,7998.06,2019-05-17,2024-12-14,Active
LOAN004183,CUST017127,Home Loan,3586059,10.11,240,34868.0,2025-04-17,2028-10-02,Defaulted
LOAN004184,CUST016528,Home Loan,3330547,10.97,12,294312.66,2024-03-09,2024-11-05,Defaulted
LOAN004185,CUST007034,Personal Loan,1158192,12.46,180,14244.84,2024-04-08,2032-04-01,Closed
LOAN004186,CUST011468,Gold Loan,2405365,14.46,180,32780.02,2025-03-18,2043-01-20,Closed
LOAN004187,CUST019988,Education Loan,3631708,9.45,180,37813.7,2018-07-30,2025-11-07,Defaulted
LOAN004188,CUST003527,Education Loan,3738565,8.22,36,117532.84,2018-06-25,2023-01-01,Defaulted
LOAN004189,CUST001836,Gold Loan,4895015,7.62,24,220540.88,2022-01-04,2043-01-01,Active
LOAN004190,CUST008346,Car Loan,1284650,10.54,180,14232.38,2025-08-02,2034-12-04,Closed
LOAN004191,CUST016465,Education Loan,4907763,8.39,12,427804.08,2017-11-07,2033-11-05,Closed
LOAN004192,CUST009672,Personal Loan,2132203,11.53,60,46924.82,2024-01-06,2034-04-15,Active
LOAN004193,CUST001043,Car Loan,3995407,8.91,180,40310.45,2017-02-07,2035-07-02,Active
LOAN004194,CUST009318,Car Loan,2747581,8.45,240,23757.27,2017-08-17,2027-11-11,Defaulted
LOAN004195,CUST015703,Car Loan,3333854,9.15,12,291782.41,2019-01-26,2025-02-04,Closed
LOAN004196,CUST000983,Personal Loan,2463790,13.83,180,32530.39,2018-10-24,2028-02-10,Closed
LOAN004197,CUST009546,Car Loan,439593,10.29,60,9402.9,2019-06-19,2038-03-06,Closed
LOAN004198,CUST004405,Gold Loan,3306143,12.14,60,73777.44,2017-02-27,2017-07-17,Closed
LOAN004199,CUST018466,Home Loan,805264,9.29,240,7396.03,2024-11-04,2032-01-09,Active
LOAN004200,CUST018855,Education Loan,2321023,7.67,36,72379.6,2025-07-02,2034-07-21,Active
LOAN004201,CUST011801,Gold Loan,3368834,12.92,12,300768.65,2024-11-07,2039-02-06,Defaulted
LOAN004202,CUST019164,Home Loan,151073,13.64,180,1975.49,2016-11-30,2021-07-22,Active
LOAN004203,CUST000378,Home Loan,3228869,13.0,60,73466.69,2022-04-18,2028-02-02,Defaulted
LOAN004204,CUST000358,Gold Loan,3005724,11.42,36,99002.45,2019-03-19,2039-12-14,Defaulted
LOAN004205,CUST012623,Education Loan,3830897,9.79,84,63182.52,2023-10-28,2034-06-05,Defaulted
LOAN004206,CUST019743,Car Loan,3174004,10.86,60,68789.14,2022-12-13,2025-06-02,Defaulted
LOAN004207,CUST013296,Gold Loan,513071,8.86,84,8218.43,2018-02-15,2037-10-11,Active
LOAN004208,CUST007913,Home Loan,3871507,12.83,240,44889.59,2023-11-27,2034-09-10,Closed
LOAN004209,CUST013215,Gold Loan,3331832,8.38,84,52563.68,2021-09-15,2036-06-13,Defaulted
LOAN004210,CUST009872,Gold Loan,939895,10.06,60,19997.75,2017-10-11,2044-09-15,Closed
LOAN004211,CUST017962,Home Loan,4256515,10.61,84,72012.0,2022-07-30,2027-06-17,Defaulted
LOAN004212,CUST016622,Gold Loan,1821785,9.65,180,19188.77,2025-03-26,2040-02-07,Active
LOAN004213,CUST002235,Education Loan,4418148,13.56,84,81725.98,2022-07-30,2025-03-06,Closed
LOAN004214,CUST019188,Personal Loan,3957033,10.04,180,42619.36,2021-11-06,2043-10-23,Defaulted
LOAN004215,CUST014465,Education Loan,4581419,8.55,60,94105.27,2022-02-11,2029-03-09,Defaulted
LOAN004216,CUST012223,Personal Loan,571047,10.78,24,26556.98,2019-10-18,2029-03-02,Defaulted
LOAN004217,CUST019900,Car Loan,326695,9.4,84,5322.78,2023-11-29,2041-02-07,Closed
LOAN004218,CUST015732,Home Loan,1245839,11.81,120,17737.6,2025-06-09,2033-08-14,Defaulted
LOAN004219,CUST008615,Education Loan,2687201,12.91,240,31310.46,2017-07-13,2035-11-18,Defaulted
LOAN004220,CUST007785,Car Loan,3559546,7.77,180,33545.93,2023-07-26,2029-08-15,Active
LOAN004221,CUST017848,Home Loan,3881259,13.61,12,347775.24,2018-01-21,2033-02-12,Active
LOAN004222,CUST005486,Car Loan,2498545,12.2,24,117848.69,2019-04-12,2019-12-18,Defaulted
LOAN004223,CUST007224,Home Loan,2966639,12.68,120,43736.94,2016-12-26,2032-11-09,Active
LOAN004224,CUST004549,Car Loan,210732,12.63,60,4754.98,2021-04-24,2032-04-20,Defaulted
LOAN004225,CUST018933,Home Loan,3182530,11.04,36,104252.24,2018-07-19,2022-04-19,Closed
LOAN004226,CUST002719,Education Loan,2261346,8.64,84,35971.18,2022-11-26,2025-05-01,Closed
LOAN004227,CUST005848,Home Loan,3064039,12.01,120,43977.77,2022-04-05,2028-10-28,Closed
LOAN004228,CUST001257,Personal Loan,4509249,11.86,12,400346.05,2023-01-18,2025-11-21,Active
LOAN004229,CUST002641,Personal Loan,1707064,8.73,180,17041.07,2021-03-07,2043-09-05,Active
LOAN004230,CUST002653,Personal Loan,871023,13.37,84,16021.35,2025-04-06,2025-08-05,Active
LOAN004231,CUST007126,Education Loan,3992006,13.45,60,91752.65,2021-07-03,2044-11-17,Defaulted
LOAN004232,CUST004414,Home Loan,2328091,12.34,12,207218.54,2022-09-11,2024-01-31,Defaulted
LOAN004233,CUST008754,Gold Loan,179170,11.4,12,15868.79,2022-06-05,2045-04-24,Defaulted
LOAN004234,CUST009164,Personal Loan,1750695,9.08,240,15841.64,2024-04-22,2028-03-30,Closed
LOAN004235,CUST001337,Personal Loan,3601141,13.77,36,122676.57,2018-01-16,2027-12-15,Closed
LOAN004236,CUST000114,Personal Loan,2817832,10.32,240,27792.79,2018-09-17,2033-10-24,Defaulted
LOAN004237,CUST015496,Education Loan,2264347,8.34,180,22086.06,2025-05-30,2038-08-09,Active
LOAN004238,CUST016667,Home Loan,4234106,14.4,12,380965.52,2020-01-07,2038-09-07,Closed
LOAN004239,CUST009160,Personal Loan,4142822,12.1,120,59677.2,2019-02-15,2025-02-07,Defaulted
LOAN004240,CUST013484,Gold Loan,2865718,9.1,180,29236.74,2022-04-24,2028-10-23,Closed
LOAN004241,CUST017758,Car Loan,2291574,12.26,12,203882.4,2019-04-11,2021-07-26,Closed
LOAN004242,CUST013105,Gold Loan,3152323,10.26,84,52756.75,2018-02-28,2034-12-08,Defaulted
LOAN004243,CUST018327,Personal Loan,4221383,10.17,180,45803.23,2019-10-26,2031-10-01,Closed
LOAN004244,CUST012763,Car Loan,2318664,8.01,120,28144.05,2020-08-29,2021-11-03,Defaulted
LOAN004245,CUST004346,Car Loan,1505396,13.73,84,27987.08,2021-08-01,2040-05-08,Active
LOAN004246,CUST007050,Education Loan,3808593,12.67,84,68604.33,2018-04-10,2031-12-12,Closed
LOAN004247,CUST000381,Personal Loan,227989,10.04,60,4848.58,2022-02-02,2023-10-07,Active
LOAN004248,CUST004844,Car Loan,2273310,8.01,60,46105.41,2019-06-30,2041-06-05,Closed
LOAN004249,CUST015142,Education Loan,3422726,11.13,60,74640.45,2017-01-30,2034-05-04,Active
LOAN004250,CUST016368,Education Loan,2211151,14.49,24,106676.3,2019-06-23,2038-01-14,Closed
LOAN004251,CUST019284,Gold Loan,3104203,11.5,24,145401.85,2016-10-21,2027-03-08,Defaulted
LOAN004252,CUST011104,Education Loan,2589424,11.06,84,44418.98,2023-07-25,2036-02-28,Defaulted
LOAN004253,CUST000136,Home Loan,4745986,9.63,180,49931.73,2017-03-09,2043-11-14,Defaulted
LOAN004254,CUST010420,Education Loan,3613012,7.86,240,29906.64,2022-12-04,2045-10-29,Defaulted
LOAN004255,CUST010959,Education Loan,3951550,13.19,60,90294.71,2017-10-30,2034-06-21,Defaulted
LOAN004256,CUST012077,Education Loan,3085340,10.38,84,51828.12,2024-06-23,2030-05-15,Defaulted
LOAN004257,CUST014755,Home Loan,4063523,13.04,84,74011.86,2022-02-13,2026-07-07,Closed
LOAN004258,CUST011615,Education Loan,2518945,8.78,36,79844.11,2019-04-23,2024-09-10,Defaulted
LOAN004259,CUST005679,Gold Loan,4886694,11.62,36,161422.68,2023-05-22,2044-09-25,Active
LOAN004260,CUST011666,Home Loan,3055521,12.33,12,271951.27,2022-08-21,2033-01-26,Active
LOAN004261,CUST007290,Car Loan,3122849,13.67,60,72130.07,2018-11-05,2041-07-16,Active
LOAN004262,CUST002088,Gold Loan,1484075,8.62,36,46931.16,2019-04-30,2031-05-11,Closed
LOAN004263,CUST009812,Gold Loan,3821593,10.88,36,124896.99,2021-04-05,2022-04-12,Defaulted
LOAN004264,CUST006474,Education Loan,576697,12.85,60,13077.39,2023-10-14,2026-05-11,Defaulted
LOAN004265,CUST018967,Education Loan,622931,8.99,12,54473.35,2017-09-05,2035-12-19,Active
LOAN004266,CUST003998,Personal Loan,1736837,8.85,36,55109.78,2017-11-26,2019-09-03,Closed
LOAN004267,CUST010088,Home Loan,4474393,9.97,120,59055.13,2021-03-23,2030-11-11,Active
LOAN004268,CUST014498,Car Loan,874472,12.12,24,41213.46,2019-01-16,2042-01-15,Active
LOAN004269,CUST004357,Gold Loan,1407378,7.79,24,63517.19,2025-04-12,2030-12-31,Defaulted
LOAN004270,CUST019906,Car Loan,2704318,8.79,12,236233.33,2017-08-08,2028-02-22,Active
LOAN004271,CUST003289,Home Loan,577208,11.08,180,6589.55,2021-11-30,2045-10-19,Active
LOAN004272,CUST009250,Car Loan,3552514,13.42,24,169594.67,2019-07-06,2021-12-24,Active
LOAN004273,CUST000426,Gold Loan,3822157,9.22,24,175000.32,2017-11-01,2034-10-10,Active
LOAN004274,CUST018010,Gold Loan,4361708,12.46,240,49432.19,2022-10-24,2025-12-25,Active
LOAN004275,CUST018612,Gold Loan,3721883,13.02,24,176980.07,2019-09-27,2021-10-21,Closed
LOAN004276,CUST019299,Gold Loan,2713639,7.73,36,84697.99,2022-10-15,2042-01-31,Defaulted
LOAN004277,CUST010896,Personal Loan,2371473,11.15,60,51739.15,2019-03-03,2029-12-06,Closed
LOAN004278,CUST005509,Education Loan,3523649,8.8,36,111723.39,2023-01-13,2040-02-24,Defaulted
LOAN004279,CUST016491,Car Loan,3029396,10.23,60,64709.08,2019-10-04,2039-06-23,Defaulted
LOAN004280,CUST007426,Gold Loan,3671596,9.72,24,168951.43,2020-06-21,2037-01-19,Defaulted
LOAN004281,CUST007088,Personal Loan,1893649,8.22,12,164918.24,2018-04-10,2042-06-17,Defaulted
LOAN004282,CUST010150,Personal Loan,2489751,9.33,180,25743.8,2025-01-15,2033-09-16,Active
LOAN004283,CUST006978,Education Loan,787202,12.54,12,70140.96,2017-12-27,2034-10-27,Defaulted
LOAN004284,CUST007536,Home Loan,3034204,11.26,60,66365.06,2020-06-02,2022-07-03,Active
LOAN004285,CUST003215,Car Loan,2051764,13.75,120,31549.32,2024-10-12,2042-08-31,Defaulted
LOAN004286,CUST009026,Car Loan,2560751,13.43,120,38886.97,2019-10-25,2043-01-01,Active
LOAN004287,CUST001834,Gold Loan,4321797,8.99,36,137411.88,2020-01-13,2044-02-05,Defaulted
LOAN004288,CUST003659,Car Loan,3980166,10.07,240,38594.24,2018-03-15,2044-09-04,Active
LOAN004289,CUST014062,Home Loan,2072870,9.95,240,19935.02,2018-11-08,2028-04-08,Defaulted
LOAN004290,CUST016376,Gold Loan,3902531,13.32,12,349149.61,2021-11-27,2043-12-13,Closed
LOAN004291,CUST018494,Car Loan,3023835,13.01,24,143772.83,2016-09-04,2041-07-25,Active
LOAN004292,CUST015181,Gold Loan,336094,8.67,240,2952.96,2023-09-03,2029-07-08,Active
LOAN004293,CUST009542,Education Loan,1318854,9.31,36,42129.75,2023-02-06,2045-06-24,Closed
LOAN004294,CUST012725,Gold Loan,3671376,13.7,60,84856.56,2023-02-10,2041-10-23,Defaulted
LOAN004295,CUST007489,Gold Loan,367128,9.93,24,16929.24,2018-08-25,2034-10-26,Active
LOAN004296,CUST014518,Education Loan,635899,11.25,60,13905.4,2022-09-03,2023-04-27,Active
LOAN004297,CUST008414,Personal Loan,315374,10.62,240,3174.09,2023-03-14,2028-09-17,Active
LOAN004298,CUST006511,Education Loan,4359383,13.23,36,147368.25,2018-03-29,2043-10-29,Closed
LOAN004299,CUST000654,Home Loan,732089,10.02,60,15561.93,2016-11-21,2027-12-24,Defaulted
LOAN004300,CUST008031,Personal Loan,4150828,9.46,180,43243.84,2017-08-09,2025-05-03,Defaulted
LOAN004301,CUST012039,Car Loan,1547058,14.11,120,24123.04,2022-11-30,2033-03-01,Defaulted
LOAN004302,CUST003235,Personal Loan,3242720,10.07,180,34985.43,2023-06-17,2031-09-29,Active
LOAN004303,CUST015569,Education Loan,1962012,8.97,24,89607.01,2022-08-19,2032-01-01,Defaulted
LOAN004304,CUST002727,Home Loan,2513925,13.9,84,46972.22,2018-08-31,2025-06-15,Closed
LOAN004305,CUST001114,Education Loan,2804103,9.25,120,35901.69,2017-11-23,2026-04-12,Closed
LOAN004306,CUST012138,Home Loan,4893445,9.34,240,45103.27,2020-03-08,2041-06-30,Active
LOAN004307,CUST013564,Gold Loan,3728310,13.94,84,69745.06,2021-06-10,2029-02-14,Closed
LOAN004308,CUST000374,Gold Loan,1632561,11.03,120,22516.26,2021-08-01,2045-05-12,Closed
LOAN004309,CUST002100,Gold Loan,2875086,11.54,24,134723.49,2020-05-25,2046-01-18,Closed
LOAN004310,CUST007135,Home Loan,566475,11.71,60,12518.07,2018-11-26,2043-10-22,Defaulted
LOAN004311,CUST002994,Personal Loan,4080503,8.39,24,185276.76,2019-05-06,2045-02-27,Defaulted
LOAN004312,CUST008171,Personal Loan,2244917,8.82,12,196133.97,2024-12-20,2045-02-12,Closed
LOAN004313,CUST001276,Education Loan,3427956,12.63,24,162376.16,2022-09-11,2030-03-29,Active
LOAN004314,CUST010255,Car Loan,2068246,11.32,12,183103.87,2018-11-29,2036-05-13,Closed
LOAN004315,CUST004305,Car Loan,4626759,9.75,180,49014.16,2020-08-25,2028-10-31,Active
LOAN004316,CUST009751,Personal Loan,1080387,8.44,240,9334.86,2022-11-12,2046-04-24,Closed
LOAN004317,CUST008261,Education Loan,325465,13.69,84,6043.62,2022-10-31,2036-08-26,Closed
LOAN004318,CUST009433,Gold Loan,2142277,13.68,84,39768.55,2017-01-09,2027-08-18,Active
LOAN004319,CUST002133,Car Loan,213504,14.01,180,2844.76,2020-12-12,2036-06-25,Defaulted
LOAN004320,CUST016602,Education Loan,250158,11.37,60,5485.31,2023-01-16,2040-12-26,Closed
LOAN004321,CUST016846,Education Loan,2217129,8.26,84,34844.54,2017-09-29,2037-06-16,Active
LOAN004322,CUST013929,Car Loan,4620338,7.5,60,92582.1,2022-06-08,2029-06-27,Closed
LOAN004323,CUST017703,Home Loan,1486428,12.81,120,22027.7,2024-11-29,2038-10-09,Closed
LOAN004324,CUST009067,Gold Loan,2226997,12.29,180,27144.6,2023-09-10,2027-07-29,Active
LOAN004325,CUST009669,Personal Loan,194718,8.75,180,1946.11,2017-05-08,2046-03-09,Active
LOAN004326,CUST006115,Car Loan,2042911,12.34,36,68186.11,2016-08-18,2023-12-13,Active
LOAN004327,CUST010765,Gold Loan,4787025,13.43,240,57556.39,2018-03-27,2029-05-05,Closed
LOAN004328,CUST013526,Personal Loan,2584507,14.08,120,40253.13,2023-12-14,2037-07-09,Defaulted
LOAN004329,CUST005639,Gold Loan,4075679,12.95,180,51433.19,2018-05-19,2037-03-19,Active
LOAN004330,CUST000863,Personal Loan,3241211,11.18,84,55804.66,2016-11-24,2040-11-03,Closed
LOAN004331,CUST007295,Education Loan,3724240,9.18,24,170448.68,2020-05-09,2030-04-23,Defaulted
LOAN004332,CUST012112,Personal Loan,3014432,12.07,60,67161.05,2021-01-12,2044-08-16,Active
LOAN004333,CUST010040,Car Loan,1044054,11.67,12,92601.83,2024-06-22,2030-09-08,Defaulted
LOAN004334,CUST007178,Gold Loan,3702115,10.21,24,171192.88,2024-10-02,2024-11-26,Closed
LOAN004335,CUST001721,Car Loan,4551008,13.63,12,407830.02,2017-08-16,2034-06-22,Defaulted
LOAN004336,CUST011687,Home Loan,2790936,8.29,240,23850.73,2017-09-09,2041-11-14,Closed
LOAN004337,CUST008319,Personal Loan,2401086,8.65,240,21065.69,2024-01-17,2025-04-05,Closed
LOAN004338,CUST015901,Car Loan,2547771,12.25,24,120230.09,2019-06-06,2041-05-08,Active
LOAN004339,CUST018539,Personal Loan,1777041,12.75,84,32086.83,2021-04-06,2032-06-11,Active
LOAN004340,CUST006391,Personal Loan,3392800,11.16,84,58378.82,2021-12-04,2043-08-09,Active
LOAN004341,CUST000639,Education Loan,468956,10.92,12,41429.61,2018-01-31,2032-01-15,Active
LOAN004342,CUST012637,Gold Loan,3095870,14.22,84,58393.54,2020-03-09,2035-02-23,Closed
LOAN004343,CUST004133,Education Loan,2928278,12.36,120,42623.94,2022-03-31,2039-12-23,Closed
LOAN004344,CUST000567,Education Loan,4658353,11.28,36,153126.93,2022-06-08,2039-03-15,Closed
LOAN004345,CUST009531,Gold Loan,4547404,13.73,36,154823.83,2023-04-26,2037-06-07,Active
LOAN004346,CUST016075,Personal Loan,4802983,7.72,240,39341.17,2021-01-29,2039-09-21,Defaulted
LOAN004347,CUST011451,Home Loan,3311985,9.22,240,30269.0,2024-09-27,2038-01-06,Closed
LOAN004348,CUST001306,Personal Loan,2118823,7.97,12,184283.7,2018-05-29,2031-07-09,Defaulted
LOAN004349,CUST019105,Car Loan,3448649,12.85,120,51187.37,2024-03-07,2044-12-24,Active
LOAN004350,CUST004304,Gold Loan,862013,7.7,84,13307.04,2016-11-02,2027-11-23,Active
LOAN004351,CUST008374,Personal Loan,2790633,10.17,60,59526.4,2024-09-23,2037-03-23,Defaulted
LOAN004352,CUST013244,Education Loan,1863174,9.9,24,85890.06,2020-12-12,2043-06-13,Closed
LOAN004353,CUST014558,Car Loan,2102020,9.99,60,44651.37,2019-05-28,2030-05-12,Active
LOAN004354,CUST014801,Gold Loan,4774109,9.81,12,419298.27,2021-05-19,2044-09-16,Closed
LOAN004355,CUST010820,Car Loan,2940393,8.27,120,36095.96,2025-03-22,2032-03-06,Defaulted
LOAN004356,CUST010958,Home Loan,1360788,9.81,36,43787.51,2020-07-27,2036-02-02,Closed
LOAN004357,CUST008305,Gold Loan,1565126,11.35,120,21870.86,2020-08-22,2036-07-31,Active
LOAN004358,CUST013376,Personal Loan,1968917,9.99,180,21146.04,2020-07-07,2043-07-13,Closed
LOAN004359,CUST013338,Home Loan,2539437,7.51,180,23555.33,2020-10-10,2028-02-28,Defaulted
LOAN004360,CUST001796,Gold Loan,764889,7.6,240,6208.75,2018-04-30,2027-11-13,Defaulted
LOAN004361,CUST008032,Personal Loan,3128812,9.23,12,273953.05,2020-02-11,2033-03-27,Defaulted
LOAN004362,CUST010471,Personal Loan,4610072,13.83,60,106862.44,2018-08-10,2021-04-14,Active
LOAN004363,CUST001965,Personal Loan,3763344,7.98,60,76271.03,2016-12-15,2036-08-03,Active
LOAN004364,CUST002630,Personal Loan,273579,8.18,120,3345.35,2023-09-26,2032-08-18,Active
LOAN004365,CUST008088,Car Loan,1020310,9.37,36,32621.57,2024-01-25,2038-05-06,Active
LOAN004366,CUST014321,Education Loan,3385775,8.9,36,107509.23,2022-11-21,2046-03-22,Closed
LOAN004367,CUST011100,Car Loan,4398514,8.94,12,384534.17,2018-10-09,2039-04-27,Closed
LOAN004368,CUST017639,Personal Loan,4396700,9.01,36,139834.35,2020-01-04,2021-01-07,Defaulted
LOAN004369,CUST008234,Education Loan,526641,9.04,60,10942.43,2018-06-29,2037-06-30,Defaulted
LOAN004370,CUST018850,Personal Loan,374946,11.97,12,33308.24,2018-07-03,2020-02-23,Active
LOAN004371,CUST005611,Car Loan,4260709,10.02,12,374623.65,2024-07-23,2036-01-04,Defaulted
LOAN004372,CUST006245,Car Loan,420082,12.99,12,37518.61,2025-03-31,2032-11-02,Defaulted
LOAN004373,CUST012527,Education Loan,845258,12.45,180,10390.5,2022-10-20,2033-08-15,Defaulted
LOAN004374,CUST006416,Personal Loan,1037352,7.59,180,9669.51,2024-03-10,2034-07-17,Closed
LOAN004375,CUST011010,Personal Loan,2416990,12.58,120,35491.98,2024-06-12,2039-06-22,Active
LOAN004376,CUST006007,Car Loan,863861,12.73,12,77048.32,2024-10-16,2039-04-24,Defaulted
LOAN004377,CUST002544,Car Loan,1012906,12.22,24,47785.13,2022-03-28,2045-10-28,Active
LOAN004378,CUST003885,Gold Loan,1546504,8.47,24,70276.16,2024-08-10,2042-09-17,Closed
LOAN004379,CUST006014,Home Loan,1745757,8.3,60,35648.84,2018-06-30,2024-06-04,Defaulted
LOAN004380,CUST002276,Education Loan,406121,10.89,60,8807.79,2017-01-09,2031-01-27,Defaulted
LOAN004381,CUST008464,Car Loan,2025884,11.44,36,66747.77,2019-07-26,2028-06-02,Closed
LOAN004382,CUST010576,Gold Loan,2776896,9.64,24,127678.75,2020-11-09,2039-07-12,Closed
LOAN004383,CUST000421,Car Loan,4917231,14.11,240,61540.03,2020-05-09,2032-12-31,Defaulted
LOAN004384,CUST000285,Education Loan,4965253,8.62,120,61881.15,2018-09-22,2042-06-30,Closed
LOAN004385,CUST000999,Home Loan,124216,7.94,120,1503.15,2023-02-18,2043-11-07,Active
LOAN004386,CUST017968,Education Loan,4350575,9.56,36,139483.8,2019-12-02,2043-12-08,Active
LOAN004387,CUST003182,Education Loan,3451610,10.16,24,159529.3,2018-01-27,2041-11-13,Defaulted
LOAN004388,CUST006370,Personal Loan,1230304,11.33,84,21279.88,2020-09-22,2027-09-28,Closed
LOAN004389,CUST016249,Car Loan,225650,12.4,84,4031.77,2023-02-14,2034-12-31,Closed
LOAN004390,CUST018008,Gold Loan,1536619,14.08,120,23932.5,2017-12-03,2039-08-23,Active
LOAN004391,CUST003835,Gold Loan,3958938,13.42,180,51189.18,2024-09-13,2031-10-14,Defaulted
LOAN004392,CUST018287,Car Loan,4818414,9.29,60,100701.89,2020-05-26,2040-12-16,Defaulted
LOAN004393,CUST003246,Car Loan,4469289,11.78,36,147975.17,2017-02-14,2036-03-03,Closed
LOAN004394,CUST004282,Personal Loan,831313,11.83,60,18420.76,2019-01-07,2029-10-05,Closed
LOAN004395,CUST011810,Home Loan,3352736,7.5,24,150871.75,2021-04-30,2026-03-05,Active
LOAN004396,CUST018318,Education Loan,4269608,7.89,60,86347.66,2022-02-20,2024-11-21,Defaulted
LOAN004397,CUST008923,Personal Loan,3372588,10.89,12,297901.9,2018-04-04,2034-10-21,Closed
LOAN004398,CUST012499,Home Loan,1983085,13.69,120,30422.1,2020-09-25,2038-08-24,Active
LOAN004399,CUST008376,Gold Loan,1593583,10.61,180,17724.28,2020-05-07,2038-08-27,Defaulted
LOAN004400,CUST017751,Home Loan,1154911,10.64,120,15674.47,2022-03-09,2024-01-15,Closed
LOAN004401,CUST009043,Car Loan,3100011,13.02,36,104481.49,2016-09-07,2044-10-16,Active
LOAN004402,CUST005419,Gold Loan,1681504,9.82,60,35578.25,2016-12-26,2042-02-05,Active
LOAN004403,CUST017901,Personal Loan,4754470,8.23,36,149492.79,2018-01-08,2033-09-18,Defaulted
LOAN004404,CUST016229,Education Loan,459326,11.91,120,6566.12,2024-02-01,2043-05-10,Closed
LOAN004405,CUST012598,Education Loan,1685300,12.52,36,56395.56,2022-12-22,2037-03-09,Defaulted
LOAN004406,CUST013556,Education Loan,2428809,9.43,240,22528.78,2019-07-14,2021-09-29,Closed
LOAN004407,CUST000683,Car Loan,3338881,11.32,12,295594.45,2020-12-21,2041-04-24,Active
LOAN004408,CUST006030,Car Loan,248352,9.93,180,2658.18,2019-12-12,2039-02-22,Active
LOAN004409,CUST012471,Education Loan,2280094,14.08,12,204808.9,2017-10-25,2023-01-20,Active
LOAN004410,CUST000151,Car Loan,578332,10.7,60,12487.99,2024-08-04,2027-11-25,Active
LOAN004411,CUST019409,Car Loan,1799676,7.94,120,21778.02,2021-04-19,2021-08-05,Closed
LOAN004412,CUST005565,Car Loan,3948752,8.03,180,37804.75,2022-11-25,2025-10-04,Active
LOAN004413,CUST003412,Gold Loan,3197214,11.63,36,105629.13,2024-07-08,2032-02-21,Defaulted
LOAN004414,CUST008295,Car Loan,1487815,9.87,60,31516.59,2024-06-27,2027-04-17,Closed
LOAN004415,CUST014878,Education Loan,1814100,13.98,240,22532.36,2021-09-08,2036-02-01,Closed
LOAN004416,CUST014837,Home Loan,3914541,10.06,24,180744.63,2024-03-18,2034-07-21,Defaulted
LOAN004417,CUST008529,Home Loan,2007399,13.96,36,68569.15,2018-05-28,2026-02-25,Active
LOAN004418,CUST009148,Home Loan,4600886,9.6,84,75432.62,2023-05-15,2040-03-13,Active
LOAN004419,CUST016831,Education Loan,399786,10.67,180,4461.46,2024-01-07,2038-01-10,Defaulted
LOAN004420,CUST005459,Car Loan,246948,11.48,180,2881.68,2016-10-19,2041-12-28,Active
LOAN004421,CUST006139,Personal Loan,4897951,12.49,24,231685.94,2018-02-28,2036-10-20,Closed
LOAN004422,CUST004437,Car Loan,901818,8.69,84,14367.94,2020-11-09,2031-05-18,Active
LOAN004423,CUST014820,Education Loan,876505,8.58,84,13916.05,2017-04-13,2039-05-27,Defaulted
LOAN004424,CUST004316,Gold Loan,3808362,12.65,240,43671.7,2022-09-30,2040-10-24,Active
LOAN004425,CUST015113,Home Loan,135576,11.89,84,2385.32,2022-12-05,2024-09-04,Defaulted
LOAN004426,CUST002662,Home Loan,1257270,11.27,84,21706.43,2023-10-08,2030-08-02,Active
LOAN004427,CUST017552,Gold Loan,2151293,13.51,84,39735.19,2017-03-12,2030-05-27,Defaulted
LOAN004428,CUST013025,Gold Loan,4884438,10.19,24,225820.61,2017-06-22,2042-08-23,Closed
LOAN004429,CUST013864,Gold Loan,1352413,12.07,120,19457.96,2018-10-01,2045-01-02,Closed
LOAN004430,CUST003789,Personal Loan,3410946,13.56,24,163061.24,2018-05-25,2041-06-13,Defaulted
LOAN004431,CUST016135,Home Loan,1432773,12.92,84,26002.68,2018-10-30,2046-02-03,Active
LOAN004432,CUST001277,Car Loan,811287,8.49,24,36873.89,2021-04-28,2030-03-20,Active
LOAN004433,CUST016331,Gold Loan,2210876,13.03,84,40256.24,2016-12-25,2017-05-19,Defaulted
LOAN004434,CUST005906,Education Loan,4407864,7.68,36,137476.66,2017-10-18,2043-10-20,Active
LOAN004435,CUST005116,Home Loan,4785726,11.01,180,54424.47,2021-08-23,2026-05-22,Closed
LOAN004436,CUST012693,Education Loan,970792,14.46,120,15342.8,2023-09-07,2044-10-09,Closed
LOAN004437,CUST000117,Car Loan,3638881,12.46,120,53179.58,2022-03-18,2032-03-23,Active
LOAN004438,CUST016269,Home Loan,1689911,13.28,60,38693.33,2024-02-21,2045-08-13,Closed
LOAN004439,CUST017630,Gold Loan,3553619,7.58,240,28801.8,2018-01-24,2020-07-25,Closed
LOAN004440,CUST018770,Home Loan,2423837,13.27,240,28864.58,2025-03-20,2035-05-28,Active
LOAN004441,CUST011725,Personal Loan,3509315,9.39,84,57158.69,2023-10-01,2025-07-07,Active
LOAN004442,CUST001113,Personal Loan,2639707,9.11,36,84077.18,2022-02-28,2025-09-23,Active
LOAN004443,CUST017399,Home Loan,3452733,11.42,36,113726.02,2016-12-25,2031-11-08,Active
LOAN004444,CUST019675,Gold Loan,107159,8.03,240,898.32,2025-01-21,2031-12-21,Active
LOAN004445,CUST015810,Gold Loan,3365796,10.49,120,45397.52,2022-06-15,2026-02-24,Defaulted
LOAN004446,CUST019561,Education Loan,2081105,8.12,36,65329.53,2019-06-04,2027-12-08,Active
LOAN004447,CUST018585,Personal Loan,3276580,11.18,120,45469.39,2017-09-05,2021-02-11,Closed
LOAN004448,CUST003652,Home Loan,4602178,11.17,36,151040.18,2025-05-27,2029-01-04,Closed
LOAN004449,CUST008337,Car Loan,3401641,12.18,180,41220.16,2023-09-27,2043-08-29,Closed
LOAN004450,CUST001256,Home Loan,1986648,11.6,24,93147.75,2016-08-29,2045-07-21,Defaulted
LOAN004451,CUST003685,Car Loan,2209857,14.42,84,41927.16,2017-09-30,2044-12-03,Active
LOAN004452,CUST014025,Education Loan,2553000,10.33,12,224841.28,2022-04-26,2037-05-24,Active
LOAN004453,CUST015432,Personal Loan,2229414,9.46,84,36391.85,2022-09-12,2028-10-13,Defaulted
LOAN004454,CUST018985,Education Loan,4785752,8.87,240,42659.34,2016-08-12,2037-04-12,Defaulted
LOAN004455,CUST013692,Gold Loan,2925672,11.52,240,31240.56,2019-01-30,2035-04-09,Defaulted
LOAN004456,CUST002482,Home Loan,3873162,11.0,240,39978.33,2021-09-22,2039-05-01,Closed
LOAN004457,CUST007859,Personal Loan,3681866,12.47,84,65924.05,2018-10-06,2043-02-04,Closed
LOAN004458,CUST007712,Home Loan,4003925,10.08,240,38851.2,2024-12-23,2029-08-19,Closed
LOAN004459,CUST010157,Personal Loan,2555716,13.85,24,122526.27,2024-06-27,2032-04-06,Closed
LOAN004460,CUST017406,Home Loan,3643227,8.47,120,45112.37,2021-07-09,2044-07-04,Closed
LOAN004461,CUST000830,Home Loan,624057,8.96,120,7891.79,2024-01-15,2044-05-02,Closed
LOAN004462,CUST017545,Education Loan,3951842,7.53,60,79243.16,2023-08-29,2031-10-13,Defaulted
LOAN004463,CUST001603,Gold Loan,1243661,12.75,60,28138.2,2025-03-27,2031-09-06,Defaulted
LOAN004464,CUST016863,Home Loan,1365408,7.99,240,11412.32,2018-07-09,2038-12-10,Active
LOAN004465,CUST003059,Home Loan,3929254,10.26,24,181787.02,2023-10-20,2024-07-06,Active
LOAN004466,CUST014738,Education Loan,1798075,11.59,120,25372.78,2019-03-05,2029-09-06,Defaulted
LOAN004467,CUST010824,Gold Loan,3375167,12.3,240,37871.81,2020-12-18,2028-11-26,Closed
LOAN004468,CUST016050,Personal Loan,1185155,13.31,240,14147.54,2025-06-08,2030-10-18,Closed
LOAN004469,CUST015950,Gold Loan,4665810,8.02,120,56658.47,2022-03-20,2032-04-28,Active
LOAN004470,CUST005260,Car Loan,1355813,8.46,60,27790.45,2018-06-18,2038-10-23,Active
LOAN004471,CUST010462,Car Loan,1210257,11.73,240,13098.87,2018-03-18,2026-10-20,Active
LOAN004472,CUST011907,Home Loan,302753,8.86,120,3812.25,2021-10-04,2024-07-08,Closed
LOAN004473,CUST009364,Gold Loan,2897927,11.89,12,257328.2,2019-03-17,2019-03-19,Active
LOAN004474,CUST017871,Home Loan,3989672,14.13,84,75053.31,2016-11-09,2036-07-08,Defaulted
LOAN004475,CUST013964,Car Loan,4971208,8.14,84,77829.51,2020-01-08,2020-01-14,Active
LOAN004476,CUST016957,Education Loan,1855173,7.77,240,15252.92,2025-01-11,2026-01-30,Defaulted
LOAN004477,CUST001922,Personal Loan,158867,12.57,36,5320.01,2024-01-23,2039-02-14,Closed
LOAN004478,CUST011076,Home Loan,4333103,13.64,240,52753.85,2025-04-04,2026-07-12,Defaulted
LOAN004479,CUST010779,Gold Loan,4338171,12.48,12,386416.05,2023-05-08,2044-07-27,Active
LOAN004480,CUST009521,Home Loan,3914188,7.66,84,60346.45,2020-05-15,2039-07-02,Active
LOAN004481,CUST011319,Home Loan,1224175,10.22,24,56613.85,2023-10-04,2030-03-21,Active
LOAN004482,CUST012232,Education Loan,3967707,9.32,120,50950.95,2022-10-28,2026-01-04,Closed
LOAN004483,CUST007597,Gold Loan,1734808,12.37,240,19551.1,2020-01-11,2027-07-16,Active
LOAN004484,CUST015346,Home Loan,2738567,8.06,36,85892.56,2025-04-09,2038-03-12,Active
LOAN004485,CUST003852,Personal Loan,3472179,11.26,60,75944.58,2022-09-05,2030-11-12,Closed
LOAN004486,CUST003939,Personal Loan,3901426,14.2,240,49082.78,2023-06-13,2031-03-31,Active
LOAN004487,CUST013865,Personal Loan,446901,13.7,84,8301.04,2021-05-09,2043-11-15,Active
LOAN004488,CUST004497,Gold Loan,3506048,11.79,24,164698.23,2025-07-08,2041-04-22,Defaulted
LOAN004489,CUST014157,Gold Loan,2745845,10.11,180,29692.05,2018-02-26,2033-01-12,Defaulted
LOAN004490,CUST007890,Gold Loan,1972577,7.98,120,23911.96,2021-08-13,2026-07-04,Active
LOAN004491,CUST014719,Education Loan,2113424,11.15,36,69341.01,2016-10-17,2017-05-18,Active
LOAN004492,CUST014337,Education Loan,1104999,12.2,24,52119.41,2022-11-16,2030-09-08,Active
LOAN004493,CUST006536,Car Loan,4692521,14.08,36,160561.63,2021-01-12,2022-07-26,Closed
LOAN004494,CUST003608,Education Loan,3025618,7.67,84,46662.03,2024-10-09,2025-02-25,Closed
LOAN004495,CUST013896,Car Loan,1305007,12.37,120,19003.25,2018-09-22,2033-09-28,Defaulted
LOAN004496,CUST001321,Personal Loan,2383849,13.33,240,28490.89,2017-02-04,2029-11-07,Closed
LOAN004497,CUST012753,Personal Loan,1642908,9.08,24,75116.15,2019-06-29,2031-01-25,Closed
LOAN004498,CUST017281,Education Loan,4728544,9.61,12,414856.94,2018-01-03,2033-10-31,Active
LOAN004499,CUST013540,Personal Loan,3327615,12.51,12,296449.06,2021-12-21,2030-12-11,Closed
LOAN004500,CUST000169,Car Loan,3155335,11.56,36,104140.41,2025-02-24,2028-01-16,Defaulted
LOAN004501,CUST018390,Personal Loan,4621633,8.38,60,94552.81,2020-09-04,2045-07-07,Defaulted
LOAN004502,CUST012500,Car Loan,1529056,12.17,240,17017.79,2023-02-28,2041-09-27,Defaulted
LOAN004503,CUST017646,Car Loan,973704,13.45,36,33019.38,2016-08-28,2039-02-05,Defaulted
LOAN004504,CUST013350,Home Loan,4903534,13.86,12,439951.24,2018-07-25,2042-06-23,Active
LOAN004505,CUST012781,Education Loan,2795665,14.48,240,35743.49,2024-11-15,2031-05-09,Defaulted
LOAN004506,CUST014065,Education Loan,4475332,9.87,180,47736.85,2023-08-06,2037-06-30,Active
LOAN004507,CUST000399,Education Loan,4916414,9.18,36,156752.85,2021-09-05,2042-05-30,Closed
LOAN004508,CUST006028,Car Loan,1353342,11.29,84,23379.38,2022-10-24,2030-10-19,Closed
LOAN004509,CUST005866,Car Loan,2276958,13.86,12,204291.54,2024-01-06,2030-11-27,Closed
LOAN004510,CUST000150,Education Loan,1178160,13.23,24,56139.24,2019-02-21,2023-11-20,Defaulted
LOAN004511,CUST003070,Home Loan,4205834,12.31,84,74943.52,2018-11-29,2020-06-01,Defaulted
LOAN004512,CUST016255,Personal Loan,2995522,14.24,12,269297.67,2024-12-04,2043-06-16,Defaulted
LOAN004513,CUST000095,Gold Loan,2209673,8.4,240,19036.43,2025-04-23,2038-05-06,Active
LOAN004514,CUST017436,Gold Loan,4607067,10.09,120,61112.57,2019-12-13,2034-04-24,Defaulted
LOAN004515,CUST013578,Gold Loan,190194,8.55,36,6008.36,2017-11-14,2024-07-06,Closed
LOAN004516,CUST011959,Gold Loan,2834878,11.43,180,32990.71,2025-04-12,2026-06-24,Defaulted
LOAN004517,CUST013335,Home Loan,3701399,9.57,60,77862.95,2021-11-08,2041-07-01,Closed
LOAN004518,CUST006068,Car Loan,3955247,12.93,84,71803.27,2021-02-02,2035-12-21,Active
LOAN004519,CUST012819,Education Loan,4864179,8.95,36,154566.42,2019-03-21,2038-11-22,Defaulted
LOAN004520,CUST001497,Education Loan,3549728,13.12,240,41891.58,2022-12-20,2027-08-06,Closed
LOAN004521,CUST006661,Car Loan,3105304,14.48,240,39702.32,2016-11-13,2040-07-09,Active
LOAN004522,CUST013252,Home Loan,540453,11.99,180,6482.87,2019-05-14,2040-08-01,Active
LOAN004523,CUST006872,Personal Loan,4053376,9.22,240,37044.75,2019-12-08,2028-04-02,Active
LOAN004524,CUST012216,Car Loan,393190,13.32,36,13308.81,2020-02-26,2038-08-16,Closed
LOAN004525,CUST007862,Gold Loan,4989909,12.52,12,444562.13,2025-05-04,2028-04-05,Closed
LOAN004526,CUST007145,Gold Loan,1614587,12.56,12,143877.42,2019-03-23,2046-06-18,Active
LOAN004527,CUST017787,Education Loan,883386,8.51,240,7671.82,2018-01-02,2046-04-28,Closed
LOAN004528,CUST018603,Car Loan,3384860,13.06,24,161017.82,2023-02-06,2033-08-11,Closed
LOAN004529,CUST003747,Education Loan,816971,10.47,12,72003.44,2024-06-01,2030-06-23,Active
LOAN004530,CUST012244,Gold Loan,3849617,8.0,24,174107.75,2016-08-11,2045-09-27,Defaulted
LOAN004531,CUST016967,Education Loan,598045,10.05,180,6444.93,2019-05-13,2028-07-08,Closed
LOAN004532,CUST009195,Personal Loan,908236,13.22,84,16631.42,2019-07-28,2023-09-10,Closed
LOAN004533,CUST019310,Home Loan,821753,14.24,240,10362.22,2022-12-20,2036-04-14,Defaulted
LOAN004534,CUST019480,Car Loan,2891610,14.24,180,38976.14,2019-03-30,2042-01-08,Closed
LOAN004535,CUST001930,Personal Loan,1350763,9.64,120,17582.25,2022-01-30,2033-06-12,Defaulted
LOAN004536,CUST012831,Gold Loan,1927982,12.79,60,43660.53,2016-08-11,2037-06-06,Closed
LOAN004537,CUST010440,Education Loan,2669019,7.97,60,54079.77,2020-09-04,2032-08-02,Closed
LOAN004538,CUST014999,Home Loan,3565009,12.07,120,51291.89,2020-02-17,2034-07-23,Closed
LOAN004539,CUST001968,Education Loan,574952,8.62,180,5702.3,2025-03-21,2045-09-07,Closed
LOAN004540,CUST009782,Gold Loan,3446709,13.09,36,116282.72,2016-12-12,2017-06-09,Defaulted
LOAN004541,CUST013253,Personal Loan,570761,7.61,36,17783.06,2017-05-07,2045-03-04,Defaulted
LOAN004542,CUST001635,Car Loan,2515086,11.73,36,83212.88,2024-05-19,2039-04-28,Active
LOAN004543,CUST008785,Home Loan,3741125,13.28,12,334638.75,2021-06-16,2031-01-02,Defaulted
LOAN004544,CUST006614,Car Loan,4317270,9.12,240,39177.41,2016-12-25,2035-02-13,Closed
LOAN004545,CUST010740,Gold Loan,2758919,9.24,60,57592.51,2021-05-15,2028-12-19,Defaulted
LOAN004546,CUST007709,Car Loan,778834,7.77,240,6403.44,2024-09-29,2033-01-31,Defaulted
LOAN004547,CUST019501,Gold Loan,4747841,12.4,12,422728.87,2025-03-25,2039-10-14,Defaulted
LOAN004548,CUST015880,Education Loan,2370367,12.23,120,34323.79,2024-07-19,2030-10-20,Defaulted
LOAN004549,CUST011140,Education Loan,971186,13.84,240,11964.21,2024-11-05,2034-04-14,Active
LOAN004550,CUST009353,Personal Loan,3606666,8.24,180,34968.74,2024-02-08,2030-02-16,Active
LOAN004551,CUST001480,Personal Loan,1078465,11.46,84,18727.82,2022-04-02,2038-06-27,Closed
LOAN004552,CUST007914,Gold Loan,1319014,8.97,36,41925.88,2018-09-23,2034-08-14,Defaulted
LOAN004553,CUST007337,Gold Loan,1934408,12.81,12,172603.66,2021-01-27,2042-05-05,Defaulted
LOAN004554,CUST001499,Home Loan,1523535,12.93,180,19206.29,2019-12-01,2025-11-08,Active
LOAN004555,CUST018384,Home Loan,4721977,11.1,36,154815.18,2019-09-09,2037-11-27,Closed
LOAN004556,CUST008901,Personal Loan,533421,10.07,120,7069.89,2023-08-13,2044-05-31,Closed
LOAN004557,CUST015896,Gold Loan,2545741,12.52,84,45650.29,2019-08-08,2036-07-30,Defaulted
LOAN004558,CUST012617,Gold Loan,1243422,11.06,84,21329.66,2021-12-10,2039-09-12,Active
LOAN004559,CUST005720,Home Loan,3261441,9.48,36,104443.09,2022-05-21,2026-05-09,Active
LOAN004560,CUST012289,Gold Loan,2088430,9.8,240,19877.85,2018-12-24,2037-03-25,Defaulted
LOAN004561,CUST001333,Education Loan,1538253,9.71,12,135029.49,2021-05-21,2040-03-11,Active
LOAN004562,CUST007271,Gold Loan,637516,9.72,60,13457.67,2018-10-12,2021-12-23,Active
LOAN004563,CUST013846,Personal Loan,3685669,11.59,180,43266.72,2018-10-23,2020-05-30,Closed
LOAN004564,CUST013166,Car Loan,345057,8.22,180,3341.52,2023-07-22,2043-02-21,Defaulted
LOAN004565,CUST002689,Gold Loan,1306197,8.15,36,41021.91,2019-01-09,2023-06-02,Defaulted
LOAN004566,CUST001715,Personal Loan,594834,9.39,84,9688.48,2021-03-13,2026-10-17,Active
LOAN004567,CUST017589,Car Loan,3664885,11.29,120,51087.28,2024-08-18,2025-11-15,Defaulted
LOAN004568,CUST010614,Education Loan,4916785,12.46,240,55723.0,2021-09-15,2023-12-12,Active
LOAN004569,CUST015076,Personal Loan,4241683,14.35,36,145692.77,2021-09-16,2026-12-15,Active
LOAN004570,CUST011196,Home Loan,4376682,12.77,84,79074.19,2016-11-24,2033-11-08,Defaulted
LOAN004571,CUST015354,Education Loan,2505235,8.33,24,113682.42,2021-07-13,2043-06-14,Defaulted
LOAN004572,CUST017389,Gold Loan,3706819,10.73,84,62944.76,2017-02-06,2033-07-17,Active
LOAN004573,CUST003856,Home Loan,1670308,13.73,60,38631.74,2017-03-26,2041-04-04,Closed
LOAN004574,CUST016427,Personal Loan,1934637,9.6,240,18159.88,2017-12-14,2018-08-14,Active
LOAN004575,CUST004114,Personal Loan,4929082,8.14,240,41659.32,2019-03-09,2019-04-04,Defaulted
LOAN004576,CUST008226,Car Loan,3766807,11.23,180,43359.01,2020-08-05,2034-06-13,Active
LOAN004577,CUST014864,Gold Loan,1718518,7.9,120,20759.67,2024-02-23,2029-06-24,Active
LOAN004578,CUST002716,Car Loan,4638163,13.7,24,222034.8,2020-04-19,2042-10-26,Closed
LOAN004579,CUST011371,Gold Loan,497346,9.3,12,43562.86,2022-06-05,2041-12-13,Defaulted
LOAN004580,CUST000317,Education Loan,4636049,11.73,84,81171.04,2022-01-15,2025-07-21,Closed
LOAN004581,CUST006979,Gold Loan,683609,7.98,36,21415.51,2019-11-10,2030-03-19,Closed
LOAN004582,CUST015520,Personal Loan,3670158,12.08,12,326226.46,2025-07-05,2031-04-11,Closed
LOAN004583,CUST018486,Education Loan,3092808,12.07,120,44498.05,2019-08-31,2041-12-06,Defaulted
LOAN004584,CUST019631,Gold Loan,257686,10.42,12,22705.06,2020-02-24,2033-01-06,Active
LOAN004585,CUST015610,Gold Loan,518744,11.72,24,24351.31,2022-01-08,2027-11-16,Closed
LOAN004586,CUST007008,Gold Loan,1078568,11.18,60,23547.62,2020-03-16,2043-01-02,Active
LOAN004587,CUST002819,Car Loan,2142030,8.44,36,67559.08,2018-04-08,2044-01-13,Closed
LOAN004588,CUST005501,Gold Loan,125422,11.58,240,1344.46,2016-08-16,2028-06-16,Active
LOAN004589,CUST000951,Car Loan,166323,10.77,84,2827.78,2024-01-13,2024-08-11,Active
LOAN004590,CUST011334,Gold Loan,2654533,7.83,12,230705.06,2020-10-18,2044-11-30,Defaulted
LOAN004591,CUST004603,Personal Loan,324012,12.01,36,10763.38,2021-09-25,2041-05-23,Active
LOAN004592,CUST012304,Education Loan,4902246,8.25,60,99987.44,2020-11-04,2026-11-19,Closed
LOAN004593,CUST000031,Home Loan,2855987,14.06,84,53615.94,2021-06-15,2038-01-16,Closed
LOAN004594,CUST006904,Gold Loan,164039,9.2,180,1683.37,2023-08-28,2028-01-12,Defaulted
LOAN004595,CUST001640,Education Loan,477783,13.21,180,6111.28,2017-02-04,2041-10-10,Closed
LOAN004596,CUST006418,Home Loan,1192222,11.68,60,26327.93,2023-08-28,2033-11-27,Closed
LOAN004597,CUST007977,Home Loan,3821034,10.54,180,42332.47,2023-11-30,2042-02-25,Active
LOAN004598,CUST014406,Car Loan,3593966,10.47,24,166624.01,2025-07-28,2038-03-15,Closed
LOAN004599,CUST004457,Personal Loan,4698722,8.51,24,213605.07,2018-01-04,2023-09-19,Active
LOAN004600,CUST011829,Personal Loan,2985529,10.52,60,64200.25,2023-07-19,2025-11-28,Closed
LOAN004601,CUST015482,Gold Loan,4198695,9.59,240,39384.44,2023-06-04,2042-11-29,Active
LOAN004602,CUST016892,Home Loan,1991299,10.01,180,21410.78,2017-04-25,2020-10-14,Closed
LOAN004603,CUST006114,Home Loan,1050073,7.62,60,21101.24,2021-11-12,2031-08-25,Defaulted
LOAN004604,CUST006358,Home Loan,1664448,7.52,120,19774.67,2024-02-01,2038-02-11,Defaulted
LOAN004605,CUST001966,Home Loan,2640792,10.44,12,232708.33,2017-11-22,2038-02-16,Active
LOAN004606,CUST017387,Personal Loan,4492494,14.14,36,153848.45,2019-08-26,2033-07-10,Active
LOAN004607,CUST001585,Gold Loan,427112,8.92,60,8849.57,2020-11-25,2028-02-04,Active
LOAN004608,CUST002026,Education Loan,897413,8.9,240,8016.63,2022-01-23,2031-10-31,Closed
LOAN004609,CUST018783,Gold Loan,2100553,10.46,36,68233.49,2018-03-07,2023-07-13,Defaulted
LOAN004610,CUST009618,Home Loan,3246071,8.35,180,31680.57,2017-12-13,2028-08-30,Closed
LOAN004611,CUST013847,Gold Loan,778113,10.38,24,36042.59,2019-08-31,2032-05-17,Defaulted
LOAN004612,CUST019695,Car Loan,2083460,8.63,24,94829.03,2025-04-26,2040-05-16,Defaulted
LOAN004613,CUST015883,Personal Loan,4695194,11.84,120,66928.83,2025-05-31,2028-12-23,Active
LOAN004614,CUST014577,Car Loan,1949916,8.24,120,23905.87,2024-07-18,2035-04-22,Defaulted
LOAN004615,CUST018046,Car Loan,2313913,7.53,24,104156.71,2023-06-01,2039-11-26,Defaulted
LOAN004616,CUST002929,Personal Loan,927110,13.71,180,12166.6,2024-02-25,2046-06-24,Defaulted
LOAN004617,CUST018458,Gold Loan,2063829,12.16,24,97305.88,2022-01-10,2023-12-15,Defaulted
LOAN004618,CUST011323,Home Loan,2155782,13.17,240,25518.15,2019-01-17,2027-02-19,Defaulted
LOAN004619,CUST008484,Personal Loan,3184600,12.13,240,35354.24,2024-05-15,2036-01-06,Defaulted
LOAN004620,CUST018399,Car Loan,3820215,9.42,120,49265.48,2017-06-02,2033-04-11,Defaulted
LOAN004621,CUST014064,Education Loan,543851,8.43,36,17150.4,2018-01-04,2045-07-24,Closed
LOAN004622,CUST018497,Personal Loan,1140481,13.17,12,101955.64,2020-08-25,2039-06-08,Defaulted
LOAN004623,CUST019752,Gold Loan,1754267,10.28,24,81177.42,2022-11-12,2025-06-03,Closed
LOAN004624,CUST001594,Home Loan,3609056,8.65,180,35857.84,2022-08-29,2033-01-15,Defaulted
LOAN004625,CUST009660,Education Loan,704769,8.64,240,6178.74,2016-11-05,2038-08-20,Defaulted
LOAN004626,CUST006533,Gold Loan,3531716,9.0,120,44738.29,2022-02-10,2042-09-27,Defaulted
LOAN004627,CUST000701,Car Loan,1839999,9.66,84,30223.89,2018-08-25,2042-01-18,Active
LOAN004628,CUST013645,Gold Loan,4963192,7.62,24,223612.54,2017-02-10,2042-06-25,Active
LOAN004629,CUST015426,Education Loan,1966387,10.47,24,91165.94,2018-05-26,2032-11-12,Defaulted
LOAN004630,CUST009129,Education Loan,3965524,12.21,36,132110.24,2022-01-04,2033-10-20,Active
LOAN004631,CUST014809,Gold Loan,3474281,14.0,12,311945.68,2024-12-18,2032-10-10,Closed
LOAN004632,CUST006199,Personal Loan,2070947,10.12,60,44123.88,2018-06-23,2033-03-31,Active
LOAN004633,CUST003996,Gold Loan,4225949,10.57,240,42389.92,2022-11-10,2028-02-16,Closed
LOAN004634,CUST007472,Car Loan,4743907,14.23,24,228284.44,2018-01-16,2034-05-18,Defaulted
LOAN004635,CUST001315,Car Loan,706262,8.69,36,22357.18,2023-01-12,2033-07-23,Closed
LOAN004636,CUST008740,Personal Loan,1369659,10.67,240,13831.16,2025-07-31,2026-05-28,Defaulted
LOAN004637,CUST000765,Personal Loan,2116001,8.22,180,20491.27,2019-12-02,2034-04-21,Closed
LOAN004638,CUST017734,Education Loan,4525427,13.2,180,57854.44,2025-05-16,2030-05-17,Active
LOAN004639,CUST004343,Car Loan,1476687,12.81,180,18499.43,2020-12-22,2036-07-23,Defaulted
LOAN004640,CUST005953,Car Loan,4377216,14.46,24,211115.23,2022-01-06,2031-04-20,Defaulted
LOAN004641,CUST007320,Car Loan,2381030,12.87,36,80077.3,2021-05-27,2033-06-21,Active
LOAN004642,CUST012549,Gold Loan,2036610,13.89,12,182755.95,2018-09-04,2034-01-08,Defaulted
LOAN004643,CUST009836,Education Loan,3890438,8.99,84,62573.82,2021-05-22,2026-08-09,Active
LOAN004644,CUST013989,Home Loan,2326326,13.11,36,78506.43,2020-11-23,2037-09-16,Active
LOAN004645,CUST000039,Home Loan,230038,9.43,60,4823.36,2019-05-19,2035-10-06,Closed
LOAN004646,CUST003614,Home Loan,1587867,11.22,60,34698.55,2017-11-01,2028-03-23,Active
LOAN004647,CUST001456,Car Loan,2536851,8.34,24,115128.69,2019-07-10,2045-07-20,Active
LOAN004648,CUST015111,Education Loan,4484797,11.95,36,148852.36,2021-07-15,2037-04-14,Closed
LOAN004649,CUST013344,Home Loan,3877379,11.64,240,41724.18,2024-05-14,2036-06-25,Closed
LOAN004650,CUST008140,Education Loan,761197,12.36,24,35960.29,2016-08-30,2035-04-12,Closed
LOAN004651,CUST002895,Gold Loan,4701694,7.58,240,38106.85,2023-07-13,2027-02-14,Active
LOAN004652,CUST013254,Car Loan,208972,11.28,12,18496.6,2021-09-13,2028-06-22,Closed
LOAN004653,CUST007782,Car Loan,3789317,11.16,12,335188.99,2023-03-02,2025-06-13,Closed
LOAN004654,CUST005626,Personal Loan,4320730,13.55,240,52322.91,2024-09-04,2025-11-20,Defaulted
LOAN004655,CUST018270,Gold Loan,1463911,12.95,84,26591.64,2022-01-14,2025-01-24,Active
LOAN004656,CUST016919,Gold Loan,484139,10.06,36,15635.45,2022-03-02,2031-05-20,Active
LOAN004657,CUST001054,Car Loan,287503,7.99,60,5828.15,2016-09-02,2019-07-11,Defaulted
LOAN004658,CUST013696,Home Loan,4566338,11.81,84,80145.1,2023-09-22,2028-03-26,Active
LOAN004659,CUST010334,Personal Loan,3130609,10.68,36,102018.36,2021-02-22,2038-08-27,Active
LOAN004660,CUST014868,Home Loan,3237565,9.09,60,67348.03,2022-05-30,2038-09-20,Closed
LOAN004661,CUST013962,Home Loan,515609,12.83,180,6466.13,2018-06-19,2033-02-13,Defaulted
LOAN004662,CUST012551,Education Loan,193289,13.21,36,6532.24,2021-02-23,2042-09-25,Defaulted
LOAN004663,CUST006146,Gold Loan,2051479,12.8,120,30389.26,2020-06-19,2032-12-15,Closed
LOAN004664,CUST005949,Education Loan,4679815,12.82,120,69378.7,2022-09-27,2036-12-24,Closed
LOAN004665,CUST002808,Home Loan,1745701,11.63,84,30472.04,2022-11-14,2046-05-12,Defaulted
LOAN004666,CUST014158,Home Loan,819752,14.46,120,12955.7,2024-07-28,2035-05-17,Active
LOAN004667,CUST007557,Gold Loan,2250188,12.34,36,75104.38,2017-10-28,2024-07-30,Defaulted
LOAN004668,CUST013899,Car Loan,4293474,8.89,240,38326.28,2017-12-06,2030-10-31,Defaulted
LOAN004669,CUST000305,Personal Loan,3598012,13.72,12,322581.3,2019-08-30,2045-10-29,Defaulted
LOAN004670,CUST018891,Personal Loan,3945302,12.59,84,70896.31,2019-11-21,2025-03-28,Closed
LOAN004671,CUST005225,Education Loan,3765521,14.17,24,181096.08,2018-03-20,2036-06-08,Defaulted
LOAN004672,CUST015120,Car Loan,1116527,13.85,180,14756.9,2023-07-04,2042-10-01,Closed
LOAN004673,CUST007729,Gold Loan,4092927,9.98,240,39443.41,2023-10-09,2029-03-25,Active
LOAN004674,CUST017203,Gold Loan,3831214,13.48,12,343056.98,2023-05-02,2042-10-22,Defaulted
LOAN004675,CUST006696,Gold Loan,4531553,14.32,240,57407.03,2022-03-31,2028-05-28,Closed
LOAN004676,CUST015404,Car Loan,2424719,7.58,180,22587.82,2021-07-24,2022-11-27,Defaulted
LOAN004677,CUST000253,Education Loan,443993,11.65,84,7754.83,2021-05-20,2045-01-06,Active
LOAN004678,CUST000512,Gold Loan,250758,9.62,84,4113.81,2018-04-24,2043-01-26,Closed
LOAN004679,CUST017733,Education Loan,3571603,14.26,240,45089.65,2019-03-14,2024-07-21,Closed
LOAN004680,CUST013001,Home Loan,2361561,12.3,120,34292.35,2017-04-12,2032-10-24,Closed
LOAN004681,CUST015309,Education Loan,1482504,14.3,180,20042.82,2022-09-11,2032-05-29,Closed
LOAN004682,CUST006970,Home Loan,3712586,13.84,60,86077.73,2024-10-11,2039-05-18,Defaulted
LOAN004683,CUST018532,Education Loan,2275617,9.97,12,200031.14,2025-08-01,2041-02-28,Defaulted
LOAN004684,CUST009359,Education Loan,3685394,10.48,24,170879.87,2020-09-08,2039-02-06,Closed
LOAN004685,CUST012358,Home Loan,2093113,14.21,12,188141.46,2022-10-09,2029-05-19,Closed
LOAN004686,CUST018125,Personal Loan,185994,12.36,180,2275.5,2017-04-21,2025-04-24,Active
LOAN004687,CUST000751,Home Loan,724696,7.98,84,11288.05,2018-04-07,2021-12-19,Active
LOAN004688,CUST015546,Gold Loan,2989774,10.05,36,96541.8,2021-10-19,2033-08-05,Defaulted
LOAN004689,CUST009855,Gold Loan,178219,13.79,12,15984.17,2023-12-21,2027-12-10,Active
LOAN004690,CUST000743,Personal Loan,4790072,13.87,24,229691.1,2025-05-30,2029-10-13,Closed
LOAN004691,CUST019369,Gold Loan,1271770,11.52,120,17895.06,2017-12-20,2033-02-02,Defaulted
LOAN004692,CUST000177,Education Loan,3715952,8.18,60,75666.63,2020-11-05,2043-08-27,Defaulted
LOAN004693,CUST011207,Car Loan,3903542,13.13,60,89077.57,2020-07-23,2027-10-03,Defaulted
LOAN004694,CUST008286,Gold Loan,2252036,13.5,12,201674.39,2017-05-06,2034-11-18,Closed
LOAN004695,CUST017560,Car Loan,3888474,11.02,12,343706.06,2022-02-18,2035-03-20,Defaulted
LOAN004696,CUST012866,Education Loan,4080958,7.65,240,33251.24,2021-08-29,2025-10-17,Closed
LOAN004697,CUST009578,Gold Loan,4778302,14.13,36,163612.9,2023-04-14,2044-11-21,Defaulted
LOAN004698,CUST008770,Home Loan,2663327,13.21,60,60885.57,2018-05-23,2040-04-01,Closed
LOAN004699,CUST006887,Personal Loan,611399,12.09,240,6770.43,2023-11-26,2038-11-27,Active
LOAN004700,CUST008192,Personal Loan,1331505,12.08,240,14735.35,2025-01-04,2032-05-20,Active
LOAN004701,CUST017416,Gold Loan,929286,10.19,36,30068.41,2019-01-22,2032-10-20,Active
LOAN004702,CUST014323,Car Loan,936110,13.42,120,14209.98,2024-09-16,2034-11-29,Defaulted
LOAN004703,CUST000382,Personal Loan,1395532,9.93,84,23117.04,2021-03-06,2026-02-07,Closed
LOAN004704,CUST014753,Home Loan,3485987,11.97,84,61481.28,2024-01-28,2043-01-05,Closed
LOAN004705,CUST009932,Car Loan,1426546,9.84,84,23564.59,2018-12-19,2031-07-07,Active
LOAN004706,CUST015887,Car Loan,3374850,9.79,240,32099.87,2023-12-17,2032-11-25,Active
LOAN004707,CUST007202,Education Loan,2500362,9.78,36,80421.64,2023-11-06,2028-02-06,Active
LOAN004708,CUST009746,Personal Loan,826323,14.16,36,28306.02,2021-08-09,2045-06-05,Closed
LOAN004709,CUST014806,Education Loan,1980415,7.88,120,23902.51,2019-04-02,2045-12-28,Active
LOAN004710,CUST008646,Gold Loan,3835839,12.92,24,182218.67,2017-11-22,2027-02-25,Defaulted
LOAN004711,CUST009871,Home Loan,1229164,9.94,12,108028.75,2022-02-08,2037-09-22,Defaulted
LOAN004712,CUST007516,Gold Loan,4534426,7.62,120,54108.86,2024-04-10,2036-01-27,Defaulted
LOAN004713,CUST006016,Personal Loan,166987,14.09,84,3137.65,2023-06-07,2041-06-19,Defaulted
LOAN004714,CUST015808,Education Loan,835340,8.84,36,26501.43,2020-04-25,2039-11-09,Defaulted
LOAN004715,CUST009779,Home Loan,3303748,10.5,240,32983.96,2018-03-13,2042-10-11,Defaulted
LOAN004716,CUST013267,Gold Loan,3080456,10.89,120,42241.7,2022-12-05,2025-09-26,Closed
LOAN004717,CUST008744,Home Loan,2087793,12.45,240,23646.71,2023-04-01,2041-02-13,Closed
LOAN004718,CUST000985,Home Loan,4539541,9.19,120,57972.81,2019-12-01,2022-01-14,Active
LOAN004719,CUST000440,Education Loan,2884675,9.67,36,92634.06,2020-05-05,2024-12-26,Active
LOAN004720,CUST008399,Car Loan,2602599,7.53,84,39957.93,2023-01-01,2045-01-07,Closed
LOAN004721,CUST003782,Education Loan,2576337,9.54,36,82575.85,2023-04-11,2024-05-05,Defaulted
LOAN004722,CUST015655,Gold Loan,1246601,14.14,180,16718.92,2021-06-26,2043-11-11,Closed
LOAN004723,CUST012732,Gold Loan,1469663,11.08,60,32012.7,2024-12-21,2042-06-26,Defaulted
LOAN004724,CUST019531,Personal Loan,4723201,8.96,84,75896.1,2020-09-25,2022-03-25,Closed
LOAN004725,CUST005473,Personal Loan,3435767,7.62,180,32084.73,2017-11-09,2031-11-07,Active
LOAN004726,CUST012197,Personal Loan,4343248,9.84,36,139818.36,2016-11-02,2038-05-11,Active
LOAN004727,CUST018910,Personal Loan,188518,12.28,36,6286.74,2018-03-23,2031-06-17,Active
LOAN004728,CUST013800,Home Loan,761018,8.06,84,11884.15,2025-01-30,2040-02-16,Defaulted
LOAN004729,CUST013189,Education Loan,4520557,12.73,36,151728.2,2021-11-10,2024-12-05,Defaulted
LOAN004730,CUST012510,Personal Loan,1063670,8.81,180,10668.56,2017-11-29,2038-03-25,Defaulted
LOAN004731,CUST001227,Personal Loan,3818166,11.83,60,84605.35,2023-10-24,2046-02-08,Defaulted
LOAN004732,CUST007986,Personal Loan,2612800,12.63,120,38443.79,2020-11-22,2035-10-22,Defaulted
LOAN004733,CUST014184,Personal Loan,3507953,8.82,84,56119.8,2019-06-14,2026-11-25,Defaulted
LOAN004734,CUST011634,Home Loan,4663677,8.05,240,39154.11,2023-03-31,2031-12-01,Defaulted
LOAN004735,CUST017958,Personal Loan,2869118,9.39,60,60102.7,2025-01-04,2031-01-14,Defaulted
LOAN004736,CUST000904,Education Loan,1070207,13.65,180,14001.62,2022-02-13,2024-01-27,Active
LOAN004737,CUST013981,Personal Loan,802087,8.64,84,12758.78,2019-01-12,2025-01-17,Closed
LOAN004738,CUST015271,Gold Loan,787527,13.44,120,11963.89,2018-10-01,2030-04-02,Closed
LOAN004739,CUST008281,Car Loan,3287638,8.66,24,149682.55,2022-01-18,2042-12-30,Active
LOAN004740,CUST007108,Car Loan,1530157,13.93,24,73416.66,2020-07-02,2026-07-02,Closed
LOAN004741,CUST013343,Education Loan,1704586,12.11,12,151538.13,2020-10-14,2023-07-31,Closed
LOAN004742,CUST011009,Gold Loan,3713591,11.46,84,64487.46,2020-08-22,2032-09-05,Active
LOAN004743,CUST000367,Car Loan,1185145,12.39,60,26597.06,2017-04-16,2023-12-03,Defaulted
LOAN004744,CUST010135,Personal Loan,4651802,13.27,12,416075.78,2017-07-08,2040-12-02,Active
LOAN004745,CUST003080,Personal Loan,1638790,10.11,240,15934.3,2016-12-28,2041-08-03,Closed
LOAN004746,CUST016768,Home Loan,3762816,12.04,60,83777.84,2020-01-05,2045-09-13,Active
LOAN004747,CUST003017,Home Loan,3146169,9.72,36,101104.94,2021-05-27,2030-04-25,Defaulted
LOAN004748,CUST006937,Personal Loan,3564448,10.7,36,116189.71,2021-07-13,2026-03-21,Closed
LOAN004749,CUST017994,Home Loan,2856919,14.3,60,66920.68,2024-10-07,2024-11-08,Active
LOAN004750,CUST010747,Gold Loan,180852,11.67,120,2560.32,2019-12-18,2038-01-28,Active
LOAN004751,CUST001654,Personal Loan,4923437,7.64,120,58802.45,2017-03-27,2044-04-03,Active
LOAN004752,CUST015924,Gold Loan,847856,10.85,36,27697.53,2020-11-23,2022-08-23,Closed
LOAN004753,CUST003423,Car Loan,827343,11.3,24,38676.0,2021-06-18,2026-10-17,Defaulted
LOAN004754,CUST013314,Personal Loan,472740,10.87,120,6477.26,2019-09-05,2028-03-15,Defaulted
LOAN004755,CUST015869,Personal Loan,671716,8.25,240,5723.46,2022-01-29,2045-11-04,Active
LOAN004756,CUST008926,Personal Loan,2762889,8.56,24,125664.83,2021-06-10,2028-10-31,Closed
LOAN004757,CUST013187,Education Loan,4580638,13.72,60,105919.67,2018-08-19,2023-07-31,Closed
LOAN004758,CUST001207,Gold Loan,3748484,11.49,36,123592.21,2022-08-12,2045-07-28,Closed
LOAN004759,CUST012716,Home Loan,4483028,13.68,12,401843.48,2021-02-14,2025-10-01,Active
LOAN004760,CUST008929,Car Loan,324713,8.86,84,5201.29,2024-04-06,2039-03-01,Closed
LOAN004761,CUST014478,Personal Loan,2807523,8.78,60,57980.25,2018-01-17,2027-12-05,Closed
LOAN004762,CUST001487,Gold Loan,1138666,10.61,24,52864.82,2018-12-08,2030-08-30,Closed
LOAN004763,CUST012327,Personal Loan,231994,8.03,24,10495.63,2025-07-15,2040-01-03,Closed
LOAN004764,CUST011960,Education Loan,1522477,14.33,60,35686.39,2021-03-30,2023-05-19,Closed
LOAN004765,CUST000086,Gold Loan,4461355,7.83,84,69158.38,2024-01-11,2037-09-03,Active
LOAN004766,CUST005666,Education Loan,3880127,13.59,12,347637.34,2023-10-10,2027-11-24,Defaulted
LOAN004767,CUST000168,Car Loan,4884694,12.16,24,230304.66,2016-12-01,2030-06-17,Defaulted
LOAN004768,CUST005378,Home Loan,4247485,12.31,120,61702.67,2019-08-22,2029-05-19,Active
LOAN004769,CUST015941,Home Loan,1767839,13.28,240,21065.21,2017-12-15,2029-03-15,Active
LOAN004770,CUST015632,Education Loan,2663521,9.59,84,43655.4,2023-07-30,2033-07-11,Closed
LOAN004771,CUST004895,Home Loan,3384458,11.45,240,35976.33,2018-08-24,2020-08-20,Closed
LOAN004772,CUST007204,Personal Loan,1999848,9.19,36,63771.62,2016-08-09,2036-11-14,Active
LOAN004773,CUST018888,Car Loan,527238,10.27,24,24395.11,2021-02-20,2030-01-07,Active
LOAN004774,CUST001419,Car Loan,2575353,7.98,36,80678.44,2016-08-04,2025-11-06,Active
LOAN004775,CUST007749,Home Loan,3198154,12.96,36,107696.84,2022-10-30,2033-05-27,Active
LOAN004776,CUST002255,Car Loan,3627330,9.09,12,317366.77,2018-06-27,2020-02-10,Closed
LOAN004777,CUST004064,Home Loan,4725716,12.49,24,223538.77,2018-08-21,2045-11-02,Active
LOAN004778,CUST008861,Personal Loan,556659,13.48,24,26590.26,2024-08-12,2026-09-08,Active
LOAN004779,CUST019647,Education Loan,3862280,13.06,180,49019.78,2025-03-15,2041-11-02,Defaulted
LOAN004780,CUST009015,Personal Loan,3483838,10.12,36,112610.03,2022-04-14,2033-01-22,Closed
LOAN004781,CUST008395,Gold Loan,3115328,9.73,36,100128.42,2018-03-05,2045-03-09,Defaulted
LOAN004782,CUST010283,Personal Loan,3606222,10.95,240,37100.37,2017-11-22,2025-08-11,Closed
LOAN004783,CUST004245,Home Loan,2190739,12.66,180,27229.86,2024-08-24,2042-07-24,Closed
LOAN004784,CUST013531,Home Loan,4332016,11.53,24,202973.51,2023-02-04,2036-08-20,Active
LOAN004785,CUST002439,Education Loan,1935449,8.61,120,24110.81,2018-12-26,2035-08-03,Defaulted
LOAN004786,CUST005141,Car Loan,404752,9.88,240,3873.82,2018-05-10,2022-05-24,Defaulted
LOAN004787,CUST002070,Education Loan,4442820,11.61,240,47716.73,2017-04-09,2025-07-14,Closed
LOAN004788,CUST015225,Personal Loan,774741,9.06,60,16104.92,2018-03-03,2034-10-09,Closed
LOAN004789,CUST013106,Gold Loan,793643,7.64,24,35764.16,2022-04-19,2027-09-15,Defaulted
LOAN004790,CUST017254,Education Loan,889654,10.69,12,78500.51,2024-01-06,2041-01-06,Defaulted
LOAN004791,CUST006668,Home Loan,208435,13.02,60,4744.67,2020-12-22,2022-12-24,Closed
LOAN004792,CUST001079,Personal Loan,3348106,8.83,84,53579.53,2018-11-06,2027-12-05,Closed
LOAN004793,CUST012833,Personal Loan,3220298,9.58,120,41811.05,2021-04-06,2028-01-15,Closed
LOAN004794,CUST002176,Education Loan,2312291,11.53,240,24706.77,2025-04-06,2026-01-24,Closed
LOAN004795,CUST004126,Personal Loan,4368651,13.51,36,148272.56,2016-10-19,2045-04-27,Defaulted
LOAN004796,CUST000625,Education Loan,4894804,8.23,36,153905.25,2020-09-20,2033-04-18,Active
LOAN004797,CUST010537,Home Loan,3520330,9.8,24,162120.6,2018-01-27,2024-09-04,Active
LOAN004798,CUST016344,Gold Loan,208784,10.55,60,4492.76,2024-08-06,2044-11-24,Closed
LOAN004799,CUST004106,Car Loan,659182,14.36,60,15461.32,2018-11-13,2036-07-04,Closed
LOAN004800,CUST003551,Car Loan,4000363,10.87,60,86718.46,2023-04-11,2044-02-06,Closed
LOAN004801,CUST007537,Personal Loan,3066099,10.81,12,270715.25,2016-08-24,2035-04-08,Active
LOAN004802,CUST013662,Gold Loan,1372739,11.18,24,64095.18,2020-12-26,2026-01-15,Closed
LOAN004803,CUST000148,Gold Loan,1551221,12.76,240,17909.16,2016-12-13,2042-02-22,Defaulted
LOAN004804,CUST006799,Home Loan,3842341,11.1,60,83733.55,2023-09-29,2027-11-14,Defaulted
LOAN004805,CUST005787,Personal Loan,3317010,12.49,24,156903.28,2023-02-18,2046-07-08,Defaulted
LOAN004806,CUST017886,Personal Loan,3186228,10.38,240,31554.24,2017-03-25,2031-08-19,Active
LOAN004807,CUST001355,Gold Loan,4245006,10.51,36,137993.09,2022-10-07,2045-10-09,Defaulted
LOAN004808,CUST008757,Car Loan,4339793,13.56,84,80276.59,2017-08-08,2042-02-22,Defaulted
LOAN004809,CUST011011,Personal Loan,3133035,11.64,60,69124.01,2024-11-23,2036-01-27,Active
LOAN004810,CUST018677,Car Loan,4986893,13.2,84,91264.49,2022-06-23,2046-02-04,Closed
LOAN004811,CUST019064,Car Loan,2932428,9.81,24,135059.66,2025-03-28,2045-12-26,Active
LOAN004812,CUST013196,Car Loan,1141529,14.17,36,39109.07,2019-06-29,2044-03-27,Defaulted
LOAN004813,CUST016542,Car Loan,2196507,10.45,60,47157.12,2017-09-01,2044-06-28,Active
LOAN004814,CUST016320,Personal Loan,4484769,9.01,60,93118.2,2024-05-24,2045-06-22,Closed
LOAN004815,CUST014970,Personal Loan,1402227,11.93,12,124540.26,2020-03-23,2041-04-05,Defaulted
LOAN004816,CUST006307,Gold Loan,3791770,11.38,180,44006.22,2017-01-15,2042-07-31,Active
LOAN004817,CUST007585,Education Loan,2596449,11.32,36,85398.42,2023-05-01,2023-12-01,Defaulted
LOAN004818,CUST016290,Car Loan,500837,8.85,180,5035.23,2021-01-07,2026-07-18,Active
LOAN004819,CUST010456,Car Loan,1867863,14.43,60,43879.43,2023-05-31,2030-02-20,Active
LOAN004820,CUST008224,Car Loan,2417446,13.95,120,37462.18,2020-03-16,2034-05-21,Active
LOAN004821,CUST019968,Personal Loan,3209805,8.22,84,50381.25,2024-03-10,2045-08-27,Defaulted
LOAN004822,CUST016148,Car Loan,633868,8.41,60,12977.29,2024-04-06,2033-07-24,Closed
LOAN004823,CUST002448,Personal Loan,1924741,13.27,60,44060.26,2022-09-17,2027-11-04,Defaulted
LOAN004824,CUST001888,Car Loan,1401517,14.05,120,21803.01,2024-08-06,2038-11-08,Defaulted
LOAN004825,CUST008819,Gold Loan,1808667,10.98,36,59196.31,2019-07-22,2038-07-31,Closed
LOAN004826,CUST014775,Personal Loan,3797018,9.44,84,61941.79,2024-11-23,2027-07-12,Defaulted
LOAN004827,CUST011873,Education Loan,2566277,13.19,12,229441.69,2025-07-22,2042-06-19,Defaulted
LOAN004828,CUST000906,Home Loan,2864947,10.4,120,38497.92,2017-08-27,2045-05-31,Closed
LOAN004829,CUST015001,Car Loan,1867161,10.39,120,25079.67,2020-01-02,2042-03-03,Defaulted
LOAN004830,CUST017878,Education Loan,122733,12.0,60,2730.13,2022-02-22,2032-01-04,Closed
LOAN004831,CUST004897,Car Loan,3383768,11.3,12,299536.74,2020-04-17,2035-07-20,Defaulted
LOAN004832,CUST019425,Education Loan,1008576,13.0,240,11816.23,2016-08-26,2025-08-31,Closed
LOAN004833,CUST009860,Personal Loan,2249260,8.41,12,196086.24,2016-09-07,2018-04-15,Active
LOAN004834,CUST012086,Gold Loan,3300116,10.04,84,54854.06,2019-10-11,2029-07-16,Defaulted
LOAN004835,CUST014151,Gold Loan,844108,14.26,84,15940.08,2018-01-23,2033-07-29,Closed
LOAN004836,CUST009595,Car Loan,2390254,13.44,84,44057.22,2020-10-29,2030-03-19,Defaulted
LOAN004837,CUST003103,Car Loan,1555180,8.54,60,31936.89,2022-07-16,2024-05-08,Active
LOAN004838,CUST012084,Gold Loan,2344138,13.12,120,35166.61,2018-07-19,2030-12-07,Closed
LOAN004839,CUST000518,Car Loan,4753243,10.07,84,79081.49,2018-03-26,2038-05-17,Active
LOAN004840,CUST015182,Education Loan,708831,11.33,24,33145.79,2019-06-03,2042-10-05,Defaulted
LOAN004841,CUST006203,Car Loan,407440,9.27,36,13007.74,2023-05-09,2041-10-12,Defaulted
LOAN004842,CUST009884,Personal Loan,2645478,9.17,240,24092.06,2017-03-16,2027-11-28,Defaulted
LOAN004843,CUST010303,Education Loan,1868320,8.95,24,85310.86,2021-06-08,2024-07-27,Closed
LOAN004844,CUST012568,Home Loan,3105254,14.37,180,42128.72,2025-06-14,2026-04-29,Active
LOAN004845,CUST009196,Home Loan,2856010,11.49,120,40137.86,2023-07-17,2038-03-30,Defaulted
LOAN004846,CUST010904,Gold Loan,3989415,14.0,24,191543.32,2021-07-18,2039-09-28,Closed
LOAN004847,CUST010613,Gold Loan,1410983,9.71,12,123857.59,2025-04-28,2035-01-26,Active
LOAN004848,CUST004751,Car Loan,2948454,8.44,84,46604.24,2021-11-17,2035-10-04,Closed
LOAN004849,CUST017712,Home Loan,2626391,10.55,24,121862.42,2019-11-09,2023-02-06,Defaulted
LOAN004850,CUST018151,Home Loan,241064,8.89,240,2151.89,2018-06-17,2044-11-29,Active
LOAN004851,CUST010160,Car Loan,3467877,8.91,84,55636.68,2016-11-26,2033-03-31,Defaulted
LOAN004852,CUST015099,Gold Loan,4507251,10.68,60,97280.8,2016-11-25,2027-04-16,Defaulted
LOAN004853,CUST008207,Car Loan,2021055,13.08,240,23793.47,2023-03-07,2026-12-04,Defaulted
LOAN004854,CUST014661,Gold Loan,3180304,12.74,120,46998.89,2019-10-04,2023-07-08,Active
LOAN004855,CUST019267,Home Loan,2632834,13.3,120,39778.28,2021-02-12,2037-03-13,Closed
LOAN004856,CUST009810,Education Loan,4362943,8.91,24,199139.81,2018-03-19,2042-10-11,Closed
LOAN004857,CUST006926,Personal Loan,4043954,7.78,24,182491.59,2022-01-10,2038-11-14,Defaulted
LOAN004858,CUST012300,Personal Loan,2093445,8.51,60,42960.32,2024-11-25,2045-03-10,Active
LOAN004859,CUST003108,Car Loan,327042,12.3,60,7324.55,2016-11-21,2035-02-25,Closed
LOAN004860,CUST002007,Gold Loan,3198760,10.41,36,103831.82,2018-03-05,2036-01-29,Active
LOAN004861,CUST014355,Car Loan,3690402,12.59,60,83195.47,2023-03-23,2028-06-14,Defaulted
LOAN004862,CUST011867,Home Loan,4445765,13.85,180,58758.73,2017-08-07,2022-11-13,Defaulted
LOAN004863,CUST002734,Home Loan,4924154,8.18,36,154714.31,2018-08-21,2035-01-02,Active
LOAN004864,CUST012168,Car Loan,160543,13.58,84,2971.45,2025-05-01,2031-02-23,Closed
LOAN004865,CUST017698,Personal Loan,776605,10.12,120,10314.57,2020-03-21,2043-06-04,Closed
LOAN004866,CUST001694,Gold Loan,2273735,14.29,180,30724.56,2018-04-19,2029-05-26,Active
LOAN004867,CUST016432,Gold Loan,507144,10.83,240,5176.14,2024-12-17,2040-12-03,Closed
LOAN004868,CUST011506,Gold Loan,2616022,8.65,36,82763.32,2023-06-13,2024-04-29,Active
LOAN004869,CUST004386,Home Loan,1473147,9.96,120,19435.13,2018-06-17,2026-02-26,Active
LOAN004870,CUST016853,Education Loan,4527250,8.86,120,57006.83,2021-03-10,2040-08-17,Defaulted
LOAN004871,CUST010979,Home Loan,3412732,11.01,36,111744.63,2019-09-24,2036-04-29,Closed
LOAN004872,CUST009385,Home Loan,4450554,8.21,84,69833.84,2025-06-30,2030-08-02,Active
LOAN004873,CUST003290,Education Loan,4847796,9.77,120,63448.15,2020-02-11,2041-10-25,Closed
LOAN004874,CUST017375,Car Loan,1298637,13.02,84,23638.88,2019-12-15,2037-02-07,Closed
LOAN004875,CUST002500,Car Loan,3157733,9.48,240,29392.99,2019-02-23,2040-05-16,Defaulted
LOAN004876,CUST015967,Gold Loan,4045555,10.73,120,55111.02,2023-02-05,2024-05-03,Active
LOAN004877,CUST015576,Education Loan,1520291,13.84,180,20083.18,2020-01-27,2042-09-03,Defaulted
LOAN004878,CUST019239,Education Loan,246562,13.56,24,11786.97,2019-08-16,2025-01-27,Defaulted
LOAN004879,CUST016126,Education Loan,722273,13.24,180,9252.86,2025-07-25,2036-11-17,Active
LOAN004880,CUST007984,Personal Loan,1995971,11.85,24,93817.53,2025-01-21,2035-05-30,Defaulted
LOAN004881,CUST013202,Car Loan,4484335,14.37,24,216090.51,2018-08-03,2029-07-22,Active
LOAN004882,CUST015013,Gold Loan,2898753,10.57,120,39228.03,2022-01-22,2034-05-26,Defaulted
LOAN004883,CUST015795,Gold Loan,3614268,13.29,24,172321.62,2021-03-03,2037-11-07,Active
LOAN004884,CUST010063,Personal Loan,2145334,8.34,240,18401.03,2016-11-02,2039-04-22,Closed
LOAN004885,CUST017193,Personal Loan,768724,11.3,84,13284.0,2019-07-16,2044-12-23,Defaulted
LOAN004886,CUST002575,Education Loan,1369399,9.41,60,28699.74,2017-10-22,2023-10-13,Active
LOAN004887,CUST015614,Home Loan,1353342,9.59,60,28482.26,2019-09-25,2039-12-31,Active
LOAN004888,CUST014336,Car Loan,3042535,7.59,120,36258.51,2023-08-19,2025-09-11,Defaulted
LOAN004889,CUST004221,Personal Loan,664154,9.08,120,8442.0,2019-12-22,2035-10-03,Closed
LOAN004890,CUST012695,Car Loan,3800283,8.57,36,120088.88,2025-05-09,2040-03-06,Active
LOAN004891,CUST017097,Car Loan,2380626,10.28,180,25991.66,2024-06-14,2031-01-10,Defaulted
LOAN004892,CUST014586,Car Loan,671659,7.92,180,6387.74,2023-09-02,2024-08-31,Defaulted
LOAN004893,CUST016994,Personal Loan,3196379,11.0,60,69497.02,2020-07-07,2023-06-24,Defaulted
LOAN004894,CUST013103,Home Loan,2495223,13.21,240,29607.52,2017-02-04,2023-05-12,Defaulted
LOAN004895,CUST009240,Gold Loan,2764620,9.57,240,25896.39,2022-11-29,2026-10-17,Closed
LOAN004896,CUST013144,Personal Loan,2952572,13.08,24,140481.63,2018-08-25,2044-11-02,Active
LOAN004897,CUST014751,Car Loan,506953,13.86,60,11759.15,2024-02-11,2025-06-11,Active
LOAN004898,CUST004090,Personal Loan,1270553,12.96,84,23086.23,2020-04-07,2023-04-05,Closed
LOAN004899,CUST009516,Education Loan,4800075,9.28,60,100295.22,2018-06-15,2025-01-18,Active
LOAN004900,CUST017835,Gold Loan,1459676,12.28,24,68903.04,2021-05-20,2035-09-11,Closed
LOAN004901,CUST008342,Car Loan,4137235,11.58,240,44348.98,2024-05-05,2044-05-13,Active
LOAN004902,CUST012470,Personal Loan,3605617,14.06,12,323839.76,2017-05-12,2022-07-13,Closed
LOAN004903,CUST007317,Gold Loan,3295999,12.31,24,155631.7,2022-08-18,2038-10-05,Closed
LOAN004904,CUST003602,Car Loan,1532021,14.46,84,29100.8,2023-12-30,2045-07-04,Defaulted
LOAN004905,CUST007998,Personal Loan,3147698,9.7,60,66415.59,2022-02-11,2025-12-06,Closed
LOAN004906,CUST018300,Home Loan,235348,8.91,84,3775.79,2023-09-05,2031-09-16,Active
LOAN004907,CUST016387,Car Loan,837444,9.71,84,13777.4,2019-04-20,2034-03-07,Closed
LOAN004908,CUST008269,Car Loan,2591714,13.2,36,87574.96,2021-01-20,2033-05-19,Closed
LOAN004909,CUST012286,Personal Loan,4222251,9.0,24,192892.45,2023-10-01,2040-04-22,Defaulted
LOAN004910,CUST002924,Home Loan,946386,11.1,24,44152.96,2024-08-31,2039-02-12,Defaulted
LOAN004911,CUST014298,Personal Loan,203983,12.97,180,2576.85,2022-06-10,2026-01-28,Active
LOAN004912,CUST001065,Gold Loan,1831540,12.57,240,20899.32,2020-10-11,2026-07-14,Active
LOAN004913,CUST016436,Personal Loan,1089953,14.32,180,14750.44,2018-06-07,2027-03-19,Defaulted
LOAN004914,CUST013316,Gold Loan,691307,13.51,12,61911.19,2023-08-21,2038-09-17,Defaulted
LOAN004915,CUST008523,Gold Loan,296394,10.08,84,4932.75,2021-12-20,2027-03-04,Active
LOAN004916,CUST001772,Car Loan,2379278,11.88,12,211262.43,2024-11-25,2041-03-19,Defaulted
LOAN004917,CUST000333,Car Loan,332843,11.26,24,15553.3,2021-09-06,2040-01-10,Closed
LOAN004918,CUST003990,Personal Loan,3641591,14.02,36,124496.33,2019-04-30,2020-01-20,Active
LOAN004919,CUST009116,Gold Loan,4586064,10.96,180,52009.93,2021-12-10,2027-12-16,Active
LOAN004920,CUST013926,Education Loan,1545658,10.71,180,17287.46,2020-04-15,2032-04-01,Closed
LOAN004921,CUST003866,Home Loan,1454019,11.86,24,68350.7,2025-03-13,2042-04-09,Defaulted
LOAN004922,CUST008688,Personal Loan,790311,12.22,36,26332.75,2019-09-05,2031-10-29,Active
LOAN004923,CUST005590,Gold Loan,4168376,12.28,24,196765.42,2018-06-08,2025-09-09,Active
LOAN004924,CUST019658,Education Loan,1164561,9.07,180,11860.3,2018-01-17,2031-09-07,Defaulted
LOAN004925,CUST005632,Gold Loan,4128981,13.46,36,140038.29,2019-10-13,2034-03-06,Closed
LOAN004926,CUST019821,Education Loan,976826,11.15,240,10182.59,2019-09-04,2037-01-22,Closed
LOAN004927,CUST014778,Car Loan,870037,10.0,84,14443.64,2023-04-09,2035-05-19,Active
LOAN004928,CUST007835,Gold Loan,2912448,9.86,12,255860.85,2023-10-02,2036-02-10,Active
LOAN004929,CUST015277,Car Loan,1849483,10.34,84,31029.49,2024-08-29,2034-01-04,Active
LOAN004930,CUST002300,Home Loan,722201,13.31,240,8621.12,2017-01-30,2020-03-01,Active
LOAN004931,CUST004468,Personal Loan,3721270,13.98,120,57734.09,2017-12-03,2042-04-07,Defaulted
LOAN004932,CUST008256,Gold Loan,2197110,13.89,60,50997.7,2020-10-31,2029-11-05,Defaulted
LOAN004933,CUST011844,Home Loan,3995222,12.0,180,47949.38,2020-03-27,2044-12-12,Active
LOAN004934,CUST004247,Personal Loan,1537559,9.94,12,135132.96,2021-12-16,2029-07-06,Active
LOAN004935,CUST014486,Home Loan,2506961,10.96,84,42872.57,2018-12-06,2037-04-10,Active
LOAN004936,CUST008355,Car Loan,1133008,13.67,12,101553.68,2021-06-01,2034-02-08,Closed
LOAN004937,CUST013204,Gold Loan,3601698,7.75,240,29568.09,2020-08-06,2045-06-29,Defaulted
LOAN004938,CUST010756,Home Loan,2813858,10.39,84,47282.35,2018-10-01,2039-10-23,Active
LOAN004939,CUST001684,Car Loan,213492,7.56,60,4284.03,2024-10-12,2045-01-25,Closed
LOAN004940,CUST015690,Education Loan,3640590,9.68,60,76779.8,2021-06-26,2035-12-12,Defaulted
LOAN004941,CUST019761,Gold Loan,4896713,12.56,24,231787.94,2019-03-13,2029-11-28,Active
LOAN004942,CUST017789,Gold Loan,3225490,13.09,180,41001.46,2022-04-10,2028-08-15,Defaulted
LOAN004943,CUST015611,Education Loan,1524155,7.7,36,47550.82,2020-02-29,2033-05-20,Active
LOAN004944,CUST012201,Gold Loan,3760602,14.09,84,70660.83,2021-11-11,2023-02-09,Closed
LOAN004945,CUST000579,Car Loan,2750340,8.21,84,43155.71,2020-10-02,2045-05-09,Defaulted
LOAN004946,CUST009657,Car Loan,2070619,10.29,12,182319.7,2018-03-24,2032-09-10,Closed
LOAN004947,CUST000335,Education Loan,362853,10.3,60,7763.22,2021-08-17,2046-03-06,Defaulted
LOAN004948,CUST014711,Car Loan,2497445,13.61,12,223780.36,2020-02-29,2041-12-23,Active
LOAN004949,CUST017520,Personal Loan,4421326,12.37,240,49827.86,2020-12-24,2026-01-13,Defaulted
LOAN004950,CUST009749,Personal Loan,4973596,8.94,180,50268.16,2024-12-05,2043-10-22,Active
LOAN004951,CUST004586,Car Loan,1079089,10.51,60,23199.18,2022-03-28,2039-10-08,Active
LOAN004952,CUST016704,Car Loan,2925857,12.46,36,97824.4,2018-06-11,2038-08-09,Defaulted
LOAN004953,CUST014658,Personal Loan,3795965,7.79,36,118584.35,2023-04-24,2031-03-20,Active
LOAN004954,CUST010657,Gold Loan,4579689,13.41,240,54997.7,2017-08-19,2032-04-26,Active
LOAN004955,CUST009110,Car Loan,1108879,12.05,24,52224.68,2024-01-01,2030-05-05,Closed
LOAN004956,CUST000677,Gold Loan,3399674,13.04,180,43103.63,2019-04-23,2042-05-04,Closed
LOAN004957,CUST014382,Car Loan,407354,13.49,120,6200.53,2017-12-04,2020-08-19,Active
LOAN004958,CUST012420,Car Loan,2546763,9.11,60,53002.68,2023-07-22,2041-04-24,Defaulted
LOAN004959,CUST009863,Education Loan,1520384,12.76,24,72110.55,2024-02-27,2034-09-14,Closed
LOAN004960,CUST000783,Home Loan,2502047,8.27,12,217961.61,2024-10-05,2029-05-26,Active
LOAN004961,CUST013257,Home Loan,806275,9.07,240,7290.6,2023-05-14,2024-10-08,Active
LOAN004962,CUST006299,Education Loan,3401662,13.44,60,78166.61,2017-07-06,2033-05-23,Closed
LOAN004963,CUST006063,Car Loan,3475655,11.68,120,49224.72,2025-01-23,2042-07-18,Active
LOAN004964,CUST001797,Car Loan,927035,9.39,180,9618.89,2025-06-05,2028-02-16,Active
LOAN004965,CUST013557,Education Loan,2622227,7.63,36,81724.22,2016-11-30,2020-12-03,Active
LOAN004966,CUST005220,Gold Loan,1838043,7.75,120,22058.47,2019-08-31,2027-12-23,Active
LOAN004967,CUST009681,Home Loan,3072523,10.21,180,33413.34,2019-11-05,2020-11-24,Closed
LOAN004968,CUST011737,Education Loan,2838245,11.23,36,93229.95,2022-08-10,2025-02-17,Closed
LOAN004969,CUST015698,Home Loan,4201702,8.23,36,132112.34,2021-09-11,2029-02-09,Defaulted
LOAN004970,CUST013682,Education Loan,2007660,13.89,120,31039.57,2016-10-26,2030-12-14,Closed
LOAN004971,CUST015551,Home Loan,3812002,9.81,24,175570.45,2023-04-13,2029-12-05,Closed
LOAN004972,CUST017793,Personal Loan,2918486,8.44,180,28636.93,2022-11-14,2045-10-28,Active
LOAN004973,CUST003167,Gold Loan,2862468,13.9,12,256878.09,2019-08-13,2020-05-02,Active
LOAN004974,CUST004062,Education Loan,3777018,9.86,12,331814.01,2019-11-17,2041-05-06,Defaulted
LOAN004975,CUST009419,Education Loan,4089323,12.18,240,45541.19,2020-03-03,2043-05-29,Closed
LOAN004976,CUST010005,Gold Loan,2097323,7.86,60,42385.76,2019-12-22,2023-12-25,Active
LOAN004977,CUST007031,Education Loan,871028,14.01,240,10837.74,2020-07-08,2046-02-21,Active
LOAN004978,CUST010185,Car Loan,4756276,10.72,240,48190.65,2018-05-16,2027-09-25,Closed
LOAN004979,CUST002837,Home Loan,2284628,14.12,24,109821.14,2023-04-22,2036-12-28,Active
LOAN004980,CUST019706,Personal Loan,4305295,10.91,36,140766.41,2018-02-21,2037-10-13,Defaulted
LOAN004981,CUST007307,Education Loan,3934818,12.42,12,350377.4,2024-05-25,2044-08-29,Closed
LOAN004982,CUST001956,Gold Loan,1960305,8.2,240,16641.62,2021-06-06,2021-11-15,Closed
LOAN004983,CUST013697,Home Loan,4620620,9.92,24,213047.6,2017-07-19,2036-04-17,Active
LOAN004984,CUST016521,Education Loan,1566745,7.95,36,49059.96,2019-09-11,2036-09-16,Active
LOAN004985,CUST014373,Home Loan,1393896,10.31,60,29829.23,2023-11-15,2034-05-29,Closed
LOAN004986,CUST013730,Home Loan,2394612,12.34,24,113103.29,2023-07-01,2037-01-14,Active
LOAN004987,CUST013174,Car Loan,4923361,9.97,36,158793.68,2022-12-16,2042-04-06,Active
LOAN004988,CUST019099,Education Loan,4235276,11.72,12,375744.6,2020-11-05,2027-09-30,Closed
LOAN004989,CUST009813,Education Loan,4065758,9.14,84,65703.54,2021-12-11,2045-04-05,Closed
LOAN004990,CUST000534,Home Loan,1373736,13.88,240,16963.1,2018-01-06,2024-01-26,Closed
LOAN004991,CUST013648,Education Loan,246281,10.66,120,3345.3,2018-09-29,2042-04-22,Closed
LOAN004992,CUST000470,Gold Loan,4742329,10.29,84,79440.7,2021-01-26,2025-06-19,Defaulted
LOAN004993,CUST018937,Gold Loan,3564073,11.45,36,117444.16,2018-12-26,2036-05-08,Active
LOAN004994,CUST009490,Gold Loan,882281,10.0,36,28468.73,2019-12-23,2026-10-15,Active
LOAN004995,CUST005917,Gold Loan,4471987,13.38,84,82280.94,2024-11-04,2026-09-19,Closed
LOAN004996,CUST003762,Personal Loan,797267,13.61,12,71438.09,2018-03-17,2029-11-23,Defaulted
LOAN004997,CUST005479,Home Loan,2959846,7.82,60,59760.35,2024-01-26,2034-11-10,Defaulted
LOAN004998,CUST005806,Personal Loan,1750698,11.39,60,38405.81,2020-11-24,2035-11-30,Defaulted
LOAN004999,CUST010085,Education Loan,2868297,14.23,84,54117.01,2017-11-26,2021-04-04,Closed
LOAN005000,CUST013495,Education Loan,2614138,11.49,240,27859.93,2025-06-06,2042-01-05,Closed
LOAN005001,CUST005515,Education Loan,2570668,11.27,24,120135.78,2022-10-28,2030-07-18,Defaulted
LOAN005002,CUST001267,Personal Loan,4060782,11.79,24,190757.12,2024-04-21,2034-06-05,Defaulted
LOAN005003,CUST005865,Car Loan,2737936,9.37,60,57327.97,2018-01-14,2032-02-27,Active
LOAN005004,CUST015866,Gold Loan,2772711,8.97,180,28073.22,2022-04-21,2032-01-22,Closed
LOAN005005,CUST012893,Home Loan,156317,8.79,120,1962.44,2017-04-21,2020-06-10,Active
LOAN005006,CUST005743,Gold Loan,1084429,10.13,36,35057.7,2018-03-20,2031-02-25,Closed
LOAN005007,CUST013654,Car Loan,1744438,14.29,180,23572.27,2021-07-04,2042-01-01,Active
LOAN005008,CUST003781,Education Loan,2095522,11.41,24,98067.12,2020-05-31,2038-08-24,Closed
LOAN005009,CUST012575,Personal Loan,139494,8.74,84,2225.97,2024-06-13,2043-06-29,Active
LOAN005010,CUST015734,Car Loan,3416528,7.7,180,32061.18,2025-02-03,2032-12-10,Defaulted
LOAN005011,CUST008986,Home Loan,338402,10.87,60,7335.76,2023-02-28,2036-09-13,Closed
LOAN005012,CUST014536,Car Loan,3073312,13.46,120,46725.45,2018-11-30,2022-03-15,Active
LOAN005013,CUST014108,Personal Loan,2362712,13.42,120,35865.54,2021-07-03,2029-03-26,Defaulted
LOAN005014,CUST010207,Personal Loan,561680,9.71,12,49304.87,2017-03-25,2031-07-09,Closed
LOAN005015,CUST019973,Gold Loan,2165946,8.67,84,34486.42,2022-03-14,2041-09-27,Closed
LOAN005016,CUST011812,Gold Loan,186555,9.88,24,8598.24,2024-07-25,2026-01-09,Closed
LOAN005017,CUST001567,Home Loan,2107655,10.47,180,23258.81,2024-05-31,2033-07-13,Closed
LOAN005018,CUST011277,Gold Loan,2523067,13.29,84,46298.27,2017-01-19,2029-10-05,Defaulted
LOAN005019,CUST007753,Home Loan,4241143,9.69,24,195100.96,2016-09-01,2029-11-10,Closed
LOAN005020,CUST005858,Education Loan,3401324,7.54,60,68220.23,2025-05-11,2041-06-08,Active
LOAN005021,CUST004515,Car Loan,1313157,8.78,12,114703.59,2019-02-08,2042-04-15,Active
LOAN005022,CUST007656,Car Loan,1716357,13.64,36,58361.36,2018-05-10,2040-11-08,Defaulted
LOAN005023,CUST012026,Personal Loan,3736302,11.45,24,174922.59,2022-09-29,2023-10-24,Closed
LOAN005024,CUST005909,Personal Loan,3043133,10.83,180,34264.0,2023-01-13,2030-08-19,Active
LOAN005025,CUST019145,Home Loan,3653886,13.48,36,123960.33,2019-12-27,2045-12-22,Defaulted
LOAN005026,CUST001545,Personal Loan,3051132,13.82,12,273694.0,2022-08-10,2036-10-13,Closed
LOAN005027,CUST011417,Education Loan,2488274,7.69,24,112186.41,2021-08-19,2024-02-09,Defaulted
LOAN005028,CUST008846,Car Loan,2792046,9.7,240,26391.26,2018-10-22,2028-05-18,Closed
LOAN005029,CUST002605,Home Loan,1210782,9.26,60,25286.9,2019-10-31,2035-07-11,Active
LOAN005030,CUST009151,Personal Loan,981158,11.16,240,10234.45,2020-02-16,2036-06-22,Defaulted
LOAN005031,CUST015641,Personal Loan,240172,8.07,60,4877.87,2022-02-02,2031-07-09,Closed
LOAN005032,CUST014657,Car Loan,3847385,13.57,24,183943.46,2024-12-01,2031-02-03,Closed
LOAN005033,CUST005765,Home Loan,3660379,12.93,84,66450.26,2023-08-08,2036-12-14,Active
LOAN005034,CUST001282,Gold Loan,1269564,8.0,180,12132.61,2016-08-20,2018-05-27,Closed
LOAN005035,CUST016005,Home Loan,4366951,11.28,12,386528.96,2021-04-06,2036-11-02,Closed
LOAN005036,CUST007776,Gold Loan,1167441,10.85,240,11931.24,2019-06-20,2024-12-11,Active
LOAN005037,CUST008890,Car Loan,1034605,12.14,36,34432.91,2023-05-23,2035-10-27,Active
LOAN005038,CUST002472,Personal Loan,1641988,14.17,240,20621.51,2022-10-06,2042-04-18,Closed
LOAN005039,CUST019305,Home Loan,1549702,8.73,84,24721.45,2020-05-23,2028-03-13,Active
LOAN005040,CUST013815,Home Loan,1492279,12.21,36,49714.83,2018-11-24,2041-10-06,Active
LOAN005041,CUST018814,Car Loan,4282302,10.16,120,56971.03,2022-09-18,2041-08-10,Active
LOAN005042,CUST013228,Car Loan,442536,7.69,12,38432.11,2023-04-26,2045-09-02,Closed
LOAN005043,CUST017291,Education Loan,3760420,13.75,120,57822.78,2024-09-18,2040-10-18,Defaulted
LOAN005044,CUST017043,Gold Loan,1789480,7.89,84,27793.25,2022-04-18,2036-02-22,Active
LOAN005045,CUST006182,Education Loan,496946,9.59,180,5216.25,2023-02-12,2028-09-20,Defaulted
LOAN005046,CUST019726,Gold Loan,1603504,10.83,60,34728.27,2021-05-11,2025-03-19,Closed
LOAN005047,CUST011776,Education Loan,4992467,9.31,120,64083.09,2025-01-06,2042-10-20,Defaulted
LOAN005048,CUST006330,Personal Loan,4064289,12.51,240,46204.69,2024-10-28,2038-12-22,Closed
LOAN005049,CUST004127,Gold Loan,1425674,13.63,84,26426.6,2019-10-13,2022-12-19,Defaulted
LOAN005050,CUST014852,Education Loan,244559,7.94,36,7656.82,2023-06-19,2031-05-30,Closed
LOAN005051,CUST017191,Education Loan,320235,11.18,60,6991.47,2023-06-04,2045-03-21,Closed
LOAN005052,CUST003600,Gold Loan,2909095,13.16,180,37113.89,2018-07-08,2024-08-27,Closed
LOAN005053,CUST005513,Education Loan,4916329,9.4,36,157254.8,2020-04-14,2028-09-30,Active
LOAN005054,CUST014165,Car Loan,4698315,11.03,24,219043.75,2024-08-27,2026-02-23,Closed
LOAN005055,CUST009692,Gold Loan,1863325,7.72,12,161846.58,2020-01-12,2039-04-07,Defaulted
LOAN005056,CUST004295,Car Loan,2269171,10.28,240,22320.6,2022-04-28,2026-01-01,Closed
LOAN005057,CUST014222,Education Loan,463584,10.48,36,15063.24,2024-05-12,2024-09-15,Active
LOAN005058,CUST005944,Gold Loan,2594928,11.62,180,30511.94,2019-02-10,2041-01-22,Defaulted
LOAN005059,CUST011122,Car Loan,196262,7.67,36,6120.3,2022-12-15,2023-03-17,Closed
LOAN005060,CUST004094,Gold Loan,4472182,10.1,36,144514.79,2017-01-03,2024-06-02,Defaulted
LOAN005061,CUST018903,Car Loan,2963727,13.14,120,44496.69,2025-03-19,2044-10-21,Active
LOAN005062,CUST016417,Gold Loan,3018158,10.07,240,29265.99,2018-07-16,2036-02-12,Active
LOAN005063,CUST009623,Car Loan,707927,8.18,120,8656.59,2020-04-05,2024-05-04,Closed
LOAN005064,CUST019238,Car Loan,1474893,9.12,180,15064.82,2020-07-15,2043-03-08,Closed
LOAN005065,CUST003403,Home Loan,3116030,13.09,120,46691.23,2017-06-29,2028-08-12,Active
LOAN005066,CUST019248,Home Loan,2317273,14.48,84,44042.49,2021-12-05,2035-10-01,Closed
LOAN005067,CUST007795,Personal Loan,2763786,11.66,84,48287.28,2017-11-30,2039-03-04,Active
LOAN005068,CUST018835,Car Loan,4005692,8.6,12,349561.09,2020-03-19,2032-06-25,Defaulted
LOAN005069,CUST013022,Gold Loan,2679928,12.07,84,47408.43,2017-05-02,2027-12-27,Active
LOAN005070,CUST007915,Personal Loan,4477734,9.89,240,42885.27,2019-06-24,2031-03-16,Defaulted
LOAN005071,CUST010229,Gold Loan,3760394,11.54,12,333297.78,2023-12-13,2040-10-17,Active
LOAN005072,CUST008394,Car Loan,172995,12.3,12,15394.69,2024-04-24,2045-04-03,Active
LOAN005073,CUST006400,Education Loan,4045543,11.98,60,89949.99,2021-07-27,2037-06-23,Active
LOAN005074,CUST016857,Education Loan,1505832,10.92,120,20674.71,2020-03-27,2023-08-15,Defaulted
LOAN005075,CUST017611,Car Loan,2897047,11.79,84,50816.02,2019-12-31,2030-02-20,Active
LOAN005076,CUST013127,Home Loan,2141930,12.53,120,31390.29,2024-07-31,2045-07-01,Closed
LOAN005077,CUST005755,Gold Loan,2763278,10.56,120,37379.19,2018-07-13,2034-05-25,Active
LOAN005078,CUST015861,Education Loan,3563498,13.68,84,66151.65,2023-08-29,2027-05-05,Active
LOAN005079,CUST003987,Personal Loan,4455825,8.82,180,44718.07,2021-12-06,2042-05-24,Active
LOAN005080,CUST007640,Education Loan,2955098,8.58,240,25794.85,2018-03-18,2034-07-28,Closed
LOAN005081,CUST017735,Gold Loan,1745243,12.22,120,25261.63,2022-07-09,2030-07-20,Defaulted
LOAN005082,CUST011894,Education Loan,3868825,9.76,240,36721.91,2021-05-03,2023-03-23,Defaulted
LOAN005083,CUST003825,Car Loan,1671936,9.85,120,21956.12,2025-01-25,2035-02-05,Defaulted
LOAN005084,CUST018902,Car Loan,3309791,12.82,24,157073.81,2022-07-31,2039-07-10,Active
LOAN005085,CUST007871,Gold Loan,3460271,11.8,84,60713.76,2016-11-13,2033-11-15,Defaulted
LOAN005086,CUST018269,Home Loan,597917,11.21,24,27925.95,2022-04-18,2032-03-17,Active
LOAN005087,CUST019108,Gold Loan,1296401,7.89,84,20135.01,2024-10-29,2038-07-12,Defaulted
LOAN005088,CUST018984,Car Loan,3725236,13.84,60,86371.03,2020-06-16,2028-07-27,Active
LOAN005089,CUST000158,Personal Loan,509118,11.12,12,45025.2,2020-12-31,2034-09-26,Defaulted
LOAN005090,CUST011843,Home Loan,2776772,11.02,120,38281.48,2019-02-04,2021-02-07,Defaulted
LOAN005091,CUST000189,Gold Loan,1773724,12.17,180,21482.05,2021-03-26,2033-03-20,Active
LOAN005092,CUST003578,Education Loan,2433548,7.62,180,22725.56,2019-10-22,2037-02-13,Closed
LOAN005093,CUST002494,Education Loan,4552750,10.23,240,44631.04,2018-10-30,2046-05-17,Closed
LOAN005094,CUST011377,Personal Loan,1638012,13.17,12,146433.45,2019-03-25,2032-05-15,Defaulted
LOAN005095,CUST014982,Education Loan,4315010,10.68,120,58660.35,2023-08-21,2043-08-04,Active
LOAN005096,CUST006109,Gold Loan,2480552,7.64,12,215366.65,2017-09-19,2036-05-10,Defaulted
LOAN005097,CUST010865,Personal Loan,1275609,8.35,84,20105.08,2022-10-20,2041-12-30,Active
LOAN005098,CUST008009,Home Loan,993960,12.85,36,33418.67,2021-05-16,2037-03-14,Closed
LOAN005099,CUST017708,Car Loan,2868965,8.77,240,25389.97,2021-07-14,2025-01-08,Active
LOAN005100,CUST019826,Gold Loan,2541532,8.81,60,52523.97,2018-11-10,2041-01-24,Active
LOAN005101,CUST009150,Home Loan,1797044,13.45,84,33133.0,2019-10-31,2038-07-03,Closed
LOAN005102,CUST015242,Education Loan,1971410,13.46,24,94150.94,2021-04-23,2040-12-22,Defaulted
LOAN005103,CUST013672,Gold Loan,3562469,9.63,120,46351.42,2017-10-09,2030-06-06,Defaulted
LOAN005104,CUST018705,Personal Loan,690712,12.64,12,61575.91,2024-02-28,2044-11-27,Closed
LOAN005105,CUST018725,Car Loan,2138069,12.3,84,38086.64,2022-03-11,2040-09-22,Active
LOAN005106,CUST003014,Education Loan,816261,8.73,24,37189.64,2025-05-11,2040-12-02,Closed
LOAN005107,CUST010388,Car Loan,2876126,14.37,180,39020.16,2019-11-24,2038-09-05,Active
LOAN005108,CUST011107,Car Loan,3779298,13.38,240,45304.36,2018-11-06,2032-06-26,Active
LOAN005109,CUST008444,Education Loan,675321,8.8,24,30789.93,2018-06-20,2020-09-04,Defaulted
LOAN005110,CUST019323,Personal Loan,3307819,8.57,24,150465.09,2018-11-30,2032-11-11,Defaulted
LOAN005111,CUST007886,Personal Loan,1360235,9.05,12,118986.1,2021-10-23,2030-05-08,Active
LOAN005112,CUST012977,Car Loan,1080595,9.99,180,11605.52,2018-06-12,2045-07-21,Closed
LOAN005113,CUST016729,Home Loan,4474218,8.51,84,70878.39,2021-05-16,2027-04-04,Closed
LOAN005114,CUST006106,Gold Loan,2000229,12.33,60,44828.27,2024-01-13,2034-04-12,Defaulted
LOAN005115,CUST015613,Personal Loan,360817,13.18,60,8242.98,2017-01-29,2040-01-24,Active
LOAN005116,CUST015627,Car Loan,811680,13.69,240,9911.18,2016-10-20,2036-08-31,Defaulted
LOAN005117,CUST003640,Home Loan,4649609,9.98,120,61393.44,2017-05-11,2044-12-04,Closed
LOAN005118,CUST000429,Personal Loan,2398045,13.88,240,29611.42,2020-09-27,2022-03-01,Active
LOAN005119,CUST013711,Home Loan,1386145,12.42,120,20225.15,2024-03-18,2030-05-22,Active
LOAN005120,CUST019464,Home Loan,2880527,7.57,60,57815.72,2022-11-24,2023-08-10,Closed
LOAN005121,CUST015472,Personal Loan,1123606,12.77,240,12980.23,2023-06-29,2024-02-27,Defaulted
LOAN005122,CUST014394,Home Loan,2221074,9.3,12,194545.33,2020-10-01,2030-05-19,Defaulted
LOAN005123,CUST014945,Car Loan,1971452,11.58,36,65085.65,2023-08-10,2037-02-07,Active
LOAN005124,CUST009990,Education Loan,4707082,8.41,24,213769.85,2017-01-27,2024-12-10,Active
LOAN005125,CUST011989,Education Loan,2424053,11.79,12,215136.11,2022-10-29,2027-10-24,Defaulted
LOAN005126,CUST009675,Home Loan,405309,10.8,36,13230.94,2021-08-20,2037-01-16,Closed
LOAN005127,CUST002360,Home Loan,711578,9.8,12,62492.84,2023-01-18,2028-02-01,Active
LOAN005128,CUST000674,Home Loan,3817691,9.77,24,175762.07,2024-07-28,2033-04-15,Closed
LOAN005129,CUST013770,Education Loan,3523157,11.52,24,165058.6,2022-06-29,2035-06-23,Active
LOAN005130,CUST009943,Education Loan,1513356,10.15,36,48938.39,2020-04-29,2035-03-16,Defaulted
LOAN005131,CUST013820,Gold Loan,1913058,12.71,12,170608.95,2021-10-31,2034-11-06,Active
LOAN005132,CUST009914,Personal Loan,1847223,11.8,84,32411.29,2020-07-27,2042-01-04,Closed
LOAN005133,CUST006513,Home Loan,4943428,12.89,36,166301.83,2017-10-21,2021-01-11,Active
LOAN005134,CUST002821,Education Loan,1207723,7.86,24,54544.96,2025-06-12,2043-04-19,Active
LOAN005135,CUST019966,Personal Loan,4357825,12.2,120,63027.0,2017-10-15,2025-11-11,Defaulted
LOAN005136,CUST014048,Personal Loan,4497116,12.94,24,213674.37,2017-03-02,2029-04-08,Closed
LOAN005137,CUST002792,Gold Loan,4254667,11.24,60,93016.83,2023-01-04,2044-12-11,Active
LOAN005138,CUST016353,Home Loan,1415262,14.03,36,48390.92,2025-03-16,2042-04-02,Closed
LOAN005139,CUST009920,Gold Loan,1746703,13.25,36,59063.88,2019-01-06,2022-03-23,Active
LOAN005140,CUST019950,Gold Loan,4627019,10.08,12,406960.66,2022-04-04,2045-08-25,Active
LOAN005141,CUST015549,Education Loan,3640384,10.91,60,78987.47,2021-02-22,2023-12-14,Active
LOAN005142,CUST001327,Personal Loan,1865823,13.96,24,89548.29,2020-10-09,2036-08-04,Active
LOAN005143,CUST013843,Education Loan,3588605,10.79,84,61050.14,2017-01-25,2042-02-04,Closed
LOAN005144,CUST010528,Education Loan,1003553,8.33,12,87450.7,2019-09-10,2019-12-22,Closed
LOAN005145,CUST008586,Car Loan,3369209,11.52,60,74131.52,2023-05-12,2045-09-02,Active
LOAN005146,CUST000916,Education Loan,249137,14.1,60,5809.91,2017-07-15,2044-12-20,Closed
LOAN005147,CUST017982,Gold Loan,4747148,9.89,240,45465.57,2021-08-29,2032-08-19,Active
LOAN005148,CUST008779,Home Loan,4782493,10.55,60,102912.93,2020-12-09,2036-09-08,Closed
LOAN005149,CUST001651,Personal Loan,4127848,9.3,60,86289.6,2020-01-22,2031-07-17,Defaulted
LOAN005150,CUST011623,Car Loan,4596700,14.14,240,57628.91,2021-01-18,2028-04-21,Defaulted
LOAN005151,CUST013101,Education Loan,1592496,8.54,24,72417.12,2018-03-08,2029-12-18,Active
LOAN005152,CUST007604,Education Loan,2948489,7.79,180,27821.01,2021-12-16,2031-03-23,Closed
LOAN005153,CUST005223,Education Loan,4828519,10.61,240,48564.27,2022-03-08,2033-05-16,Active
LOAN005154,CUST015645,Education Loan,2528669,9.53,24,116137.47,2025-02-19,2029-04-21,Closed
LOAN005155,CUST000436,Personal Loan,2038928,9.43,180,21204.95,2020-05-07,2044-01-21,Closed
LOAN005156,CUST006690,Gold Loan,3321763,12.12,180,40123.55,2024-12-21,2028-10-06,Active
LOAN005157,CUST017499,Car Loan,3422365,8.27,180,33241.58,2024-09-02,2039-06-15,Closed
LOAN005158,CUST014096,Car Loan,1919570,10.75,120,26171.16,2021-01-16,2035-11-04,Closed
LOAN005159,CUST013499,Education Loan,1220276,9.39,24,55966.6,2022-10-21,2032-10-23,Closed
LOAN005160,CUST018174,Gold Loan,2809251,8.81,240,24933.3,2019-06-14,2046-01-19,Active
LOAN005161,CUST002563,Education Loan,1113503,11.25,180,12831.39,2021-10-17,2030-10-20,Defaulted
LOAN005162,CUST018750,Personal Loan,4569203,7.7,24,206028.06,2024-11-20,2039-01-31,Defaulted
LOAN005163,CUST019036,Home Loan,1270059,11.72,180,15014.81,2019-11-03,2040-05-31,Active
LOAN005164,CUST003199,Education Loan,1346352,8.36,12,117341.27,2023-09-08,2043-02-25,Active
LOAN005165,CUST015017,Gold Loan,3223491,13.35,12,288443.02,2023-05-16,2026-04-08,Defaulted
LOAN005166,CUST017077,Education Loan,2764478,14.02,36,94510.16,2019-02-06,2040-01-23,Closed
LOAN005167,CUST018981,Personal Loan,3805626,9.49,240,35448.58,2018-05-12,2032-07-12,Active
LOAN005168,CUST015890,Education Loan,3187237,9.24,84,51668.76,2023-08-22,2033-11-21,Active
LOAN005169,CUST019989,Car Loan,1054678,11.99,84,18612.31,2019-09-01,2043-12-13,Defaulted
LOAN005170,CUST005663,Home Loan,1024741,9.12,180,10466.88,2018-07-23,2020-04-17,Defaulted
LOAN005171,CUST007628,Personal Loan,4136785,8.29,12,360407.35,2024-01-20,2036-08-16,Defaulted
LOAN005172,CUST000532,Car Loan,3686386,14.3,60,86350.18,2020-01-06,2045-06-21,Closed
LOAN005173,CUST019823,Home Loan,4157356,10.57,24,192936.46,2018-02-04,2022-04-01,Closed
LOAN005174,CUST017820,Personal Loan,3859630,9.55,36,123725.56,2021-03-13,2043-06-24,Closed
LOAN005175,CUST006600,Gold Loan,2057188,10.43,180,22650.94,2019-02-01,2042-11-11,Defaulted
LOAN005176,CUST011132,Education Loan,1005517,11.85,84,17669.56,2023-09-26,2035-06-12,Active
LOAN005177,CUST006316,Personal Loan,687985,9.91,84,11389.4,2023-07-12,2040-10-25,Closed
LOAN005178,CUST012515,Personal Loan,4975290,7.98,240,41553.41,2017-02-03,2025-02-06,Closed
LOAN005179,CUST016836,Gold Loan,3014540,13.76,84,56093.6,2024-01-28,2024-09-28,Active
LOAN005180,CUST013963,Car Loan,4968866,11.79,60,110003.11,2016-10-08,2020-05-04,Closed
LOAN005181,CUST015006,Home Loan,1507460,9.98,240,14527.35,2018-07-28,2045-03-25,Defaulted
LOAN005182,CUST015537,Personal Loan,3850294,10.49,12,339380.1,2020-03-15,2034-03-12,Active
LOAN005183,CUST011007,Education Loan,2582694,10.38,12,227516.54,2017-11-20,2042-02-17,Closed
LOAN005184,CUST005029,Personal Loan,1008714,12.69,180,12557.61,2021-01-11,2041-11-05,Closed
LOAN005185,CUST000281,Home Loan,1118143,9.43,84,18234.85,2021-10-19,2031-05-31,Closed
LOAN005186,CUST011818,Home Loan,319772,10.5,180,3534.76,2023-11-01,2036-12-30,Defaulted
LOAN005187,CUST005929,Education Loan,3407360,9.49,60,71544.25,2017-07-09,2045-02-07,Closed
LOAN005188,CUST007837,Education Loan,2490268,12.02,36,82736.32,2023-12-27,2032-06-22,Active
LOAN005189,CUST018324,Home Loan,3937547,12.23,84,69993.71,2021-09-07,2037-06-01,Defaulted
LOAN005190,CUST018079,Education Loan,2852609,12.63,84,51322.47,2024-11-21,2028-11-06,Closed
LOAN005191,CUST001644,Car Loan,306406,13.7,36,10427.64,2024-01-12,2025-04-26,Active
LOAN005192,CUST001890,Gold Loan,1374460,10.37,12,121073.52,2021-09-30,2041-09-05,Defaulted
LOAN005193,CUST012682,Home Loan,755260,7.55,84,11603.03,2023-01-26,2025-09-23,Defaulted
LOAN005194,CUST012135,Car Loan,236219,13.46,240,2845.25,2020-03-14,2035-06-30,Defaulted
LOAN005195,CUST012590,Home Loan,2358736,11.01,36,77233.16,2022-07-27,2037-01-14,Defaulted
LOAN005196,CUST003595,Gold Loan,2803113,10.37,240,27741.36,2016-12-30,2020-02-02,Closed
LOAN005197,CUST002997,Gold Loan,3816304,8.46,24,173402.85,2017-03-19,2042-09-06,Active
LOAN005198,CUST004502,Education Loan,774218,12.37,84,13820.73,2023-04-28,2035-08-01,Closed
LOAN005199,CUST010994,Personal Loan,1890318,11.91,36,62704.38,2018-12-27,2038-05-10,Active
LOAN005200,CUST018584,Home Loan,4342328,10.61,12,382992.66,2023-03-13,2036-07-07,Active
LOAN005201,CUST003194,Car Loan,799340,9.07,240,7227.89,2022-12-22,2023-09-18,Active
LOAN005202,CUST005993,Car Loan,4702117,11.53,84,81828.0,2024-05-21,2033-07-18,Defaulted
LOAN005203,CUST018957,Gold Loan,1270699,7.82,60,25655.87,2022-08-12,2033-09-04,Defaulted
LOAN005204,CUST012737,Car Loan,1889621,14.5,24,91173.13,2016-10-10,2046-04-24,Active
LOAN005205,CUST018283,Home Loan,2209825,8.62,84,35129.36,2025-04-01,2032-12-01,Closed
LOAN005206,CUST010127,Car Loan,1437328,13.35,60,32961.73,2019-08-14,2035-12-17,Defaulted
LOAN005207,CUST016939,Personal Loan,3076100,13.47,84,56749.29,2022-09-24,2043-05-14,Closed
LOAN005208,CUST000576,Gold Loan,3663771,7.7,84,56558.26,2018-04-03,2027-09-22,Active
LOAN005209,CUST008232,Personal Loan,4976596,14.4,180,67618.13,2016-08-17,2032-05-05,Active
LOAN005210,CUST001353,Personal Loan,1080890,8.5,12,94274.99,2021-12-04,2030-08-29,Closed
LOAN005211,CUST003903,Gold Loan,4482378,8.86,12,391699.63,2025-07-23,2041-03-03,Active
LOAN005212,CUST016964,Home Loan,3664273,10.07,24,169206.02,2020-11-28,2035-03-09,Defaulted
LOAN005213,CUST012161,Car Loan,3026973,8.61,120,37708.45,2016-10-16,2044-02-17,Closed
LOAN005214,CUST004155,Home Loan,2812910,9.39,84,45815.85,2025-03-15,2026-08-15,Defaulted
LOAN005215,CUST007647,Education Loan,3841914,9.84,180,40910.16,2021-02-16,2043-02-23,Defaulted
LOAN005216,CUST011682,Gold Loan,144903,11.06,180,1652.43,2016-12-09,2039-07-01,Active
LOAN005217,CUST000506,Education Loan,282019,8.48,60,5783.33,2020-05-29,2039-05-26,Defaulted
LOAN005218,CUST002858,Education Loan,4746100,11.19,84,81739.71,2021-12-23,2026-11-24,Defaulted
LOAN005219,CUST007853,Education Loan,1152214,13.28,24,54930.01,2018-08-22,2040-09-06,Active
LOAN005220,CUST001433,Education Loan,112117,11.56,180,1314.02,2018-07-24,2024-05-08,Active
LOAN005221,CUST004555,Education Loan,1856282,11.22,84,31999.2,2021-04-08,2042-03-31,Closed
LOAN005222,CUST012963,Personal Loan,3812170,8.07,36,119582.69,2019-07-24,2046-04-13,Defaulted
LOAN005223,CUST009815,Personal Loan,1399310,10.86,60,30326.78,2017-05-05,2045-10-15,Active
LOAN005224,CUST009596,Home Loan,570807,10.86,36,18649.67,2019-05-25,2034-09-23,Closed
LOAN005225,CUST016346,Car Loan,1029409,12.04,12,91481.01,2023-11-03,2036-05-30,Defaulted
LOAN005226,CUST008424,Education Loan,768120,9.44,84,12530.55,2018-04-06,2019-03-28,Defaulted
LOAN005227,CUST003372,Education Loan,2175928,10.86,84,37097.21,2022-03-12,2026-06-26,Defaulted
LOAN005228,CUST004368,Education Loan,2644593,12.43,60,59403.77,2022-09-06,2023-09-11,Defaulted
LOAN005229,CUST007110,Home Loan,2205232,12.88,12,196841.18,2019-11-04,2020-09-06,Closed
LOAN005230,CUST014550,Car Loan,3761730,11.82,240,40948.8,2021-05-28,2035-08-28,Closed
LOAN005231,CUST019389,Car Loan,3589103,10.7,84,60889.51,2023-11-06,2038-08-21,Closed
LOAN005232,CUST000611,Car Loan,3597781,9.26,60,75138.82,2017-08-12,2044-06-30,Active
LOAN005233,CUST013539,Car Loan,2174491,12.95,36,73214.84,2019-01-10,2042-12-15,Defaulted
LOAN005234,CUST008408,Education Loan,2757093,10.08,12,242494.87,2023-03-29,2043-08-15,Active
LOAN005235,CUST019665,Home Loan,3471007,10.62,240,34934.07,2022-02-19,2038-07-12,Closed
LOAN005236,CUST018689,Personal Loan,3197439,13.34,60,73309.29,2021-12-22,2046-04-24,Defaulted
LOAN005237,CUST010012,Home Loan,2766591,14.02,36,94582.4,2025-06-25,2040-02-24,Active
LOAN005238,CUST009252,Education Loan,4171041,10.54,24,193513.61,2019-06-03,2033-01-25,Closed
LOAN005239,CUST014260,Home Loan,2424523,8.35,60,49567.71,2017-08-21,2044-03-13,Active
LOAN005240,CUST018648,Gold Loan,3770579,14.17,120,58930.46,2023-03-12,2031-11-14,Closed
LOAN005241,CUST017513,Home Loan,4673909,12.1,84,82757.43,2018-10-14,2027-01-15,Defaulted
LOAN005242,CUST010591,Education Loan,1897123,13.14,24,90317.49,2017-05-10,2030-09-26,Active
LOAN005243,CUST003449,Home Loan,2544968,9.88,120,33463.05,2021-02-09,2033-06-14,Closed
LOAN005244,CUST014018,Personal Loan,3749214,8.1,240,31593.66,2021-08-18,2032-05-27,Active
LOAN005245,CUST004801,Car Loan,1752513,8.51,12,152861.92,2021-08-21,2027-12-04,Closed
LOAN005246,CUST009937,Car Loan,2617806,10.87,84,44644.48,2023-09-21,2029-10-08,Active
LOAN005247,CUST013813,Home Loan,3759213,12.58,240,42922.13,2019-07-22,2034-08-29,Active
LOAN005248,CUST010295,Education Loan,4248494,13.94,12,381340.1,2018-09-25,2032-01-10,Defaulted
LOAN005249,CUST006166,Gold Loan,3238221,8.63,60,66640.14,2024-02-13,2034-04-15,Active
LOAN005250,CUST017378,Home Loan,828579,13.47,24,39575.32,2022-07-01,2040-03-09,Active
LOAN005251,CUST019603,Home Loan,1607772,9.28,240,14756.33,2021-02-04,2040-08-19,Active
LOAN005252,CUST012591,Gold Loan,1391105,13.68,180,18227.81,2021-08-31,2024-08-24,Defaulted
LOAN005253,CUST017069,Personal Loan,4423809,7.6,12,384002.51,2019-11-05,2034-02-16,Defaulted
LOAN005254,CUST003945,Education Loan,4147633,13.17,12,370786.17,2022-10-09,2036-06-04,Active
LOAN005255,CUST008469,Gold Loan,2198026,13.39,60,50451.76,2018-03-02,2033-08-04,Defaulted
LOAN005256,CUST004309,Car Loan,2720542,11.55,12,241144.52,2019-01-14,2023-02-16,Active
LOAN005257,CUST002920,Home Loan,4769783,12.83,24,226383.5,2022-04-20,2022-08-14,Defaulted
LOAN005258,CUST003502,Car Loan,3287957,14.4,36,113014.41,2019-11-04,2022-08-08,Defaulted
LOAN005259,CUST013873,Car Loan,3644280,9.35,120,46857.32,2017-09-26,2046-06-12,Defaulted
LOAN005260,CUST004661,Home Loan,3832822,8.94,180,38738.35,2025-05-29,2036-02-23,Defaulted
LOAN005261,CUST013421,Personal Loan,4555991,13.29,60,104340.4,2021-02-11,2043-03-06,Defaulted
LOAN005262,CUST017111,Car Loan,4428407,9.13,180,45258.96,2022-03-19,2043-02-07,Closed
LOAN005263,CUST017491,Education Loan,1439759,8.08,240,12114.5,2023-12-24,2038-04-12,Active
LOAN005264,CUST010802,Education Loan,3315243,12.18,84,58842.71,2025-05-29,2043-09-07,Defaulted
LOAN005265,CUST008531,Personal Loan,3550825,7.84,120,42781.69,2023-01-08,2031-08-22,Active
LOAN005266,CUST000449,Education Loan,2655398,11.66,36,87766.62,2017-03-13,2042-08-25,Closed
LOAN005267,CUST010318,Gold Loan,3989861,9.25,120,51083.28,2017-11-15,2026-08-20,Active
LOAN005268,CUST008624,Personal Loan,1395108,8.51,84,22100.62,2024-05-04,2031-09-18,Active
LOAN005269,CUST011256,Education Loan,3427947,11.3,24,160247.07,2024-07-10,2044-06-02,Active
LOAN005270,CUST014929,Gold Loan,4417394,12.42,60,99202.61,2024-02-26,2032-03-06,Defaulted
LOAN005271,CUST011097,Personal Loan,434860,13.99,60,10116.18,2017-11-28,2020-05-06,Closed
LOAN005272,CUST016665,Personal Loan,2647393,11.82,24,124399.56,2025-03-07,2034-07-30,Active
LOAN005273,CUST014079,Education Loan,3419864,9.81,240,32573.08,2020-06-09,2024-01-17,Defaulted
LOAN005274,CUST013276,Education Loan,3641313,14.37,24,175467.09,2018-12-12,2033-05-24,Defaulted
LOAN005275,CUST008215,Education Loan,4756685,11.26,24,222273.43,2022-03-15,2024-03-30,Defaulted
LOAN005276,CUST005548,Education Loan,3413541,8.33,180,33275.2,2024-12-11,2029-05-02,Closed
LOAN005277,CUST001128,Car Loan,1839326,12.05,240,20316.72,2025-03-27,2028-01-07,Closed
LOAN005278,CUST017114,Education Loan,2919662,11.1,84,50145.37,2020-12-17,2044-08-27,Defaulted
LOAN005279,CUST004408,Home Loan,1877241,8.31,12,163567.44,2023-01-29,2034-05-03,Active
LOAN005280,CUST001800,Personal Loan,3970625,9.11,60,82635.78,2016-09-22,2029-12-15,Active
LOAN005281,CUST006435,Personal Loan,662814,7.93,180,6307.44,2022-04-14,2029-02-02,Closed
LOAN005282,CUST018956,Car Loan,782349,12.46,36,26157.4,2024-04-10,2036-08-29,Closed
LOAN005283,CUST007525,Home Loan,4381435,9.81,120,57440.99,2023-11-14,2044-09-28,Closed
LOAN005284,CUST019390,Car Loan,2164319,8.89,240,19320.09,2019-08-16,2028-03-16,Defaulted
LOAN005285,CUST010661,Personal Loan,3502668,8.17,24,158687.9,2021-07-27,2022-01-17,Active
LOAN005286,CUST005016,Home Loan,3390680,11.89,240,37074.61,2018-05-16,2045-03-09,Defaulted
LOAN005287,CUST006025,Car Loan,4484783,11.87,180,53450.41,2024-12-04,2034-12-31,Active
LOAN005288,CUST012587,Gold Loan,4551516,11.4,36,149874.45,2016-10-11,2033-02-01,Active
LOAN005289,CUST003442,Education Loan,3781456,14.1,60,88184.03,2021-10-04,2042-10-06,Active
LOAN005290,CUST009086,Car Loan,4955777,14.29,120,77813.05,2017-01-16,2032-09-08,Defaulted
LOAN005291,CUST013953,Car Loan,695731,8.57,60,14297.47,2018-02-06,2036-07-03,Closed
LOAN005292,CUST013523,Home Loan,977898,12.16,36,32554.99,2024-06-05,2036-12-23,Closed
LOAN005293,CUST004385,Gold Loan,3542408,7.87,12,307935.62,2019-03-02,2026-01-31,Closed
LOAN005294,CUST004289,Gold Loan,755642,12.84,36,25402.37,2016-11-28,2037-11-07,Closed
LOAN005295,CUST013921,Personal Loan,4698414,8.89,180,47347.48,2021-07-08,2036-08-05,Active
LOAN005296,CUST011026,Car Loan,317378,9.66,36,10190.31,2017-10-03,2029-08-14,Active
LOAN005297,CUST014969,Personal Loan,3865709,10.36,180,42396.6,2021-09-22,2031-09-08,Closed
LOAN005298,CUST011742,Gold Loan,1805510,11.78,36,59779.23,2021-01-22,2045-05-06,Defaulted
LOAN005299,CUST012114,Home Loan,2400110,9.86,240,22939.4,2022-10-25,2027-10-25,Defaulted
LOAN005300,CUST003261,Gold Loan,2474502,8.78,12,216146.49,2021-12-05,2028-03-29,Defaulted
LOAN005301,CUST014975,Home Loan,4884600,9.75,240,46331.25,2023-04-09,2029-06-12,Active
LOAN005302,CUST014765,Personal Loan,4689087,8.77,60,96815.14,2017-10-20,2040-08-01,Closed
LOAN005303,CUST006481,Home Loan,3324558,9.3,180,34315.76,2023-11-14,2034-01-08,Closed
LOAN005304,CUST007576,Personal Loan,413798,10.72,12,36518.13,2017-07-22,2034-09-12,Defaulted
LOAN005305,CUST008689,Home Loan,2109913,12.16,240,23467.74,2022-07-23,2035-02-13,Closed
LOAN005306,CUST015662,Car Loan,3217199,13.98,36,109924.99,2019-05-13,2027-08-26,Closed
LOAN005307,CUST005071,Car Loan,4704406,9.0,36,149598.85,2024-05-14,2024-11-06,Active
LOAN005308,CUST010248,Personal Loan,4875736,10.98,84,83433.22,2022-10-29,2023-10-27,Defaulted
LOAN005309,CUST002948,Home Loan,4216998,10.98,12,372665.94,2023-03-29,2039-12-31,Active
LOAN005310,CUST002841,Education Loan,4455538,8.63,36,140918.91,2022-01-09,2024-07-29,Closed
LOAN005311,CUST008123,Gold Loan,1910170,13.37,240,22884.46,2025-01-09,2043-02-02,Defaulted
LOAN005312,CUST011498,Education Loan,1693070,9.85,240,16170.59,2025-06-18,2038-03-08,Defaulted
LOAN005313,CUST008411,Car Loan,4295527,8.1,120,52343.85,2022-05-21,2035-01-19,Closed
LOAN005314,CUST000178,Gold Loan,2433729,13.2,60,55624.3,2022-01-16,2035-06-07,Defaulted
LOAN005315,CUST007817,Car Loan,111776,8.82,84,1788.18,2018-12-02,2027-04-07,Defaulted
LOAN005316,CUST012377,Car Loan,2108390,9.75,84,34730.02,2022-05-09,2023-08-15,Closed
LOAN005317,CUST014194,Personal Loan,1892281,12.99,36,63749.31,2024-05-28,2042-11-22,Closed
LOAN005318,CUST011667,Home Loan,1085150,9.1,180,11070.96,2018-08-02,2023-01-23,Closed
LOAN005319,CUST008942,Home Loan,3566667,7.8,24,160985.54,2021-05-23,2023-03-30,Closed
LOAN005320,CUST004082,Personal Loan,4737633,12.18,120,68465.16,2025-07-08,2026-07-11,Closed
LOAN005321,CUST001512,Education Loan,2821685,8.05,240,23689.58,2021-09-23,2040-11-19,Defaulted
LOAN005322,CUST007415,Gold Loan,3915727,14.11,36,134039.56,2020-09-14,2025-08-03,Active
LOAN005323,CUST009346,Home Loan,1728413,9.46,60,36266.11,2022-07-26,2023-06-04,Defaulted
LOAN005324,CUST003943,Education Loan,1931270,12.38,36,64496.88,2022-05-21,2033-09-29,Defaulted
LOAN005325,CUST017632,Personal Loan,3463137,8.21,240,29421.31,2022-01-07,2041-07-02,Closed
LOAN005326,CUST014347,Home Loan,3163131,9.73,84,52071.49,2017-04-25,2034-08-05,Active
LOAN005327,CUST008486,Personal Loan,2432718,7.73,36,75929.89,2021-02-09,2027-10-09,Defaulted
LOAN005328,CUST019274,Personal Loan,4464307,11.17,12,394916.95,2021-07-08,2033-02-26,Closed
LOAN005329,CUST018345,Education Loan,202908,11.95,180,2428.71,2017-04-28,2029-10-30,Active
LOAN005330,CUST007556,Personal Loan,4958484,9.6,240,46543.85,2019-05-23,2039-07-10,Active
LOAN005331,CUST000474,Personal Loan,2723339,9.15,240,24765.92,2025-07-15,2025-11-19,Active
LOAN005332,CUST010090,Home Loan,1877890,12.67,240,21560.93,2019-08-02,2027-11-02,Defaulted
LOAN005333,CUST018849,Education Loan,1800631,11.96,180,21564.28,2018-02-24,2033-07-12,Defaulted
LOAN005334,CUST001847,Home Loan,2140347,7.97,84,33327.93,2021-01-17,2045-07-11,Active
LOAN005335,CUST013173,Education Loan,4935070,9.93,24,227569.03,2024-09-25,2032-03-13,Defaulted
LOAN005336,CUST014843,Gold Loan,3485916,8.29,24,158120.0,2017-07-19,2026-04-17,Closed
LOAN005337,CUST007657,Gold Loan,4649365,12.07,36,154580.94,2023-10-09,2042-10-28,Active
LOAN005338,CUST019192,Car Loan,4210292,10.67,84,71362.0,2017-02-19,2039-06-16,Active
LOAN005339,CUST016561,Car Loan,4934378,10.15,180,53478.8,2019-11-30,2026-05-08,Defaulted
LOAN005340,CUST006308,Gold Loan,4160295,10.83,24,193574.16,2021-08-21,2037-03-13,Defaulted
LOAN005341,CUST019445,Car Loan,2247149,10.74,180,25175.35,2018-08-24,2042-02-08,Closed
LOAN005342,CUST001328,Home Loan,2196186,10.69,120,29868.37,2022-03-25,2035-03-26,Closed
LOAN005343,CUST006791,Education Loan,2180714,11.12,84,37476.87,2023-04-21,2040-06-05,Defaulted
LOAN005344,CUST003419,Car Loan,1898545,12.27,12,168923.32,2020-12-14,2023-11-13,Defaulted
LOAN005345,CUST011258,Car Loan,4010091,9.5,12,351618.86,2022-03-06,2030-09-10,Closed
LOAN005346,CUST007039,Home Loan,1138332,10.41,180,12519.67,2018-03-25,2025-08-07,Closed
LOAN005347,CUST006324,Home Loan,3072294,10.59,84,51945.19,2017-04-26,2018-06-21,Closed
LOAN005348,CUST001682,Car Loan,2644987,8.68,60,54495.71,2022-05-28,2024-08-21,Defaulted
LOAN005349,CUST001453,Education Loan,4051008,8.33,240,34720.94,2018-06-22,2044-06-24,Active
LOAN005350,CUST000776,Gold Loan,1889782,7.78,240,15549.13,2023-04-14,2039-09-14,Closed
LOAN005351,CUST002110,Home Loan,1668853,8.09,180,16035.26,2018-05-10,2026-03-30,Closed
LOAN005352,CUST011416,Gold Loan,2022873,8.98,180,20493.26,2016-08-17,2038-07-09,Defaulted
LOAN005353,CUST015297,Home Loan,4851455,7.76,120,58248.1,2018-05-22,2042-04-17,Defaulted
LOAN005354,CUST010018,Car Loan,1003907,13.37,180,12947.24,2021-02-09,2038-04-25,Active
LOAN005355,CUST001366,Education Loan,507596,14.27,84,9588.22,2021-08-09,2023-11-15,Closed
LOAN005356,CUST009911,Gold Loan,1274839,11.36,240,13472.49,2024-08-31,2046-03-18,Closed
LOAN005357,CUST010159,Personal Loan,144992,7.54,60,2908.1,2020-07-22,2033-06-20,Closed
LOAN005358,CUST008145,Gold Loan,532738,10.6,240,5354.58,2023-10-09,2029-02-24,Active
LOAN005359,CUST008058,Car Loan,4248645,12.04,12,377566.47,2023-08-12,2028-11-01,Closed
LOAN005360,CUST008115,Car Loan,376078,12.04,84,6646.85,2025-04-18,2037-12-11,Active
LOAN005361,CUST012688,Education Loan,1649527,8.73,240,14556.0,2021-02-07,2032-10-09,Closed
LOAN005362,CUST000300,Gold Loan,4344634,9.03,120,55106.55,2018-04-10,2046-02-13,Active
LOAN005363,CUST001108,Education Loan,2764002,8.81,84,44204.19,2017-05-09,2021-02-01,Defaulted
LOAN005364,CUST000851,Home Loan,2939046,13.54,84,54333.62,2019-03-11,2040-06-14,Closed
LOAN005365,CUST005450,Education Loan,4682661,12.31,84,83440.07,2016-12-30,2032-05-21,Closed
LOAN005366,CUST008931,Education Loan,1670807,9.26,12,146316.07,2018-01-29,2032-01-13,Active
LOAN005367,CUST007473,Home Loan,3969006,8.2,24,179869.65,2021-02-13,2031-10-16,Active
LOAN005368,CUST007467,Gold Loan,4094435,9.81,180,43524.31,2023-10-04,2033-01-31,Active
LOAN005369,CUST002247,Car Loan,1901135,11.12,240,19778.79,2022-09-20,2028-10-26,Defaulted
LOAN005370,CUST016188,Home Loan,987341,11.81,60,21868.18,2021-03-01,2033-12-12,Defaulted
LOAN005371,CUST017867,Home Loan,2678296,12.22,180,32524.1,2020-06-08,2033-02-10,Closed
LOAN005372,CUST003032,Education Loan,291836,12.59,240,3334.2,2023-10-07,2042-04-22,Closed
LOAN005373,CUST001609,Gold Loan,4653579,10.27,12,409708.13,2021-06-27,2030-02-22,Defaulted
LOAN005374,CUST009913,Gold Loan,590251,12.96,36,19876.52,2022-10-28,2035-06-30,Defaulted
LOAN005375,CUST005737,Gold Loan,817993,9.52,180,8551.56,2017-10-31,2032-04-08,Defaulted
LOAN005376,CUST000009,Education Loan,187321,9.31,36,5983.82,2022-12-26,2039-11-27,Defaulted
LOAN005377,CUST013181,Education Loan,536199,11.5,120,7538.71,2023-06-04,2023-10-17,Closed
LOAN005378,CUST005972,Gold Loan,3225474,9.83,120,42321.82,2016-12-04,2043-01-03,Active
LOAN005379,CUST019084,Education Loan,1872166,11.58,24,87762.6,2017-08-16,2036-09-03,Active
LOAN005380,CUST004041,Education Loan,3880588,10.7,36,126494.87,2023-12-08,2031-01-27,Closed
LOAN005381,CUST017902,Home Loan,2192941,8.74,84,34993.73,2025-04-16,2046-05-17,Defaulted
LOAN005382,CUST012554,Education Loan,844966,11.12,12,74726.8,2025-07-23,2028-12-03,Closed
LOAN005383,CUST011520,Education Loan,4549962,12.94,24,216185.28,2020-06-25,2021-02-05,Defaulted
LOAN005384,CUST013190,Education Loan,2428779,13.41,84,44727.43,2019-10-14,2045-07-24,Active
LOAN005385,CUST015629,Gold Loan,112916,11.99,180,1354.46,2023-07-05,2024-03-06,Closed
LOAN005386,CUST016259,Car Loan,1817238,10.59,120,24612.57,2022-07-10,2032-02-16,Defaulted
LOAN005387,CUST005102,Education Loan,4079599,13.03,12,364436.09,2021-06-20,2037-01-27,Closed
LOAN005388,CUST016278,Home Loan,4112348,9.04,36,130848.14,2021-10-18,2046-05-03,Closed
LOAN005389,CUST015047,Car Loan,4102582,7.94,84,63821.15,2022-01-05,2029-06-01,Closed
LOAN005390,CUST003098,Personal Loan,552596,11.66,180,6511.69,2016-08-13,2017-11-15,Closed
LOAN005391,CUST009706,Car Loan,3148142,10.28,36,101996.04,2017-01-22,2026-07-06,Active
LOAN005392,CUST018061,Education Loan,427450,14.3,12,38439.87,2022-06-22,2039-01-19,Active
LOAN005393,CUST004788,Car Loan,4195095,8.24,60,85544.07,2024-02-19,2031-09-13,Closed
LOAN005394,CUST013627,Personal Loan,3046282,12.41,240,34416.96,2025-07-11,2037-03-05,Closed
LOAN005395,CUST016787,Car Loan,3206959,9.18,84,51890.45,2019-01-23,2026-05-14,Active
LOAN005396,CUST014912,Education Loan,4669000,9.84,120,61288.25,2022-09-21,2027-11-17,Defaulted
LOAN005397,CUST016339,Car Loan,1609529,13.34,84,29578.82,2021-05-26,2035-12-08,Active
LOAN005398,CUST008974,Home Loan,2697057,13.9,120,41714.23,2018-06-07,2044-10-11,Defaulted
LOAN005399,CUST008936,Personal Loan,3054426,10.22,12,268845.2,2017-04-12,2035-01-27,Closed
LOAN005400,CUST003658,Gold Loan,4112441,12.43,180,50499.55,2024-01-31,2030-05-02,Active
LOAN005401,CUST003707,Personal Loan,3000843,9.12,60,62467.48,2023-03-28,2042-07-22,Defaulted
LOAN005402,CUST001191,Gold Loan,163719,12.17,120,2365.01,2023-01-16,2036-02-25,Defaulted
LOAN005403,CUST011392,Home Loan,2515298,8.95,84,40405.03,2021-10-27,2036-09-12,Active
LOAN005404,CUST018219,Gold Loan,2870425,12.13,24,135295.2,2021-01-01,2022-02-03,Active
LOAN005405,CUST015313,Home Loan,595015,14.15,84,11199.95,2025-06-24,2037-06-15,Defaulted
LOAN005406,CUST014143,Home Loan,3602946,10.7,36,117444.62,2017-01-30,2041-09-27,Closed
LOAN005407,CUST013070,Gold Loan,1810965,14.21,180,24373.41,2024-03-15,2032-08-30,Closed
LOAN005408,CUST009406,Gold Loan,867354,9.43,36,27755.53,2022-11-04,2024-02-20,Active
LOAN005409,CUST005847,Gold Loan,2121541,8.06,84,33130.25,2019-01-05,2029-06-21,Active
LOAN005410,CUST015825,Home Loan,1034277,9.69,84,17005.01,2019-07-06,2021-12-01,Closed
LOAN005411,CUST013397,Car Loan,1655271,8.81,180,16602.29,2017-07-27,2036-05-14,Defaulted
LOAN005412,CUST009199,Gold Loan,1178372,8.78,60,24335.44,2024-04-07,2036-01-08,Active
LOAN005413,CUST019543,Personal Loan,163009,7.54,240,1317.18,2018-09-25,2026-05-06,Closed
LOAN005414,CUST007727,Home Loan,4858163,13.41,36,164651.76,2020-08-04,2028-03-28,Closed
LOAN005415,CUST005736,Gold Loan,1401264,9.52,36,44899.72,2023-03-20,2028-10-12,Defaulted
LOAN005416,CUST018434,Car Loan,4087976,10.56,36,132984.9,2019-10-17,2032-03-13,Closed
LOAN005417,CUST006445,Car Loan,707673,10.17,24,32711.07,2024-03-15,2038-01-19,Defaulted
LOAN005418,CUST010605,Education Loan,118348,10.69,120,1609.55,2022-12-09,2037-06-22,Defaulted
LOAN005419,CUST010860,Gold Loan,1794163,7.54,12,155690.08,2020-12-24,2037-12-31,Active
LOAN005420,CUST013507,Car Loan,4753632,12.34,240,53472.7,2023-12-05,2038-11-03,Defaulted
LOAN005421,CUST005941,Car Loan,1021762,12.1,84,18091.58,2025-03-11,2027-07-19,Closed
LOAN005422,CUST012297,Home Loan,901674,13.8,36,30729.57,2017-06-10,2036-10-20,Active
LOAN005423,CUST007507,Education Loan,339412,13.56,12,30404.6,2021-01-05,2044-01-30,Closed
LOAN005424,CUST019548,Personal Loan,4915158,12.16,36,163629.45,2025-06-30,2029-01-13,Closed
LOAN005425,CUST006608,Gold Loan,4518087,10.69,84,76626.2,2018-04-02,2044-06-17,Closed
LOAN005426,CUST011193,Personal Loan,4247641,10.68,240,42922.41,2018-05-31,2039-05-08,Defaulted
LOAN005427,CUST011583,Personal Loan,3403034,10.0,84,56494.39,2019-08-21,2025-02-06,Closed
LOAN005428,CUST016150,Home Loan,1105233,12.39,240,12471.4,2022-02-10,2027-11-10,Defaulted
LOAN005429,CUST002479,Car Loan,3904700,11.74,120,55435.79,2023-07-20,2027-10-24,Closed
LOAN005430,CUST008937,Gold Loan,3960954,13.41,36,134243.75,2022-10-17,2044-04-15,Active
LOAN005431,CUST013149,Home Loan,3422736,12.97,240,40026.82,2020-01-31,2025-10-25,Closed
LOAN005432,CUST018594,Personal Loan,2975266,10.0,12,261573.15,2020-06-19,2031-07-18,Defaulted
LOAN005433,CUST012701,Personal Loan,300915,12.94,240,3512.59,2018-03-21,2018-09-05,Defaulted
LOAN005434,CUST006581,Personal Loan,2132952,7.55,120,25374.21,2024-09-25,2041-04-02,Closed
LOAN005435,CUST001809,Car Loan,3078848,11.04,36,100855.86,2018-07-10,2027-07-02,Closed
LOAN005436,CUST007586,Home Loan,633660,12.28,180,7719.5,2022-07-20,2026-04-12,Active
LOAN005437,CUST015572,Education Loan,4257089,9.89,120,55998.75,2024-09-10,2032-08-22,Defaulted
LOAN005438,CUST016102,Education Loan,4003407,12.18,24,188790.97,2022-01-02,2046-03-19,Closed
LOAN005439,CUST000264,Car Loan,4930091,10.99,24,229758.0,2019-04-29,2029-11-09,Closed
LOAN005440,CUST015819,Gold Loan,2648916,10.19,84,44235.63,2022-12-03,2044-01-22,Active
LOAN005441,CUST019271,Education Loan,1178317,12.89,84,21365.5,2020-12-25,2035-04-10,Defaulted
LOAN005442,CUST008728,Gold Loan,1977112,12.96,24,93958.37,2018-09-19,2022-12-17,Defaulted
LOAN005443,CUST015453,Car Loan,1777392,13.64,12,159285.99,2025-05-13,2042-04-23,Closed
LOAN005444,CUST014295,Car Loan,4923176,7.71,60,99142.37,2018-09-24,2031-01-10,Active
LOAN005445,CUST001572,Gold Loan,796869,9.46,84,13007.69,2024-03-16,2040-08-04,Closed
LOAN005446,CUST012379,Home Loan,3270187,11.12,84,56200.11,2023-05-13,2039-06-01,Active
LOAN005447,CUST013472,Gold Loan,2980673,12.2,180,36157.5,2018-10-15,2041-04-28,Closed
LOAN005448,CUST006485,Gold Loan,2867150,9.04,60,59572.99,2018-05-06,2030-02-25,Active
LOAN005449,CUST012571,Gold Loan,479769,8.77,84,7663.16,2025-03-02,2030-07-28,Defaulted
LOAN005450,CUST010981,Education Loan,262803,10.97,84,4495.68,2022-06-01,2042-01-10,Defaulted
LOAN005451,CUST019841,Home Loan,4542000,10.75,12,400900.03,2018-06-16,2019-08-21,Defaulted
LOAN005452,CUST014312,Home Loan,3052095,14.48,36,105026.33,2020-07-05,2037-02-12,Closed
LOAN005453,CUST001371,Education Loan,1793385,12.88,36,60322.62,2019-06-09,2041-04-06,Active
LOAN005454,CUST003091,Car Loan,3126793,9.94,84,51811.58,2018-09-21,2032-02-26,Closed
LOAN005455,CUST005039,Personal Loan,1729756,9.24,120,22137.12,2017-06-09,2027-10-24,Active
LOAN005456,CUST014507,Personal Loan,3338976,7.87,60,67494.85,2022-08-29,2033-05-20,Defaulted
LOAN005457,CUST012834,Personal Loan,4797878,10.42,240,47643.5,2017-02-15,2019-03-11,Active
LOAN005458,CUST015725,Gold Loan,1429707,13.8,120,22026.95,2022-08-22,2027-03-31,Closed
LOAN005459,CUST015345,Education Loan,4017071,14.24,240,50654.84,2025-04-10,2039-03-25,Closed
LOAN005460,CUST018492,Car Loan,343949,14.33,36,11810.56,2016-08-11,2034-05-01,Closed
LOAN005461,CUST016591,Gold Loan,2200498,10.01,24,101551.97,2025-01-28,2044-10-11,Closed
LOAN005462,CUST014959,Education Loan,1624801,11.57,84,28309.89,2022-05-14,2043-12-21,Active
LOAN005463,CUST018374,Car Loan,543090,8.43,60,11124.01,2018-03-19,2041-08-24,Active
LOAN005464,CUST018138,Car Loan,1624083,11.25,180,18715.03,2021-03-07,2032-05-08,Defaulted
LOAN005465,CUST016547,Car Loan,3916388,13.82,60,90762.44,2018-03-14,2022-08-04,Closed
LOAN005466,CUST017892,Personal Loan,1521194,9.87,120,19993.34,2021-09-20,2043-05-26,Active
LOAN005467,CUST005550,Gold Loan,1977224,10.19,84,33018.69,2023-10-12,2037-04-27,Closed
LOAN005468,CUST009144,Home Loan,4355703,11.91,36,144484.51,2022-06-20,2041-10-03,Closed
LOAN005469,CUST014203,Education Loan,936568,9.12,24,42838.45,2025-05-07,2026-07-20,Active
LOAN005470,CUST013084,Personal Loan,3625255,11.78,12,321726.53,2024-11-15,2031-05-12,Closed
LOAN005471,CUST014104,Gold Loan,3108612,11.62,60,68553.9,2021-12-30,2045-01-26,Closed
LOAN005472,CUST010011,Personal Loan,672913,10.31,60,14400.27,2016-11-08,2035-08-23,Closed
LOAN005473,CUST011452,Education Loan,3390292,14.32,180,45881.14,2025-06-13,2042-02-27,Defaulted
LOAN005474,CUST014670,Education Loan,1123220,7.77,240,9234.92,2024-08-31,2030-10-09,Active
LOAN005475,CUST015187,Education Loan,3256349,10.89,60,70622.41,2018-04-30,2019-07-03,Active
LOAN005476,CUST012971,Education Loan,4892439,10.51,84,82515.32,2022-05-19,2027-05-26,Defaulted
LOAN005477,CUST019677,Home Loan,2304954,12.25,120,33403.36,2017-04-10,2021-12-06,Closed
LOAN005478,CUST001977,Education Loan,4458367,13.28,180,57233.02,2018-03-17,2041-05-14,Active
LOAN005479,CUST011150,Education Loan,4148141,9.63,180,43641.9,2023-04-25,2034-06-26,Closed
LOAN005480,CUST001443,Education Loan,1811672,9.93,180,19390.81,2019-08-06,2029-07-14,Defaulted
LOAN005481,CUST008675,Home Loan,2137419,14.2,12,192113.89,2023-07-01,2027-04-29,Closed
LOAN005482,CUST007511,Gold Loan,4044837,8.48,120,50106.93,2020-05-11,2023-02-16,Active
LOAN005483,CUST002310,Home Loan,1082079,12.67,180,13456.8,2024-11-20,2027-04-04,Active
LOAN005484,CUST012246,Home Loan,2003340,13.85,84,37376.81,2021-02-24,2038-12-02,Closed
LOAN005485,CUST001767,Home Loan,363124,10.89,36,11869.31,2020-03-06,2042-11-29,Defaulted
LOAN005486,CUST019577,Education Loan,3430116,8.04,180,32859.23,2017-02-06,2022-08-19,Defaulted
LOAN005487,CUST009396,Personal Loan,4744670,7.53,12,411701.03,2023-09-03,2037-10-13,Defaulted
LOAN005488,CUST011648,Gold Loan,2000517,9.34,84,32532.73,2022-07-25,2030-08-23,Defaulted
LOAN005489,CUST001489,Home Loan,4083544,9.86,36,131496.23,2019-08-06,2036-04-14,Active
LOAN005490,CUST004908,Personal Loan,980978,12.0,180,11773.38,2020-03-21,2023-04-13,Active
LOAN005491,CUST009647,Gold Loan,3323369,10.94,12,293631.86,2017-01-02,2040-03-03,Active
LOAN005492,CUST007883,Home Loan,1023091,9.2,240,9337.02,2017-06-02,2046-02-09,Defaulted
LOAN005493,CUST011897,Education Loan,4818904,9.24,24,220681.41,2018-03-18,2040-01-09,Defaulted
LOAN005494,CUST007347,Education Loan,4498063,14.36,84,85190.81,2019-06-11,2030-01-07,Active
LOAN005495,CUST019789,Education Loan,723868,9.33,12,63414.15,2019-04-06,2042-04-13,Closed
LOAN005496,CUST007388,Home Loan,3127399,9.13,24,143061.03,2022-05-28,2036-03-15,Active
LOAN005497,CUST015174,Car Loan,2567114,9.17,36,81836.8,2023-12-26,2033-09-20,Defaulted
LOAN005498,CUST009214,Personal Loan,4091465,8.35,24,185699.68,2016-11-29,2019-07-04,Defaulted
LOAN005499,CUST014404,Car Loan,2943059,8.88,12,257211.11,2024-07-14,2038-10-21,Closed
LOAN005500,CUST004639,Gold Loan,4635484,7.78,12,402762.1,2022-03-18,2031-07-30,Defaulted
LOAN005501,CUST010053,Home Loan,1320643,13.93,60,30681.15,2018-04-17,2035-07-30,Defaulted
LOAN005502,CUST019610,Gold Loan,3829254,11.66,12,339615.82,2025-03-24,2037-05-05,Defaulted
LOAN005503,CUST014828,Home Loan,1107784,12.95,60,25177.15,2022-05-28,2037-08-03,Defaulted
LOAN005504,CUST014111,Gold Loan,568867,12.72,12,50734.95,2022-03-06,2036-10-09,Defaulted
LOAN005505,CUST001656,Personal Loan,4378741,13.73,36,149081.42,2023-04-21,2040-07-31,Active
LOAN005506,CUST009039,Personal Loan,3716687,11.11,84,63853.9,2024-12-09,2034-02-15,Closed
LOAN005507,CUST002862,Car Loan,4017156,10.25,24,185835.24,2024-09-14,2044-02-13,Active
LOAN005508,CUST005432,Gold Loan,1727980,11.68,12,153270.37,2022-08-10,2026-04-25,Active
LOAN005509,CUST007564,Personal Loan,612010,11.28,12,54170.42,2018-11-01,2038-06-14,Active
LOAN005510,CUST002184,Personal Loan,4427413,8.0,120,53716.74,2020-02-26,2034-05-11,Defaulted
LOAN005511,CUST014776,Education Loan,509638,8.93,24,23266.32,2022-08-17,2030-02-09,Defaulted
LOAN005512,CUST007908,Car Loan,3327348,11.11,36,109106.51,2017-12-18,2032-11-12,Active
LOAN005513,CUST018757,Home Loan,1693821,7.98,12,147327.17,2023-07-10,2036-05-06,Active
LOAN005514,CUST006548,Education Loan,2964950,8.26,120,36381.65,2020-04-03,2044-11-03,Active
LOAN005515,CUST019703,Car Loan,2692394,11.1,180,30770.95,2023-01-24,2041-03-13,Active
LOAN005516,CUST016508,Gold Loan,1617330,9.28,36,51641.68,2022-07-04,2031-12-07,Defaulted
LOAN005517,CUST013558,Personal Loan,3606728,12.17,36,120088.04,2024-05-23,2029-06-29,Closed
LOAN005518,CUST004813,Car Loan,1445594,10.07,12,127137.75,2024-02-29,2031-03-16,Active
LOAN005519,CUST002127,Personal Loan,4348803,13.5,24,207772.82,2025-06-12,2040-06-02,Closed
LOAN005520,CUST015396,Personal Loan,524253,8.54,84,8312.87,2023-11-17,2031-11-08,Closed
LOAN005521,CUST015428,Gold Loan,322235,9.1,84,5200.83,2017-12-23,2029-01-27,Active
LOAN005522,CUST001012,Home Loan,4182852,8.48,24,190096.09,2022-07-16,2024-07-17,Closed
LOAN005523,CUST008370,Personal Loan,4858513,13.82,24,232858.29,2024-12-14,2034-08-01,Active
LOAN005524,CUST002089,Education Loan,1742928,10.0,36,56239.38,2023-05-13,2031-04-09,Closed
LOAN005525,CUST014107,Personal Loan,1508017,12.4,120,21985.8,2023-03-14,2035-01-19,Defaulted
LOAN005526,CUST000982,Car Loan,2538824,11.01,24,118340.89,2025-05-04,2031-04-20,Active
LOAN005527,CUST007160,Home Loan,2957283,9.03,240,26664.53,2023-08-30,2026-08-01,Active
LOAN005528,CUST006452,Gold Loan,1216964,8.37,60,24891.7,2024-12-01,2042-12-31,Closed
LOAN005529,CUST012640,Car Loan,3428756,12.22,60,76652.52,2024-05-04,2035-10-07,Active
LOAN005530,CUST004835,Car Loan,4306302,9.36,12,377311.75,2025-01-13,2039-11-25,Defaulted
LOAN005531,CUST009673,Home Loan,2766045,10.04,180,29791.79,2022-08-24,2037-06-24,Active
LOAN005532,CUST005268,Education Loan,4512780,10.23,12,397227.96,2024-05-19,2036-10-30,Closed
LOAN005533,CUST006111,Education Loan,2813822,12.72,36,94429.74,2022-05-27,2035-03-20,Defaulted
LOAN005534,CUST008343,Personal Loan,402783,14.42,120,6355.98,2016-11-18,2026-07-01,Active
LOAN005535,CUST001247,Gold Loan,4802882,10.05,12,422361.33,2023-11-16,2037-06-28,Defaulted
LOAN005536,CUST018484,Home Loan,3560330,8.43,180,34914.04,2018-09-08,2041-06-26,Closed
LOAN005537,CUST002075,Education Loan,1504638,12.33,240,16914.82,2022-11-21,2027-03-11,Active
LOAN005538,CUST010461,Home Loan,3192926,9.7,240,30180.5,2017-04-19,2045-12-23,Active
LOAN005539,CUST007048,Personal Loan,2572741,11.78,12,228320.22,2020-01-25,2039-08-13,Defaulted
LOAN005540,CUST019791,Gold Loan,356260,10.12,12,31340.8,2017-03-10,2031-02-08,Defaulted
LOAN005541,CUST008828,Education Loan,2009563,10.37,36,65192.59,2018-01-23,2039-07-10,Closed
LOAN005542,CUST003291,Car Loan,3441031,10.73,84,58431.47,2024-03-27,2027-09-05,Defaulted
LOAN005543,CUST000915,Personal Loan,1681303,8.07,180,16135.42,2024-06-25,2046-05-13,Defaulted
LOAN005544,CUST014345,Personal Loan,4756966,13.65,120,72861.95,2018-01-01,2023-08-13,Active
LOAN005545,CUST014947,Gold Loan,3916077,10.99,60,85125.47,2023-03-09,2025-12-24,Defaulted
LOAN005546,CUST016393,Personal Loan,808053,7.94,36,25299.08,2025-04-05,2039-12-21,Active
LOAN005547,CUST006390,Gold Loan,327399,12.7,36,10984.12,2019-03-22,2025-11-23,Closed
LOAN005548,CUST018830,Gold Loan,1129572,11.97,240,12413.94,2025-05-14,2034-03-09,Defaulted
LOAN005549,CUST011744,Home Loan,3226445,11.31,36,106103.96,2022-06-21,2042-04-15,Closed
LOAN005550,CUST006495,Home Loan,1366761,11.13,36,44830.19,2020-12-19,2038-03-06,Active
LOAN005551,CUST014519,Car Loan,517931,7.65,240,4220.05,2021-10-04,2026-05-24,Closed
LOAN005552,CUST008409,Car Loan,4598706,14.42,84,87250.29,2023-01-07,2044-06-12,Defaulted
LOAN005553,CUST015193,Gold Loan,2799372,9.46,84,45695.56,2025-03-28,2029-09-06,Active
LOAN005554,CUST007946,Gold Loan,414947,11.39,60,9102.87,2022-06-20,2040-01-10,Defaulted
LOAN005555,CUST019862,Education Loan,4693536,11.22,24,219235.27,2019-06-26,2046-02-17,Closed
LOAN005556,CUST015389,Car Loan,2840197,13.37,120,43029.27,2023-03-22,2034-06-19,Closed
LOAN005557,CUST017032,Gold Loan,2443540,13.09,120,36614.5,2025-05-24,2044-12-13,Active
LOAN005558,CUST010616,Home Loan,811224,7.74,12,70469.62,2022-03-22,2040-12-24,Defaulted
LOAN005559,CUST003388,Education Loan,2533000,8.1,24,114676.29,2016-10-27,2034-09-13,Closed
LOAN005560,CUST016810,Education Loan,3222674,9.52,84,52704.34,2020-08-12,2026-12-13,Defaulted
LOAN005561,CUST018057,Education Loan,4035499,7.74,180,37962.06,2022-07-19,2023-06-03,Active
LOAN005562,CUST015214,Home Loan,716978,12.43,36,23961.45,2021-08-12,2039-10-15,Closed
LOAN005563,CUST017274,Personal Loan,2639086,11.83,12,234269.77,2023-03-24,2042-08-25,Closed
LOAN005564,CUST003814,Personal Loan,1028013,7.63,60,20662.84,2019-05-06,2043-05-17,Closed
LOAN005565,CUST000797,Gold Loan,1159244,8.51,36,36599.85,2019-02-09,2033-04-03,Closed
LOAN005566,CUST010217,Gold Loan,2585351,13.8,84,48164.32,2021-07-27,2026-06-15,Closed
LOAN005567,CUST013979,Personal Loan,4149107,9.38,180,43026.07,2023-08-08,2033-12-26,Defaulted
LOAN005568,CUST017442,Personal Loan,2945813,13.48,24,140714.4,2019-05-30,2042-01-05,Closed
LOAN005569,CUST002620,Education Loan,3303375,14.34,24,159135.66,2016-12-03,2017-09-20,Active
LOAN005570,CUST011290,Personal Loan,441327,12.13,24,20801.6,2023-12-05,2042-01-23,Active
LOAN005571,CUST009287,Gold Loan,3480163,11.56,24,163109.18,2024-11-17,2026-09-25,Defaulted
LOAN005572,CUST001749,Gold Loan,3249629,8.76,120,40744.03,2024-08-11,2043-06-06,Defaulted
LOAN005573,CUST017532,Personal Loan,4692409,8.89,180,47286.97,2021-01-20,2023-04-01,Defaulted
LOAN005574,CUST008661,Car Loan,2639186,12.56,120,38723.92,2017-01-22,2046-01-05,Closed
LOAN005575,CUST005310,Car Loan,1423963,9.82,180,15145.56,2022-08-26,2045-12-17,Active
LOAN005576,CUST001123,Education Loan,1138666,12.74,36,38223.72,2017-02-22,2027-03-05,Defaulted
LOAN005577,CUST003102,Home Loan,4481565,10.09,180,48406.18,2016-08-06,2017-08-18,Defaulted
LOAN005578,CUST000085,Car Loan,4874173,9.49,12,427361.97,2023-05-22,2032-03-23,Closed
LOAN005579,CUST016017,Car Loan,1928007,14.48,12,173545.93,2023-07-25,2044-01-21,Defaulted
LOAN005580,CUST017304,Education Loan,2006549,9.68,12,176109.04,2016-11-28,2038-06-09,Defaulted
LOAN005581,CUST013567,Education Loan,289229,13.24,36,9778.74,2025-03-31,2034-01-11,Defaulted
LOAN005582,CUST011584,Personal Loan,3691629,10.07,84,61419.02,2020-10-17,2029-04-23,Defaulted
LOAN005583,CUST003100,Education Loan,634715,7.63,84,9776.21,2020-05-30,2020-10-05,Closed
LOAN005584,CUST009093,Personal Loan,2247946,9.39,84,36613.88,2020-09-18,2026-08-31,Active
LOAN005585,CUST009971,Car Loan,4913872,9.19,60,102457.62,2022-01-26,2045-05-26,Closed
LOAN005586,CUST011569,Home Loan,4329817,10.96,84,74045.98,2024-12-12,2028-03-04,Closed
LOAN005587,CUST012619,Home Loan,728615,10.01,24,33625.25,2019-12-07,2021-08-18,Defaulted
LOAN005588,CUST014601,Personal Loan,2556136,9.1,180,26078.31,2023-02-24,2031-10-26,Active
LOAN005589,CUST012144,Education Loan,1277290,12.81,180,16001.46,2024-09-25,2032-10-15,Closed
LOAN005590,CUST017928,Home Loan,559258,9.69,60,11797.45,2017-06-17,2032-09-09,Active
LOAN005591,CUST017134,Gold Loan,1297968,11.48,120,18233.99,2020-04-30,2023-05-05,Closed
LOAN005592,CUST005659,Gold Loan,4411370,10.03,36,142404.64,2022-04-23,2041-11-14,Defaulted
LOAN005593,CUST017283,Education Loan,4608694,10.79,24,214352.2,2021-01-26,2042-02-01,Defaulted
LOAN005594,CUST010812,Gold Loan,3580064,8.85,240,31866.21,2025-03-22,2032-09-15,Active
LOAN005595,CUST013406,Home Loan,755163,12.34,12,67215.49,2023-08-24,2037-12-04,Defaulted
LOAN005596,CUST019857,Education Loan,552769,13.16,36,18667.6,2024-04-22,2036-12-26,Active
LOAN005597,CUST005119,Car Loan,2293951,11.35,240,24226.71,2021-09-09,2031-08-26,Closed
LOAN005598,CUST002232,Home Loan,2625739,14.38,36,90226.91,2017-12-09,2030-12-28,Defaulted
LOAN005599,CUST013555,Gold Loan,4432288,8.34,12,386254.89,2022-03-18,2038-03-24,Defaulted
LOAN005600,CUST003054,Gold Loan,4062541,9.33,60,84983.81,2021-11-14,2045-04-26,Defaulted
LOAN005601,CUST009729,Home Loan,1564898,7.93,180,14891.81,2017-03-06,2030-05-31,Active
LOAN005602,CUST006099,Personal Loan,1492199,8.07,36,46808.29,2024-03-29,2043-09-16,Closed
LOAN005603,CUST015983,Car Loan,615693,8.92,24,28105.18,2018-10-04,2042-08-09,Defaulted
LOAN005604,CUST014464,Gold Loan,2289118,7.63,60,46010.77,2023-12-28,2036-10-06,Defaulted
LOAN005605,CUST001593,Personal Loan,3764637,10.13,120,50021.36,2023-03-29,2031-09-30,Defaulted
LOAN005606,CUST004851,Personal Loan,4215598,11.82,240,45889.44,2025-04-08,2032-03-28,Defaulted
LOAN005607,CUST019566,Gold Loan,2277587,12.4,36,76084.35,2021-02-19,2045-12-24,Defaulted
LOAN005608,CUST012816,Car Loan,2347431,9.83,12,206190.92,2019-02-11,2045-08-17,Defaulted
LOAN005609,CUST005690,Education Loan,1098088,8.12,240,9267.03,2016-08-13,2040-06-15,Active
LOAN005610,CUST010599,Personal Loan,1245530,9.09,84,20096.37,2019-03-24,2042-05-13,Active
LOAN005611,CUST009567,Gold Loan,1363744,12.98,180,17236.72,2016-12-06,2036-01-06,Closed
LOAN005612,CUST003222,Gold Loan,4010940,10.41,12,353390.64,2023-03-07,2034-01-20,Defaulted
LOAN005613,CUST014169,Education Loan,4516788,12.18,84,80169.09,2024-04-19,2028-08-14,Defaulted
LOAN005614,CUST008917,Gold Loan,1102372,11.81,84,19348.05,2019-11-10,2036-03-27,Closed
LOAN005615,CUST003547,Gold Loan,3181534,9.94,180,34072.24,2025-07-06,2033-08-10,Defaulted
LOAN005616,CUST013959,Car Loan,4782706,8.77,180,47857.2,2025-01-13,2025-09-25,Defaulted
LOAN005617,CUST002405,Personal Loan,1054210,7.5,180,9772.66,2017-10-09,2038-07-27,Active
LOAN005618,CUST019465,Gold Loan,1940184,12.82,24,92075.93,2020-11-24,2021-02-21,Active
LOAN005619,CUST005712,Gold Loan,4817523,9.79,12,423066.43,2019-10-20,2038-02-08,Active
LOAN005620,CUST003370,Home Loan,1721136,8.55,12,150156.96,2025-07-28,2041-07-03,Defaulted
LOAN005621,CUST008011,Personal Loan,4805848,8.31,24,218035.6,2019-10-18,2036-03-04,Defaulted
LOAN005622,CUST017381,Home Loan,4973935,12.47,60,111827.4,2024-02-23,2042-03-05,Defaulted
LOAN005623,CUST011675,Home Loan,861742,14.27,36,29565.43,2018-04-01,2040-02-26,Active
LOAN005624,CUST017118,Home Loan,2492519,13.95,24,119614.16,2019-03-12,2028-05-03,Active
LOAN005625,CUST015239,Car Loan,3146381,8.74,36,99673.77,2019-06-29,2028-12-18,Closed
LOAN005626,CUST014095,Car Loan,2948889,8.1,60,59934.06,2023-06-13,2024-04-11,Active
LOAN005627,CUST008611,Home Loan,2034836,12.17,120,29394.31,2025-01-04,2044-05-18,Defaulted
LOAN005628,CUST013745,Gold Loan,2407073,9.35,180,24917.84,2018-07-24,2036-09-16,Active
LOAN005629,CUST014269,Education Loan,1021049,13.52,36,34659.47,2022-11-02,2033-07-24,Active
LOAN005630,CUST000435,Home Loan,4534595,14.25,36,155532.88,2017-12-11,2029-05-04,Active
LOAN005631,CUST002529,Car Loan,4321218,10.28,24,199961.2,2020-07-17,2039-09-25,Defaulted
LOAN005632,CUST006225,Gold Loan,3693538,7.83,36,115452.61,2022-05-01,2044-04-17,Active
LOAN005633,CUST004857,Home Loan,3080468,11.96,120,44124.57,2019-10-03,2037-03-02,Active
LOAN005634,CUST018529,Personal Loan,259193,10.58,84,4380.98,2025-02-16,2044-11-14,Defaulted
LOAN005635,CUST019597,Car Loan,2357880,12.68,12,210245.59,2018-02-03,2030-10-04,Defaulted
LOAN005636,CUST011058,Car Loan,4671520,11.17,12,413247.21,2019-07-23,2045-06-08,Active
LOAN005637,CUST002835,Home Loan,2520855,12.72,240,29032.34,2018-09-08,2024-07-18,Defaulted
LOAN005638,CUST002204,Home Loan,3539068,9.34,180,36614.9,2022-08-11,2025-10-19,Defaulted
LOAN005639,CUST003446,Education Loan,4138485,10.04,36,133615.0,2017-09-26,2036-03-16,Active
LOAN005640,CUST005827,Education Loan,3525420,9.95,84,58435.11,2025-02-13,2036-06-24,Closed
LOAN005641,CUST018733,Home Loan,2505988,12.52,24,118575.02,2019-03-22,2025-08-30,Defaulted
LOAN005642,CUST000510,Education Loan,2166140,8.85,12,189281.5,2019-04-14,2034-12-08,Closed
LOAN005643,CUST004281,Car Loan,3550874,8.17,180,34283.4,2018-08-23,2045-11-13,Active
LOAN005644,CUST015930,Car Loan,4950781,8.9,180,49920.03,2021-01-05,2042-07-06,Active
LOAN005645,CUST017893,Home Loan,2496704,14.31,240,31610.73,2022-01-20,2033-12-28,Active
LOAN005646,CUST012959,Car Loan,4084047,13.86,240,50371.24,2025-06-27,2033-10-22,Closed
LOAN005647,CUST008333,Education Loan,2257621,11.67,36,74629.99,2022-11-25,2033-07-04,Active
LOAN005648,CUST007745,Education Loan,3670654,11.49,240,39119.65,2021-05-31,2045-02-07,Active
LOAN005649,CUST018167,Car Loan,1005707,8.94,240,9009.83,2020-07-08,2026-12-07,Active
LOAN005650,CUST019356,Home Loan,2581775,8.55,24,117415.39,2017-05-22,2034-02-21,Active
LOAN005651,CUST008915,Home Loan,464443,10.95,24,21635.9,2020-11-12,2033-01-31,Active
LOAN005652,CUST012957,Car Loan,4266083,14.1,12,383240.05,2019-09-04,2045-08-08,Active
LOAN005653,CUST017487,Gold Loan,1802359,13.16,180,22994.29,2022-12-10,2028-02-11,Active
LOAN005654,CUST007303,Gold Loan,322746,10.23,24,14927.38,2023-12-19,2040-07-29,Closed
LOAN005655,CUST009416,Car Loan,410873,12.81,240,4758.18,2018-08-01,2024-03-06,Active
LOAN005656,CUST013097,Gold Loan,1947829,9.27,120,24959.8,2024-01-27,2043-01-01,Active
LOAN005657,CUST008365,Personal Loan,3355038,13.2,180,42891.83,2022-09-09,2039-01-04,Active
LOAN005658,CUST007673,Car Loan,3869137,8.31,120,47579.49,2025-03-27,2030-08-04,Defaulted
LOAN005659,CUST013016,Personal Loan,4125906,9.28,24,189021.45,2019-02-04,2044-10-15,Active
LOAN005660,CUST018124,Home Loan,2591787,11.45,120,36365.24,2019-11-14,2043-02-22,Closed
LOAN005661,CUST000933,Personal Loan,3987088,13.82,240,49059.89,2019-02-19,2021-01-15,Active
LOAN005662,CUST013900,Gold Loan,4353793,13.37,24,207744.71,2023-04-26,2026-06-04,Closed
LOAN005663,CUST018190,Gold Loan,3583760,12.11,84,63474.17,2022-06-29,2031-10-19,Active
LOAN005664,CUST017528,Personal Loan,1213957,8.24,84,19066.47,2023-09-12,2038-05-16,Defaulted
LOAN005665,CUST014058,Car Loan,409395,12.65,180,5085.91,2024-12-30,2032-01-21,Defaulted
LOAN005666,CUST003686,Car Loan,2661161,7.57,24,119835.88,2025-01-07,2032-12-10,Active
LOAN005667,CUST003485,Gold Loan,851331,10.5,180,9410.6,2019-02-07,2032-07-04,Closed
LOAN005668,CUST018579,Personal Loan,161122,9.74,60,3402.79,2020-08-05,2028-01-09,Closed
LOAN005669,CUST012560,Education Loan,1701450,9.95,12,149544.92,2020-02-18,2033-02-07,Closed
LOAN005670,CUST015848,Home Loan,2462986,13.9,60,57181.77,2020-04-09,2034-04-12,Closed
LOAN005671,CUST006467,Personal Loan,1144617,10.14,120,15215.07,2020-10-25,2045-02-27,Closed
LOAN005672,CUST011347,Gold Loan,1539143,9.14,24,70414.26,2025-07-09,2036-11-26,Active
LOAN005673,CUST003338,Home Loan,3140168,9.06,24,143544.23,2022-06-18,2032-05-25,Defaulted
LOAN005674,CUST001369,Gold Loan,1784687,13.32,12,159671.44,2024-07-26,2027-05-10,Active
LOAN005675,CUST019226,Personal Loan,346995,9.98,12,30503.15,2021-04-19,2026-06-24,Closed
LOAN005676,CUST009512,Education Loan,4370622,12.96,36,147179.34,2018-05-24,2044-11-18,Active
LOAN005677,CUST001548,Car Loan,252487,14.34,12,22710.49,2020-12-15,2026-12-04,Active
LOAN005678,CUST006052,Personal Loan,3836158,12.43,180,47106.88,2018-04-14,2031-10-06,Active
LOAN005679,CUST002585,Car Loan,4766238,11.82,120,67886.64,2020-03-20,2034-04-09,Active
LOAN005680,CUST017476,Education Loan,3565843,14.5,24,172049.89,2023-02-16,2025-03-06,Active
LOAN005681,CUST019436,Home Loan,1298253,11.26,120,18075.04,2020-01-19,2031-10-15,Active
LOAN005682,CUST009614,Education Loan,1865140,14.13,240,23369.71,2020-07-26,2032-08-09,Defaulted
LOAN005683,CUST007364,Home Loan,1987468,10.68,36,64766.38,2024-11-28,2038-12-19,Defaulted
LOAN005684,CUST001819,Car Loan,1767019,13.95,24,84797.94,2022-05-28,2024-03-01,Defaulted
LOAN005685,CUST010926,Personal Loan,3356746,9.41,60,70350.37,2022-11-17,2026-06-28,Closed
LOAN005686,CUST018609,Education Loan,4176463,7.81,120,50253.69,2017-02-18,2023-05-03,Closed
LOAN005687,CUST000354,Gold Loan,2511405,9.57,240,23524.51,2024-03-30,2032-04-21,Defaulted
LOAN005688,CUST009069,Gold Loan,1363150,10.69,60,29427.88,2023-10-10,2034-12-19,Defaulted
LOAN005689,CUST018948,Car Loan,1612700,13.41,60,37033.25,2023-11-13,2045-02-11,Defaulted
LOAN005690,CUST001083,Car Loan,4608625,10.28,60,98555.81,2017-12-15,2030-04-13,Closed
LOAN005691,CUST007970,Gold Loan,1859856,10.87,120,25482.85,2022-07-23,2030-03-05,Defaulted
LOAN005692,CUST018682,Gold Loan,1828193,13.78,36,62288.14,2023-12-03,2036-06-06,Defaulted
LOAN005693,CUST001936,Home Loan,3663616,11.88,120,52308.41,2018-12-27,2043-08-31,Closed
LOAN005694,CUST011916,Car Loan,3704628,10.95,180,41990.45,2016-11-27,2041-10-20,Active
LOAN005695,CUST004900,Personal Loan,2601348,14.36,12,234008.4,2021-04-11,2025-04-11,Defaulted
LOAN005696,CUST011792,Home Loan,137714,8.94,120,1740.03,2018-10-26,2020-12-25,Closed
LOAN005697,CUST005658,Gold Loan,3327831,8.4,36,104897.3,2017-05-16,2021-11-29,Defaulted
LOAN005698,CUST008767,Education Loan,804483,8.03,24,36395.6,2017-11-02,2037-12-13,Defaulted
LOAN005699,CUST014710,Education Loan,362817,8.49,36,11451.56,2022-12-08,2029-07-16,Active
LOAN005700,CUST003992,Gold Loan,4157149,12.9,84,75400.88,2017-08-22,2044-11-15,Defaulted
LOAN005701,CUST003448,Car Loan,2443199,8.88,24,111482.45,2016-12-27,2033-04-19,Defaulted
LOAN005702,CUST019606,Home Loan,4642939,10.8,180,52189.88,2016-08-04,2034-03-24,Active
LOAN005703,CUST007787,Education Loan,2464651,9.94,36,79457.94,2018-05-18,2037-11-02,Active
LOAN005704,CUST017475,Gold Loan,4489582,8.82,12,392245.92,2023-08-23,2030-04-04,Closed
LOAN005705,CUST008608,Car Loan,1888394,14.17,24,90818.97,2017-02-17,2024-12-22,Defaulted
LOAN005706,CUST011702,Car Loan,788756,13.14,24,37550.79,2017-02-09,2046-05-28,Closed
LOAN005707,CUST015768,Car Loan,2686379,14.05,240,33503.28,2017-02-06,2017-06-23,Defaulted
LOAN005708,CUST015188,Car Loan,339516,13.69,180,4450.98,2023-10-21,2036-08-30,Active
LOAN005709,CUST018871,Home Loan,1422074,12.73,120,21007.23,2017-06-08,2037-06-20,Closed
LOAN005710,CUST002565,Home Loan,4073939,14.25,120,63868.41,2018-08-04,2030-12-19,Closed
LOAN005711,CUST002919,Personal Loan,1346936,14.21,24,64803.99,2016-08-25,2026-08-18,Closed
LOAN005712,CUST004596,Personal Loan,954469,13.08,60,21756.21,2018-04-20,2025-10-18,Active
LOAN005713,CUST005158,Home Loan,564302,9.72,24,25966.81,2019-05-02,2025-10-12,Active
LOAN005714,CUST005863,Gold Loan,1502316,10.88,60,32574.16,2018-10-07,2045-09-13,Defaulted
LOAN005715,CUST017792,Gold Loan,140305,13.85,60,3253.75,2024-12-18,2045-12-24,Defaulted
LOAN005716,CUST005322,Car Loan,597854,8.98,240,5371.36,2023-04-24,2040-11-28,Defaulted
LOAN005717,CUST008201,Education Loan,4737526,12.8,120,70178.59,2022-11-20,2041-10-30,Closed
LOAN005718,CUST011914,Personal Loan,4274373,8.26,12,372335.03,2018-04-10,2025-09-04,Closed
LOAN005719,CUST012960,Gold Loan,1969249,11.54,12,174541.9,2021-04-17,2022-09-01,Active
LOAN005720,CUST010778,Home Loan,3679672,14.26,24,177123.96,2018-06-01,2044-05-21,Closed
LOAN005721,CUST015004,Gold Loan,3142284,12.04,24,147976.92,2023-02-03,2025-08-17,Active
LOAN005722,CUST005143,Home Loan,4186989,13.73,24,200495.77,2021-10-08,2029-09-03,Active
LOAN005723,CUST006493,Home Loan,2405485,7.68,180,22545.9,2019-10-02,2031-11-07,Defaulted
LOAN005724,CUST004994,Car Loan,225562,12.79,12,20124.37,2020-11-01,2033-01-14,Active
LOAN005725,CUST005156,Gold Loan,4324694,10.99,24,201544.56,2025-02-07,2037-05-10,Defaulted
LOAN005726,CUST014447,Car Loan,2881347,11.13,180,32984.9,2022-11-25,2028-05-24,Defaulted
LOAN005727,CUST015493,Gold Loan,4703876,10.14,84,78430.6,2021-06-24,2026-08-24,Closed
LOAN005728,CUST002292,Home Loan,4401890,12.56,60,99167.84,2020-02-15,2041-06-20,Active
LOAN005729,CUST013801,Car Loan,4871699,13.71,84,90517.03,2017-02-19,2034-01-16,Active
LOAN005730,CUST011287,Personal Loan,4058177,12.71,180,50573.83,2022-08-04,2032-08-23,Closed
LOAN005731,CUST003604,Personal Loan,2332293,8.02,24,105504.57,2020-07-22,2043-08-01,Closed
LOAN005732,CUST005095,Home Loan,3376321,9.42,180,35093.57,2017-07-29,2032-08-27,Active
LOAN005733,CUST007945,Education Loan,4214347,8.61,180,41772.53,2025-01-04,2025-02-27,Defaulted
LOAN005734,CUST008205,Education Loan,4963258,14.08,24,238487.95,2020-04-16,2021-07-11,Active
LOAN005735,CUST014071,Car Loan,4647088,12.38,36,155194.6,2020-03-07,2036-12-21,Closed
LOAN005736,CUST014674,Education Loan,1160557,10.12,180,12556.74,2022-06-29,2032-11-15,Defaulted
LOAN005737,CUST013897,Personal Loan,1909486,11.67,120,27032.55,2020-04-04,2027-03-20,Defaulted
LOAN005738,CUST001660,Education Loan,4087655,7.61,180,38149.03,2024-08-09,2039-12-15,Active
LOAN005739,CUST010575,Education Loan,2452133,8.77,180,24536.78,2019-12-24,2020-06-05,Defaulted
LOAN005740,CUST011467,Personal Loan,114352,7.8,120,1375.35,2023-07-09,2031-08-04,Closed
LOAN005741,CUST019595,Education Loan,1325667,9.77,12,116405.43,2020-08-08,2024-10-28,Active
LOAN005742,CUST000843,Home Loan,1051255,13.58,240,12753.14,2022-07-21,2024-03-05,Defaulted
LOAN005743,CUST002978,Personal Loan,2377279,8.11,36,74615.98,2024-07-24,2029-04-05,Closed
LOAN005744,CUST004027,Home Loan,3236257,11.6,240,34735.66,2022-11-12,2027-11-26,Active
LOAN005745,CUST017883,Education Loan,3098458,13.31,60,70992.12,2022-07-01,2044-04-04,Closed
LOAN005746,CUST005749,Car Loan,2133685,11.99,84,37653.96,2024-04-18,2039-03-24,Active
LOAN005747,CUST002092,Personal Loan,4790148,11.23,240,50195.32,2021-01-27,2030-01-28,Closed
LOAN005748,CUST006754,Personal Loan,3862550,11.79,12,342803.55,2019-11-03,2023-03-18,Active
LOAN005749,CUST007616,Personal Loan,3118784,9.86,36,100429.52,2017-08-06,2027-02-23,Active
LOAN005750,CUST003064,Personal Loan,2213136,14.21,120,34642.57,2019-07-16,2037-08-14,Closed
LOAN005751,CUST012576,Car Loan,4110627,7.73,180,38645.26,2020-11-30,2026-04-22,Active
LOAN005752,CUST006779,Education Loan,3433314,10.77,240,34902.44,2016-09-04,2017-05-25,Active
LOAN005753,CUST009906,Education Loan,560891,8.36,180,5477.38,2018-03-18,2032-08-22,Active
LOAN005754,CUST019927,Education Loan,3324011,12.42,12,295987.85,2017-02-14,2024-04-07,Active
LOAN005755,CUST010701,Education Loan,4956676,8.36,120,61085.18,2024-06-24,2039-12-06,Active
LOAN005756,CUST019967,Education Loan,1870304,13.47,12,167463.15,2023-12-03,2044-06-15,Active
LOAN005757,CUST002634,Car Loan,2659225,10.95,60,57751.71,2022-09-20,2027-10-14,Closed
LOAN005758,CUST015539,Car Loan,4336599,11.88,120,61917.14,2017-03-27,2036-10-18,Closed
LOAN005759,CUST009635,Car Loan,1820468,8.54,120,22610.16,2024-12-27,2044-11-13,Active
LOAN005760,CUST007218,Car Loan,3407227,11.75,24,159992.51,2021-11-07,2028-10-10,Closed
LOAN005761,CUST007406,Car Loan,1997523,10.04,12,175651.17,2019-08-03,2038-01-25,Defaulted
LOAN005762,CUST014692,Education Loan,1799526,9.51,60,37802.19,2017-09-12,2036-02-14,Active
LOAN005763,CUST004101,Education Loan,4579323,8.57,120,56948.64,2024-06-14,2027-11-06,Active
LOAN005764,CUST001237,Education Loan,1947676,12.06,24,91738.45,2022-09-03,2043-12-01,Defaulted
LOAN005765,CUST002901,Education Loan,3761393,13.96,84,70405.46,2021-03-31,2035-01-26,Active
LOAN005766,CUST015859,Personal Loan,3261538,13.28,12,291740.32,2021-03-27,2028-11-28,Active
LOAN005767,CUST018378,Car Loan,504375,12.18,60,11265.48,2022-05-29,2023-04-13,Active
LOAN005768,CUST000015,Car Loan,2130919,9.9,24,98232.78,2018-08-21,2030-02-08,Defaulted
LOAN005769,CUST005653,Gold Loan,4582371,13.84,36,156258.72,2017-02-12,2026-03-24,Defaulted
LOAN005770,CUST004779,Home Loan,4898751,11.44,60,107588.81,2023-07-30,2041-06-12,Active
LOAN005771,CUST002793,Home Loan,868952,8.14,84,13604.36,2017-05-16,2021-09-12,Active
LOAN005772,CUST002928,Gold Loan,871239,7.67,120,10419.23,2022-12-19,2035-09-28,Active
LOAN005773,CUST011318,Personal Loan,4864430,13.25,240,57859.03,2022-06-09,2039-08-19,Defaulted
LOAN005774,CUST006552,Home Loan,4961468,12.33,24,234318.86,2022-10-18,2040-02-23,Defaulted
LOAN005775,CUST009314,Gold Loan,4540156,13.75,180,59702.47,2025-01-19,2027-02-09,Defaulted
LOAN005776,CUST006507,Gold Loan,3425236,11.01,12,302744.02,2021-08-13,2025-12-21,Closed
LOAN005777,CUST006951,Personal Loan,4797499,13.25,120,72340.97,2023-01-31,2027-03-14,Active
LOAN005778,CUST016318,Home Loan,4458989,7.99,240,37269.02,2020-01-08,2023-04-30,Active
LOAN005779,CUST018233,Education Loan,2013298,8.76,120,25242.84,2019-03-16,2042-09-05,Defaulted
LOAN005780,CUST018419,Education Loan,3883507,12.31,24,183372.87,2021-01-05,2046-06-23,Defaulted
LOAN005781,CUST013009,Education Loan,1809727,8.68,36,57279.69,2017-08-19,2032-10-08,Active
LOAN005782,CUST002607,Personal Loan,1302064,11.12,180,14897.48,2018-08-16,2025-11-29,Active
LOAN005783,CUST002859,Education Loan,502394,12.57,12,44771.17,2018-06-04,2039-12-24,Closed
LOAN005784,CUST006845,Personal Loan,2563533,7.78,84,39675.37,2019-02-08,2042-03-27,Active
LOAN005785,CUST017161,Gold Loan,3012400,11.9,180,35960.29,2020-05-04,2022-02-22,Closed
LOAN005786,CUST016791,Car Loan,1825964,11.66,36,60352.04,2021-12-04,2023-01-23,Defaulted
LOAN005787,CUST000006,Personal Loan,117733,8.18,24,5334.42,2024-05-02,2042-07-28,Closed
LOAN005788,CUST016324,Car Loan,2853442,7.72,36,89048.38,2021-12-30,2027-07-31,Active
LOAN005789,CUST005013,Education Loan,4383870,12.54,36,146740.47,2023-08-27,2026-11-19,Defaulted
LOAN005790,CUST011421,Personal Loan,2581075,10.54,84,43572.5,2017-10-18,2042-06-30,Active
LOAN005791,CUST018915,Personal Loan,536401,10.89,180,6059.72,2021-10-17,2046-02-24,Closed
LOAN005792,CUST007154,Personal Loan,3460426,7.87,180,32810.46,2017-02-20,2045-11-21,Defaulted
LOAN005793,CUST010903,Home Loan,2048671,14.26,60,47945.59,2018-12-05,2043-05-17,Active
LOAN005794,CUST019210,Personal Loan,1744238,12.01,240,19217.72,2022-08-19,2028-11-08,Active
LOAN005795,CUST017124,Car Loan,3819762,13.58,120,58347.29,2019-05-09,2024-01-15,Active
LOAN005796,CUST019444,Personal Loan,1994846,13.98,120,30949.28,2022-11-28,2044-01-16,Defaulted
LOAN005797,CUST007917,Gold Loan,1025425,9.05,60,21311.03,2018-06-13,2041-02-19,Active
LOAN005798,CUST014705,Education Loan,984941,12.33,24,46516.53,2021-02-21,2041-09-25,Active
LOAN005799,CUST011325,Personal Loan,3051548,8.38,180,29835.54,2019-05-30,2042-08-03,Active
LOAN005800,CUST017915,Personal Loan,1685698,13.92,24,80871.53,2019-08-24,2040-06-17,Closed
LOAN005801,CUST003363,Home Loan,3406333,8.28,84,53568.26,2019-03-09,2020-02-21,Active
LOAN005802,CUST012466,Gold Loan,1686342,8.01,240,14115.74,2020-10-31,2037-10-11,Defaulted
LOAN005803,CUST001939,Gold Loan,3463133,9.42,36,110804.9,2019-10-01,2043-08-28,Closed
LOAN005804,CUST007902,Personal Loan,3586797,8.48,12,312806.44,2017-11-22,2042-03-07,Closed
LOAN005805,CUST016769,Gold Loan,1171033,14.15,84,22042.32,2022-11-23,2035-09-21,Closed
LOAN005806,CUST005849,Education Loan,3118428,9.39,240,28844.21,2019-04-28,2020-09-07,Defaulted
LOAN005807,CUST004871,Education Loan,1733459,11.26,60,37914.76,2025-05-12,2042-01-15,Active
LOAN005808,CUST003878,Car Loan,2722408,8.72,36,86217.51,2017-02-16,2026-08-10,Active
LOAN005809,CUST011108,Education Loan,3176767,7.85,240,26275.96,2024-05-25,2030-08-06,Active
LOAN005810,CUST016554,Personal Loan,4077404,10.07,120,54041.37,2024-03-16,2032-10-19,Defaulted
LOAN005811,CUST012404,Education Loan,4599013,7.64,84,70859.12,2020-10-22,2022-04-09,Defaulted
LOAN005812,CUST002885,Education Loan,2632550,10.29,12,231798.19,2019-04-05,2020-12-16,Active
LOAN005813,CUST003715,Education Loan,3095851,9.25,24,141788.53,2023-08-17,2030-03-22,Defaulted
LOAN005814,CUST014508,Personal Loan,1954309,10.49,84,32940.78,2020-09-10,2035-11-10,Active
LOAN005815,CUST003481,Education Loan,4428644,12.03,84,78248.74,2021-11-27,2037-10-16,Defaulted
LOAN005816,CUST010632,Education Loan,4822286,9.82,84,79607.87,2018-01-12,2038-09-25,Defaulted
LOAN005817,CUST005070,Home Loan,3614573,13.41,120,54847.07,2017-10-11,2041-10-28,Active
LOAN005818,CUST017250,Education Loan,857291,12.21,120,12403.93,2020-05-22,2045-05-26,Defaulted
LOAN005819,CUST003028,Education Loan,3500897,12.81,60,79316.07,2017-08-02,2024-04-18,Active
LOAN005820,CUST015183,Gold Loan,1937373,9.35,84,31515.77,2019-04-24,2028-06-19,Defaulted
LOAN005821,CUST013357,Education Loan,1594612,13.82,84,29724.71,2022-01-03,2038-09-19,Closed
LOAN005822,CUST009984,Gold Loan,3475583,13.61,180,45378.68,2016-10-14,2021-04-03,Active
LOAN005823,CUST014274,Car Loan,925290,11.43,60,20317.04,2023-11-02,2038-10-16,Defaulted
LOAN005824,CUST010134,Education Loan,4388628,13.55,24,209778.92,2017-04-27,2029-02-04,Active
LOAN005825,CUST010317,Home Loan,3558851,7.96,60,72092.56,2022-12-17,2028-12-22,Closed
LOAN005826,CUST006098,Home Loan,360641,8.09,36,11316.16,2017-06-14,2023-02-07,Closed
LOAN005827,CUST005466,Education Loan,3215239,7.81,120,38687.67,2022-05-09,2027-01-20,Active
LOAN005828,CUST007614,Education Loan,3756160,8.13,240,31722.6,2023-04-14,2037-12-28,Defaulted
LOAN005829,CUST004706,Home Loan,2960616,8.42,180,29015.69,2021-11-10,2031-12-26,Active
LOAN005830,CUST012588,Home Loan,1711411,9.93,60,36303.51,2022-09-19,2027-10-31,Active
LOAN005831,CUST006490,Car Loan,3040403,11.97,36,100941.33,2017-03-10,2040-06-12,Active
LOAN005832,CUST000569,Education Loan,2800972,13.92,36,95621.79,2020-08-19,2029-04-15,Closed
LOAN005833,CUST018328,Personal Loan,606718,13.77,180,7986.38,2022-01-27,2031-04-28,Active
LOAN005834,CUST017095,Home Loan,2130657,7.87,36,66639.34,2023-09-03,2028-08-07,Active
LOAN005835,CUST005888,Gold Loan,4186801,11.43,36,137924.63,2018-07-21,2026-11-16,Closed
LOAN005836,CUST015056,Education Loan,4863385,12.58,180,60195.72,2022-06-05,2033-09-05,Defaulted
LOAN005837,CUST017720,Home Loan,1513007,8.58,60,31100.03,2020-08-06,2034-06-12,Defaulted
LOAN005838,CUST014265,Car Loan,1539936,11.37,60,33766.79,2020-11-19,2039-07-12,Closed
LOAN005839,CUST013312,Car Loan,3776311,11.33,60,82729.0,2021-06-02,2043-08-30,Closed
LOAN005840,CUST016374,Personal Loan,4287927,8.92,12,374826.49,2022-02-12,2029-12-26,Active
LOAN005841,CUST004716,Personal Loan,2709034,13.75,60,62683.92,2019-11-07,2031-10-05,Defaulted
LOAN005842,CUST011888,Home Loan,2668137,7.79,84,41307.55,2020-05-22,2038-01-12,Closed
LOAN005843,CUST010243,Education Loan,4020022,8.09,240,33850.59,2017-04-04,2035-10-26,Defaulted
LOAN005844,CUST002334,Personal Loan,137161,11.35,12,12144.92,2022-08-20,2023-02-16,Closed
LOAN005845,CUST002456,Education Loan,3773777,14.12,240,47256.96,2018-08-22,2020-10-22,Closed
LOAN005846,CUST019468,Personal Loan,808649,14.33,84,15301.89,2025-07-23,2036-03-17,Defaulted
LOAN005847,CUST010403,Personal Loan,4304711,13.31,60,98629.88,2016-12-03,2033-07-01,Closed
LOAN005848,CUST019053,Gold Loan,1580854,12.78,180,19773.34,2023-11-06,2031-01-22,Defaulted
LOAN005849,CUST002526,Car Loan,3921490,8.75,12,342485.63,2018-04-18,2028-05-24,Active
LOAN005850,CUST001685,Car Loan,4042004,8.55,12,352636.3,2018-07-17,2034-06-24,Closed
LOAN005851,CUST009225,Home Loan,1226091,8.43,120,15155.91,2023-01-22,2037-11-13,Defaulted
LOAN005852,CUST010920,Gold Loan,3919234,7.66,36,122200.75,2020-05-25,2030-08-13,Closed
LOAN005853,CUST005497,Gold Loan,3665968,14.2,12,329501.78,2023-08-16,2046-06-29,Active
LOAN005854,CUST005536,Gold Loan,3609050,14.41,120,56929.54,2021-12-06,2038-01-19,Active
LOAN005855,CUST013698,Car Loan,2056312,8.54,60,42228.04,2017-08-15,2036-12-12,Closed
LOAN005856,CUST004455,Gold Loan,652255,8.54,24,29660.63,2016-08-11,2039-11-23,Active
LOAN005857,CUST015554,Home Loan,849762,9.97,60,18042.39,2019-06-12,2034-12-25,Active
LOAN005858,CUST009211,Personal Loan,4197111,7.66,60,84420.97,2023-06-02,2044-05-04,Active
LOAN005859,CUST011522,Home Loan,4019077,11.78,240,43638.62,2020-11-07,2029-02-03,Active
LOAN005860,CUST008560,Education Loan,4432678,12.98,12,395873.13,2024-12-22,2037-07-17,Defaulted
LOAN005861,CUST019586,Gold Loan,1150956,9.49,84,18805.31,2024-06-02,2041-10-05,Defaulted
LOAN005862,CUST018596,Education Loan,4806285,12.5,84,86134.58,2016-11-10,2018-08-30,Defaulted
LOAN005863,CUST014611,Car Loan,3937570,8.64,36,124554.98,2024-05-30,2036-01-05,Defaulted
LOAN005864,CUST002614,Education Loan,2894005,13.38,24,138103.39,2018-06-12,2021-10-20,Closed
LOAN005865,CUST010301,Gold Loan,2029188,11.25,120,28240.0,2016-08-17,2035-05-10,Closed
LOAN005866,CUST009877,Car Loan,667508,13.75,24,31970.21,2021-07-14,2041-08-18,Active
LOAN005867,CUST013092,Gold Loan,3985689,9.89,84,65940.84,2024-06-06,2030-01-17,Defaulted
LOAN005868,CUST005365,Personal Loan,1168926,12.15,180,14142.08,2019-10-05,2023-11-18,Closed
LOAN005869,CUST011779,Education Loan,4584283,11.6,24,214942.78,2021-03-05,2021-05-30,Defaulted
LOAN005870,CUST001992,Car Loan,1929921,10.95,180,21874.87,2017-06-01,2032-08-10,Active
LOAN005871,CUST019220,Education Loan,1634919,8.4,240,14084.9,2021-09-03,2037-06-13,Active
LOAN005872,CUST003947,Education Loan,1551436,11.48,120,21794.74,2025-03-10,2038-11-30,Defaulted
LOAN005873,CUST001576,Personal Loan,4848421,12.37,180,59348.28,2016-09-25,2037-06-20,Active
LOAN005874,CUST001584,Personal Loan,3352131,10.93,24,156126.66,2019-12-28,2034-04-26,Closed
LOAN005875,CUST001521,Education Loan,4905651,13.08,240,57753.23,2019-10-19,2033-06-14,Closed
LOAN005876,CUST012042,Education Loan,2921327,12.88,12,260760.53,2018-09-03,2037-07-02,Active
LOAN005877,CUST001618,Car Loan,1130275,11.77,24,53084.65,2017-01-31,2033-01-05,Closed
LOAN005878,CUST000492,Car Loan,4439295,10.39,12,391090.24,2020-06-22,2028-03-25,Closed
LOAN005879,CUST003930,Education Loan,506935,11.95,60,11263.68,2019-10-21,2036-05-10,Defaulted
LOAN005880,CUST014041,Gold Loan,2121431,10.45,12,186951.78,2017-05-24,2040-06-05,Defaulted
LOAN005881,CUST008263,Gold Loan,3328930,14.47,120,52631.97,2025-02-08,2034-11-25,Active
LOAN005882,CUST004447,Car Loan,1756125,14.12,36,60122.59,2021-07-23,2022-10-11,Active
LOAN005883,CUST001331,Car Loan,2360975,8.43,24,107244.13,2017-04-15,2024-12-05,Closed
LOAN005884,CUST005417,Education Loan,1368754,8.79,24,62399.37,2020-12-21,2021-01-02,Active
LOAN005885,CUST008592,Car Loan,4497879,8.05,36,141050.95,2023-05-16,2024-06-24,Closed
LOAN005886,CUST006078,Personal Loan,486928,8.07,12,42372.86,2019-06-04,2031-06-24,Active
LOAN005887,CUST015978,Personal Loan,2115391,14.26,180,28542.02,2018-01-26,2042-06-03,Defaulted
LOAN005888,CUST010822,Home Loan,3423779,9.91,24,157847.85,2016-09-10,2037-06-30,Active
LOAN005889,CUST005059,Gold Loan,1992269,9.53,180,20839.84,2018-07-19,2041-10-24,Closed
LOAN005890,CUST003583,Car Loan,184613,10.52,36,6002.11,2024-07-28,2045-07-12,Closed
LOAN005891,CUST006393,Car Loan,2034853,11.49,60,44741.51,2024-04-10,2035-04-08,Defaulted
LOAN005892,CUST018920,Home Loan,2541808,14.22,36,87144.82,2019-01-02,2045-06-23,Active
LOAN005893,CUST018989,Education Loan,3634545,12.05,60,80940.31,2020-07-20,2045-04-27,Closed
LOAN005894,CUST002319,Home Loan,1555563,7.58,60,31229.46,2025-04-20,2035-04-01,Closed
LOAN005895,CUST016529,Car Loan,1947768,11.81,180,23138.93,2020-06-17,2025-01-11,Active
LOAN005896,CUST000406,Personal Loan,2995238,10.85,120,41005.5,2017-08-05,2036-10-07,Closed
LOAN005897,CUST000220,Gold Loan,1089093,13.2,36,36800.85,2022-02-27,2036-03-18,Active
LOAN005898,CUST004124,Home Loan,2686016,11.07,240,27852.82,2020-06-26,2021-09-12,Active
LOAN005899,CUST017837,Gold Loan,570893,14.49,240,7303.23,2022-03-10,2032-08-21,Defaulted
LOAN005900,CUST009718,Home Loan,3948137,13.6,180,51522.23,2019-02-15,2042-04-05,Closed
LOAN005901,CUST015580,Home Loan,291173,11.01,120,4012.56,2023-05-11,2024-08-21,Active
LOAN005902,CUST016699,Gold Loan,2366146,11.57,12,209753.53,2018-07-04,2021-07-10,Defaulted
LOAN005903,CUST002038,Car Loan,2351774,14.41,12,211612.96,2023-02-26,2034-01-13,Closed
LOAN005904,CUST001023,Car Loan,2073750,11.43,36,68314.98,2020-05-02,2024-10-21,Active
LOAN005905,CUST011977,Gold Loan,628508,8.15,60,12789.04,2025-04-13,2036-07-30,Closed
LOAN005906,CUST015376,Gold Loan,4008196,10.59,84,67769.07,2021-02-12,2024-02-03,Active
LOAN005907,CUST010877,Personal Loan,239949,10.26,240,2357.04,2020-11-23,2036-06-27,Defaulted
LOAN005908,CUST000267,Personal Loan,418588,8.36,36,13186.65,2018-11-30,2039-04-23,Active
LOAN005909,CUST010435,Gold Loan,4108540,9.31,36,131244.05,2017-06-25,2039-01-23,Active
LOAN005910,CUST011093,Personal Loan,1313736,13.38,180,16951.77,2023-09-25,2031-11-26,Closed
LOAN005911,CUST010782,Gold Loan,4498867,12.86,12,401531.1,2023-09-08,2025-03-13,Closed
LOAN005912,CUST003828,Education Loan,4371868,13.79,120,67329.51,2024-01-16,2028-03-01,Active
LOAN005913,CUST018363,Gold Loan,1760147,13.36,12,157508.98,2020-01-11,2027-07-13,Defaulted
LOAN005914,CUST006181,Car Loan,2647263,14.49,36,91108.47,2021-07-04,2024-07-03,Active
LOAN005915,CUST009071,Car Loan,518806,7.78,120,6234.4,2019-01-19,2033-01-08,Closed
LOAN005916,CUST011975,Gold Loan,3255595,12.31,24,153723.89,2021-04-12,2038-07-02,Closed
LOAN005917,CUST002743,Car Loan,4933869,11.86,12,438045.21,2023-07-26,2043-03-23,Active
LOAN005918,CUST004666,Education Loan,4772342,8.47,84,75505.15,2019-08-13,2022-01-05,Active
LOAN005919,CUST015857,Gold Loan,3916779,13.16,84,71595.04,2022-05-18,2041-01-04,Closed
LOAN005920,CUST001264,Car Loan,4752675,13.57,180,61926.27,2019-05-18,2028-05-28,Closed
LOAN005921,CUST013552,Car Loan,3638792,11.11,240,37831.97,2024-06-05,2031-10-06,Defaulted
LOAN005922,CUST003585,Car Loan,1120399,8.65,240,9829.71,2019-01-22,2042-07-14,Defaulted
LOAN005923,CUST008914,Education Loan,2885061,8.86,12,252115.58,2024-11-10,2028-02-02,Defaulted
LOAN005924,CUST007956,Car Loan,2468382,13.78,36,84099.93,2018-12-12,2024-08-10,Active
LOAN005925,CUST018249,Home Loan,270708,8.35,12,23592.29,2022-01-15,2032-04-15,Closed
LOAN005926,CUST015599,Home Loan,1729888,11.77,24,81246.15,2024-04-03,2026-08-23,Closed
LOAN005927,CUST004763,Personal Loan,2933252,8.89,12,256367.62,2024-03-29,2036-12-30,Defaulted
LOAN005928,CUST010888,Personal Loan,4490037,12.31,36,149799.16,2021-05-19,2025-01-23,Defaulted
LOAN005929,CUST001669,Car Loan,393688,13.69,120,6039.49,2023-10-28,2024-03-04,Active
LOAN005930,CUST014964,Personal Loan,3865378,12.08,240,42776.92,2022-10-05,2024-02-12,Active
LOAN005931,CUST016653,Gold Loan,1735934,7.8,84,26883.99,2020-05-09,2026-12-06,Active
LOAN005932,CUST016717,Education Loan,2381836,9.99,60,50595.26,2025-03-08,2041-09-15,Active
LOAN005933,CUST016578,Education Loan,1486380,7.59,60,29847.62,2024-12-09,2035-11-25,Active
LOAN005934,CUST015478,Gold Loan,355320,10.99,240,3665.15,2021-11-11,2043-06-10,Active
LOAN005935,CUST016480,Personal Loan,3534488,11.25,12,312796.23,2022-07-10,2032-08-02,Active
LOAN005936,CUST016785,Home Loan,4888143,13.48,240,58947.87,2022-08-12,2025-07-07,Active
LOAN005937,CUST007559,Education Loan,3821351,8.6,24,173876.95,2021-06-20,2031-04-18,Defaulted
LOAN005938,CUST012780,Home Loan,2410516,13.07,180,30609.98,2022-11-08,2025-05-12,Active
LOAN005939,CUST003834,Gold Loan,1875484,10.61,84,31729.56,2019-09-20,2046-06-24,Defaulted
LOAN005940,CUST007049,Gold Loan,1480707,10.37,84,24865.49,2024-09-04,2043-12-18,Closed
LOAN005941,CUST010263,Car Loan,739939,9.44,24,33953.5,2023-06-16,2027-03-21,Defaulted
LOAN005942,CUST004709,Car Loan,3365965,10.47,12,296658.08,2021-11-20,2032-08-23,Closed
LOAN005943,CUST019285,Home Loan,4394446,9.19,60,91627.23,2019-09-23,2021-09-29,Active
LOAN005944,CUST008575,Gold Loan,490480,9.18,180,5027.43,2018-04-12,2034-08-29,Defaulted
LOAN005945,CUST005441,Gold Loan,3583376,10.09,240,34794.3,2016-10-02,2023-06-05,Closed
LOAN005946,CUST008764,Education Loan,747722,11.81,24,35131.56,2024-04-11,2036-04-13,Defaulted
LOAN005947,CUST005964,Car Loan,566298,7.68,84,8736.43,2025-03-28,2043-08-06,Defaulted
LOAN005948,CUST019132,Car Loan,2793842,13.7,12,250456.82,2023-10-04,2037-09-03,Defaulted
LOAN005949,CUST016096,Gold Loan,3307845,9.0,84,53220.18,2024-05-28,2031-07-07,Active
LOAN005950,CUST008952,Car Loan,1353909,8.96,84,21755.67,2020-01-26,2028-01-21,Defaulted
LOAN005951,CUST017009,Gold Loan,1029270,7.63,240,8373.74,2017-11-11,2026-03-28,Active
LOAN005952,CUST014769,Car Loan,1425661,10.02,240,13776.83,2022-12-14,2043-04-05,Defaulted
LOAN005953,CUST000759,Education Loan,765023,13.96,24,36716.51,2018-03-08,2025-01-08,Defaulted
LOAN005954,CUST011418,Car Loan,3221292,14.21,180,43354.72,2018-12-20,2042-06-30,Active
LOAN005955,CUST007308,Car Loan,4675639,11.83,36,154918.76,2019-12-10,2025-05-08,Defaulted
LOAN005956,CUST015179,Car Loan,602542,12.98,60,13703.51,2023-05-16,2035-11-11,Closed
LOAN005957,CUST013039,Personal Loan,4380266,8.34,60,89530.46,2020-05-08,2025-06-24,Active
LOAN005958,CUST003593,Gold Loan,4298309,13.11,120,64457.55,2024-02-27,2038-03-15,Defaulted
LOAN005959,CUST014346,Gold Loan,726162,9.14,60,15123.32,2024-08-18,2040-08-16,Defaulted
LOAN005960,CUST014564,Home Loan,3963650,9.54,120,51375.51,2018-12-14,2032-11-01,Defaulted
LOAN005961,CUST012051,Personal Loan,2356221,9.5,12,206601.73,2017-01-02,2036-10-21,Closed
LOAN005962,CUST016873,Gold Loan,1422185,11.78,180,16867.84,2023-09-19,2039-04-02,Defaulted
LOAN005963,CUST014268,Personal Loan,362640,12.2,180,4399.06,2021-08-14,2035-12-10,Active
LOAN005964,CUST005089,Home Loan,313044,11.68,84,5472.65,2020-05-07,2029-10-05,Defaulted
LOAN005965,CUST019817,Gold Loan,176782,10.19,84,2952.17,2019-03-04,2028-10-30,Closed
LOAN005966,CUST005618,Gold Loan,666349,13.98,120,10338.15,2021-04-30,2031-06-25,Closed
LOAN005967,CUST007552,Home Loan,3881584,11.26,84,66994.0,2022-08-18,2027-09-12,Active
LOAN005968,CUST000896,Gold Loan,1986386,8.79,60,41031.95,2025-03-31,2033-02-07,Defaulted
LOAN005969,CUST019042,Gold Loan,3868468,14.2,84,72923.21,2022-12-14,2041-02-20,Defaulted
LOAN005970,CUST008668,Gold Loan,142057,10.33,24,6576.87,2018-05-31,2031-12-13,Closed
LOAN005971,CUST019991,Education Loan,3879376,8.33,180,37816.16,2018-12-07,2038-01-12,Closed
LOAN005972,CUST001226,Personal Loan,3140203,12.25,36,104675.03,2016-09-14,2028-12-08,Closed
LOAN005973,CUST016191,Education Loan,4931622,11.72,36,163141.68,2021-10-19,2040-03-14,Active
LOAN005974,CUST018455,Gold Loan,2163018,9.47,24,99284.02,2024-02-04,2033-04-13,Closed
LOAN005975,CUST003334,Personal Loan,3570266,8.51,60,73266.68,2020-06-20,2021-12-13,Active
LOAN005976,CUST004755,Home Loan,4298419,11.02,12,379941.5,2020-03-11,2034-08-16,Active
LOAN005977,CUST003620,Gold Loan,3527182,11.71,60,77944.3,2018-05-24,2036-10-23,Defaulted
LOAN005978,CUST013434,Car Loan,2144969,12.9,120,31900.3,2018-03-04,2032-02-23,Defaulted
LOAN005979,CUST016485,Gold Loan,840672,13.97,120,13037.65,2017-11-29,2019-03-04,Defaulted
LOAN005980,CUST011834,Gold Loan,3680952,8.09,24,166630.62,2020-05-06,2031-05-17,Closed
LOAN005981,CUST010985,Home Loan,2449479,8.57,180,24221.6,2017-10-18,2039-08-07,Active
LOAN005982,CUST006527,Education Loan,2158064,14.15,12,193918.69,2025-05-26,2037-08-09,Active
LOAN005983,CUST014182,Education Loan,987011,13.09,120,14789.58,2019-07-11,2043-06-08,Defaulted
LOAN005984,CUST004861,Gold Loan,1094613,14.17,180,14702.65,2018-04-22,2035-09-23,Active
LOAN005985,CUST018141,Education Loan,3877508,11.24,180,44657.76,2017-06-07,2026-11-09,Defaulted
LOAN005986,CUST019655,Personal Loan,2445777,8.95,180,24734.0,2024-02-22,2036-11-26,Closed
LOAN005987,CUST008391,Gold Loan,4692745,7.91,120,56713.02,2024-05-11,2036-09-10,Active
LOAN005988,CUST002223,Home Loan,2953144,13.75,12,264807.04,2024-12-17,2036-12-05,Active
LOAN005989,CUST004680,Education Loan,2856706,10.45,240,28424.9,2018-11-18,2032-10-25,Closed
LOAN005990,CUST008487,Car Loan,4290150,14.19,180,57682.39,2022-02-22,2043-04-30,Closed
LOAN005991,CUST003797,Personal Loan,1297232,8.33,84,20432.87,2025-01-23,2028-02-08,Closed
LOAN005992,CUST002228,Home Loan,3251875,12.64,120,47865.94,2020-12-28,2025-04-17,Closed
LOAN005993,CUST015388,Personal Loan,3953109,10.21,84,66056.02,2019-07-29,2037-02-20,Active
LOAN005994,CUST000946,Home Loan,572908,9.81,60,12119.11,2021-10-01,2027-09-29,Closed
LOAN005995,CUST001275,Gold Loan,2621829,12.55,24,124093.08,2019-12-14,2031-07-20,Active
LOAN005996,CUST004465,Gold Loan,201567,8.42,24,9154.99,2021-06-17,2025-01-25,Active
LOAN005997,CUST015657,Gold Loan,4454381,7.7,84,68763.04,2022-11-13,2034-07-29,Active
LOAN005998,CUST019147,Car Loan,4844723,9.04,240,43713.94,2022-06-07,2031-08-20,Defaulted
LOAN005999,CUST010568,Education Loan,687558,7.65,240,5602.15,2017-09-14,2030-05-21,Closed
LOAN006000,CUST009166,Gold Loan,2354193,11.05,240,24379.87,2024-11-11,2046-01-24,Active
LOAN006001,CUST017219,Gold Loan,627500,8.5,60,12874.12,2021-03-10,2037-06-13,Defaulted
LOAN006002,CUST015189,Gold Loan,4706277,10.92,24,219174.64,2024-11-06,2042-05-19,Defaulted
LOAN006003,CUST011296,Gold Loan,2781624,11.63,60,61356.86,2021-01-26,2029-10-19,Active
LOAN006004,CUST019773,Car Loan,4217250,12.49,24,199486.99,2017-02-05,2043-05-13,Defaulted
LOAN006005,CUST013073,Personal Loan,598452,12.19,24,28224.34,2018-07-01,2018-11-06,Closed
LOAN006006,CUST019922,Gold Loan,445085,11.71,120,6311.28,2016-09-01,2033-09-02,Active
LOAN006007,CUST006650,Education Loan,3980283,12.66,36,133460.56,2025-04-24,2042-06-30,Closed
LOAN006008,CUST011582,Home Loan,1329831,9.94,12,116876.17,2017-03-11,2026-11-06,Active
LOAN006009,CUST008077,Personal Loan,4570076,14.33,120,71867.52,2018-07-27,2026-01-23,Active
LOAN006010,CUST010912,Personal Loan,1867713,11.63,60,41197.88,2022-04-10,2035-10-08,Closed
LOAN006011,CUST002789,Gold Loan,4770743,12.92,60,108353.79,2020-07-06,2030-01-22,Defaulted
LOAN006012,CUST004902,Personal Loan,3626131,13.64,180,47416.83,2017-01-18,2023-11-23,Active
LOAN006013,CUST001181,Car Loan,3021432,13.32,60,69242.82,2022-05-06,2045-08-15,Defaulted
LOAN006014,CUST009263,Education Loan,2614370,7.62,120,31197.02,2023-11-23,2024-05-31,Closed
LOAN006015,CUST016778,Home Loan,4248165,11.78,84,74492.84,2020-05-02,2021-08-14,Defaulted
LOAN006016,CUST006498,Personal Loan,3008828,13.14,120,45173.83,2020-06-08,2021-02-11,Active
LOAN006017,CUST006888,Personal Loan,4465559,10.41,240,44313.6,2018-04-10,2034-06-09,Defaulted
LOAN006018,CUST005423,Car Loan,4893707,10.83,12,432125.98,2024-04-23,2034-10-05,Closed
LOAN006019,CUST003494,Car Loan,3331251,14.43,120,52587.88,2020-07-28,2028-03-08,Closed
LOAN006020,CUST012464,Gold Loan,4413656,8.18,120,53970.54,2022-08-30,2040-12-13,Closed
LOAN006021,CUST001460,Car Loan,3764540,9.84,120,49415.73,2022-08-22,2036-11-19,Closed
LOAN006022,CUST006456,Car Loan,1576952,7.52,84,24203.29,2025-03-09,2031-07-05,Closed
LOAN006023,CUST007248,Home Loan,2056253,10.12,36,66465.41,2017-07-26,2038-03-01,Active
LOAN006024,CUST005359,Car Loan,4915236,13.78,240,60338.2,2023-07-14,2039-07-17,Closed
LOAN006025,CUST015422,Car Loan,3454750,13.87,180,45706.99,2018-04-24,2031-02-15,Active
LOAN006026,CUST017682,Car Loan,1884211,9.99,120,24889.55,2017-09-09,2031-09-08,Defaulted
LOAN006027,CUST006701,Gold Loan,4017441,13.63,120,61486.74,2024-04-04,2046-03-23,Defaulted
LOAN006028,CUST011153,Gold Loan,4563703,14.48,24,220152.82,2019-10-04,2030-07-18,Closed
LOAN006029,CUST012845,Personal Loan,4997551,8.49,120,61935.76,2017-11-15,2042-05-24,Defaulted
LOAN006030,CUST012632,Personal Loan,2557839,13.32,120,38675.57,2020-06-22,2042-02-11,Active
LOAN006031,CUST001587,Personal Loan,3066507,11.11,180,35065.93,2017-05-05,2030-09-20,Closed
LOAN006032,CUST001396,Education Loan,2940485,9.79,60,62173.21,2022-01-04,2022-07-31,Defaulted
LOAN006033,CUST017850,Personal Loan,531715,9.44,240,4935.47,2023-09-22,2025-03-10,Closed
LOAN006034,CUST009869,Home Loan,3691038,12.54,84,66227.61,2018-03-05,2040-05-03,Active
LOAN006035,CUST003890,Personal Loan,2742909,14.24,24,132006.17,2022-02-17,2030-08-16,Defaulted
LOAN006036,CUST019075,Home Loan,1074594,9.84,240,10256.41,2019-04-20,2019-12-02,Active
LOAN006037,CUST018796,Home Loan,4297608,8.74,12,375314.2,2020-08-09,2024-11-21,Closed
LOAN006038,CUST013784,Gold Loan,404252,8.43,60,8280.22,2020-06-13,2021-06-05,Active
LOAN006039,CUST005621,Car Loan,598925,12.96,60,13615.12,2022-01-31,2028-11-25,Closed
LOAN006040,CUST014908,Gold Loan,4785622,13.83,60,110931.73,2024-02-23,2036-02-14,Active
LOAN006041,CUST004852,Car Loan,4099270,12.1,24,193158.36,2017-02-10,2026-02-18,Defaulted
LOAN006042,CUST011500,Home Loan,1486673,13.5,84,27451.26,2020-08-21,2021-03-07,Defaulted
LOAN006043,CUST019343,Education Loan,840649,13.57,240,10192.15,2022-08-28,2036-04-22,Active
LOAN006044,CUST015565,Car Loan,2697265,9.03,84,43437.58,2017-03-05,2028-10-19,Closed
LOAN006045,CUST014671,Gold Loan,3175730,8.45,240,27459.31,2024-07-24,2039-04-05,Closed
LOAN006046,CUST018243,Car Loan,4140032,8.71,60,85358.73,2022-10-25,2038-04-05,Closed
LOAN006047,CUST004850,Home Loan,3477256,14.5,24,167775.61,2021-04-05,2043-12-02,Closed
LOAN006048,CUST003300,Gold Loan,3244681,11.42,180,37739.17,2021-05-16,2029-08-02,Defaulted
LOAN006049,CUST011308,Gold Loan,380364,10.57,24,17652.1,2018-09-08,2023-11-13,Defaulted
LOAN006050,CUST015981,Gold Loan,1899730,12.87,240,22081.07,2024-05-12,2046-03-07,Defaulted
LOAN006051,CUST007331,Home Loan,2442598,9.45,84,39859.26,2022-12-06,2038-06-28,Closed
LOAN006052,CUST009103,Education Loan,376799,14.26,24,18137.52,2017-10-27,2034-01-21,Defaulted
LOAN006053,CUST012531,Car Loan,4433784,9.5,60,93117.72,2017-05-13,2027-04-04,Defaulted
LOAN006054,CUST013834,Gold Loan,466976,11.78,120,6640.49,2022-06-01,2028-02-22,Active
LOAN006055,CUST003033,Home Loan,1301944,9.07,240,11772.61,2017-07-29,2030-07-08,Active
LOAN006056,CUST003904,Gold Loan,4410369,14.26,240,55678.64,2020-10-31,2031-10-23,Closed
LOAN006057,CUST002095,Personal Loan,3549186,8.92,84,56959.14,2020-02-20,2027-01-20,Defaulted
LOAN006058,CUST004470,Car Loan,1988982,14.02,36,67998.01,2024-11-29,2045-01-28,Defaulted
LOAN006059,CUST002183,Education Loan,1414942,8.39,12,123338.87,2021-11-15,2027-05-27,Active
LOAN006060,CUST015969,Car Loan,4856559,13.3,120,73375.52,2023-08-31,2034-11-21,Defaulted
LOAN006061,CUST004460,Car Loan,4184838,10.17,240,40857.07,2019-07-30,2032-03-19,Active
LOAN006062,CUST018752,Car Loan,963891,9.71,36,30970.98,2024-12-31,2032-07-28,Closed
LOAN006063,CUST007734,Personal Loan,4134048,9.57,84,67715.09,2018-05-21,2031-01-21,Active
LOAN006064,CUST015457,Car Loan,2503456,10.96,60,54381.27,2020-08-01,2033-07-22,Defaulted
LOAN006065,CUST001830,Personal Loan,2825106,8.12,24,127926.57,2024-04-15,2027-07-08,Closed
LOAN006066,CUST009062,Gold Loan,2710174,10.51,12,238910.68,2019-01-23,2021-11-28,Active
LOAN006067,CUST018961,Education Loan,608224,10.07,84,10119.25,2024-03-12,2031-10-04,Defaulted
LOAN006068,CUST004786,Car Loan,1455732,11.13,240,15154.9,2018-10-12,2023-11-13,Defaulted
LOAN006069,CUST018550,Gold Loan,2357748,9.8,120,30897.28,2023-07-13,2042-07-21,Defaulted
LOAN006070,CUST006067,Gold Loan,2816086,7.51,84,43207.8,2019-01-07,2032-06-04,Closed
LOAN006071,CUST007947,Home Loan,3689464,10.74,120,50280.9,2023-05-05,2038-02-19,Active
LOAN006072,CUST002246,Home Loan,2107973,8.66,60,43411.03,2017-02-09,2018-02-05,Closed
LOAN006073,CUST001485,Education Loan,986704,13.58,12,88398.44,2018-07-05,2035-02-17,Defaulted
LOAN006074,CUST004546,Education Loan,2121268,8.24,12,184761.25,2022-05-09,2026-01-05,Active
LOAN006075,CUST018595,Car Loan,1529294,8.07,240,12858.33,2017-06-20,2028-04-13,Closed
LOAN006076,CUST018646,Car Loan,2451453,13.5,180,31827.67,2018-09-12,2029-09-18,Closed
LOAN006077,CUST003648,Personal Loan,2851271,13.34,24,136010.42,2020-07-26,2023-04-04,Defaulted
LOAN006078,CUST004930,Home Loan,4524172,7.96,12,393466.95,2018-07-14,2038-04-07,Active
LOAN006079,CUST005505,Gold Loan,3736253,13.4,60,85778.24,2023-08-27,2033-03-11,Active
LOAN006080,CUST011898,Home Loan,1512841,14.48,240,19342.16,2020-02-19,2042-04-11,Active
LOAN006081,CUST012586,Home Loan,585073,8.41,36,18444.92,2022-08-29,2043-04-06,Active
LOAN006082,CUST012958,Car Loan,4273437,11.0,84,73171.65,2018-07-29,2029-01-18,Active
LOAN006083,CUST003832,Car Loan,4833174,10.77,240,49133.16,2021-12-13,2041-03-27,Closed
LOAN006084,CUST012600,Personal Loan,1575237,9.42,240,14601.08,2025-06-09,2033-10-24,Active
LOAN006085,CUST016762,Home Loan,838994,11.36,24,39244.07,2020-02-18,2038-10-21,Defaulted
LOAN006086,CUST006715,Gold Loan,531431,12.46,84,9512.44,2023-08-27,2026-08-29,Closed
LOAN006087,CUST014523,Education Loan,562396,13.08,180,7145.3,2018-03-19,2028-01-25,Active
LOAN006088,CUST006984,Gold Loan,2086698,10.49,180,23053.4,2019-09-28,2023-07-11,Closed
LOAN006089,CUST015529,Gold Loan,737370,9.43,120,9513.15,2021-05-15,2034-03-28,Active
LOAN006090,CUST004916,Gold Loan,3431538,7.77,240,28213.52,2017-01-20,2044-07-31,Active
LOAN006091,CUST012553,Education Loan,1486128,12.53,36,49737.76,2019-09-15,2037-03-18,Active
LOAN006092,CUST019486,Personal Loan,3680380,11.93,84,64831.07,2024-09-27,2046-07-16,Active
LOAN006093,CUST016677,Gold Loan,4025864,13.68,180,52751.35,2021-09-22,2023-11-21,Defaulted
LOAN006094,CUST007279,Education Loan,1264858,12.14,12,112463.96,2019-09-12,2027-04-16,Closed
LOAN006095,CUST009646,Education Loan,3596352,9.4,84,58594.7,2024-06-18,2038-08-30,Defaulted
LOAN006096,CUST000469,Home Loan,1402431,8.04,180,13434.77,2025-01-31,2041-03-30,Defaulted
LOAN006097,CUST000028,Home Loan,3219342,11.34,180,37281.19,2020-06-03,2024-08-13,Active
LOAN006098,CUST013997,Gold Loan,4658308,11.99,24,219260.98,2019-04-28,2025-06-19,Active
LOAN006099,CUST016226,Home Loan,4008545,11.5,120,56358.32,2020-08-29,2031-02-08,Defaulted
LOAN006100,CUST004148,Car Loan,689174,12.68,60,15568.16,2024-04-04,2024-07-29,Closed
LOAN006101,CUST018616,Car Loan,3493508,14.44,120,55170.48,2017-07-11,2018-09-02,Closed
LOAN006102,CUST000806,Home Loan,1548434,14.36,240,19661.27,2024-04-25,2041-02-15,Closed
LOAN006103,CUST017005,Home Loan,4330576,10.19,240,42337.6,2018-05-27,2020-07-16,Closed
LOAN006104,CUST011553,Car Loan,3500885,10.06,36,113062.36,2023-11-12,2041-04-17,Defaulted
LOAN006105,CUST014749,Education Loan,2016495,12.53,60,45397.76,2019-01-14,2038-03-31,Active
LOAN006106,CUST012137,Education Loan,1381969,10.58,180,15344.88,2020-09-30,2040-11-09,Active
LOAN006107,CUST007542,Personal Loan,834728,11.08,60,18182.33,2024-05-16,2033-03-26,Defaulted
LOAN006108,CUST017986,Car Loan,880653,7.58,36,27426.15,2019-08-30,2023-07-20,Defaulted
LOAN006109,CUST001144,Education Loan,4989560,12.43,36,166751.4,2019-06-19,2035-08-20,Active
LOAN006110,CUST010158,Home Loan,1611058,12.62,180,19982.63,2019-02-20,2025-10-11,Active
LOAN006111,CUST002738,Home Loan,2116796,13.64,60,48859.96,2020-10-09,2033-02-04,Defaulted
LOAN006112,CUST014068,Personal Loan,882557,9.54,12,77402.09,2018-02-13,2029-08-29,Closed
LOAN006113,CUST016630,Home Loan,3230600,8.25,12,281398.39,2021-09-08,2033-03-12,Active
LOAN006114,CUST007101,Education Loan,1235696,8.43,12,107737.09,2023-12-16,2033-09-06,Closed
LOAN006115,CUST012901,Personal Loan,4429914,8.25,84,69598.64,2017-12-22,2037-07-15,Active
LOAN006116,CUST008020,Gold Loan,1173560,13.98,36,40098.1,2018-09-21,2041-02-07,Defaulted
LOAN006117,CUST006751,Car Loan,723208,10.88,24,33666.88,2016-10-10,2045-08-15,Active
LOAN006118,CUST008903,Personal Loan,1281993,12.63,180,15909.46,2022-12-04,2030-05-17,Closed
LOAN006119,CUST008493,Home Loan,2610981,7.79,36,81565.95,2020-02-03,2020-03-09,Defaulted
LOAN006120,CUST007750,Home Loan,3410311,8.49,60,69951.32,2024-06-27,2027-06-24,Defaulted
LOAN006121,CUST013912,Gold Loan,3623161,14.29,12,325807.77,2019-02-25,2044-11-15,Defaulted
LOAN006122,CUST015334,Car Loan,3796353,9.17,84,61407.86,2023-01-03,2026-09-07,Defaulted
LOAN006123,CUST007153,Education Loan,2770964,9.65,84,45501.73,2024-01-09,2039-04-29,Defaulted
LOAN006124,CUST016512,Car Loan,1222591,11.74,84,21412.45,2024-11-02,2039-03-12,Closed
LOAN006125,CUST003743,Gold Loan,3274296,9.74,60,69150.97,2019-06-01,2044-05-08,Defaulted
LOAN006126,CUST000084,Gold Loan,2866149,8.07,180,27506.36,2019-12-11,2032-03-25,Active
LOAN006127,CUST017151,Education Loan,4492524,10.51,24,208366.28,2018-01-15,2023-01-06,Closed
LOAN006128,CUST000926,Gold Loan,4538018,13.48,84,83744.28,2021-12-12,2043-12-15,Defaulted
LOAN006129,CUST015311,Education Loan,4622735,9.81,84,76289.81,2022-04-05,2029-10-19,Active
LOAN006130,CUST012228,Education Loan,1354437,11.08,24,63177.7,2024-03-27,2027-10-08,Defaulted
LOAN006131,CUST010270,Personal Loan,4937134,12.27,12,439282.22,2025-03-10,2034-06-17,Defaulted
LOAN006132,CUST016079,Education Loan,4221727,13.9,120,65295.65,2021-08-20,2022-08-03,Active
LOAN006133,CUST008871,Car Loan,1889671,13.14,24,89962.72,2024-04-02,2030-03-05,Defaulted
LOAN006134,CUST014118,Gold Loan,1462691,13.98,240,18167.62,2021-08-24,2028-09-14,Defaulted
LOAN006135,CUST014339,Education Loan,1001580,13.48,120,15239.56,2023-06-07,2046-07-24,Closed
LOAN006136,CUST016698,Gold Loan,2936449,9.17,12,257028.35,2019-02-14,2042-07-30,Closed
LOAN006137,CUST002537,Home Loan,2094596,8.63,240,18350.1,2017-04-24,2021-09-20,Closed
LOAN006138,CUST008693,Car Loan,387899,9.21,12,33960.13,2022-08-28,2042-10-31,Closed
LOAN006139,CUST016208,Education Loan,3145288,12.42,36,105100.64,2022-04-25,2031-11-30,Defaulted
LOAN006140,CUST008640,Gold Loan,1417976,9.39,240,13115.71,2020-04-30,2038-09-09,Active
LOAN006141,CUST008038,Personal Loan,3929903,10.65,12,346690.08,2021-12-04,2042-11-12,Active
LOAN006142,CUST016038,Home Loan,4220916,13.44,24,201543.49,2021-03-28,2029-07-19,Closed
LOAN006143,CUST017965,Home Loan,386020,8.76,120,4839.94,2016-12-14,2032-05-25,Active
LOAN006144,CUST013213,Home Loan,4761005,11.81,60,105449.37,2023-04-19,2024-05-27,Defaulted
LOAN006145,CUST002799,Education Loan,1379273,13.97,240,17121.5,2025-07-12,2028-04-19,Defaulted
LOAN006146,CUST011661,Personal Loan,1183501,12.77,36,39745.84,2019-08-17,2028-12-14,Closed
LOAN006147,CUST018665,Car Loan,3234960,14.23,84,61034.95,2022-09-16,2035-11-04,Closed
LOAN006148,CUST016834,Personal Loan,2497690,9.36,60,52285.42,2025-07-23,2033-01-17,Active
LOAN006149,CUST019023,Home Loan,2536998,10.2,240,24819.7,2020-10-20,2042-01-26,Defaulted
LOAN006150,CUST007069,Education Loan,3895264,7.79,180,36754.48,2021-06-14,2038-05-29,Closed
LOAN006151,CUST016277,Education Loan,3448637,10.36,180,37822.43,2022-10-09,2029-08-31,Defaulted
LOAN006152,CUST009893,Personal Loan,792322,8.8,36,25121.94,2018-01-11,2037-02-11,Active
LOAN006153,CUST005596,Home Loan,1803721,7.84,120,21731.92,2024-09-21,2041-10-24,Active
LOAN006154,CUST011656,Personal Loan,1460373,8.3,12,127238.21,2017-07-26,2019-02-12,Active
LOAN006155,CUST002325,Personal Loan,3630732,8.87,240,32363.7,2022-05-24,2043-07-16,Active
LOAN006156,CUST011771,Personal Loan,3713737,10.25,120,49592.87,2018-12-24,2035-11-01,Closed
LOAN006157,CUST011769,Car Loan,2389080,12.94,60,54285.56,2021-04-17,2039-08-22,Active
LOAN006158,CUST004864,Gold Loan,331577,8.02,120,4026.45,2017-10-05,2026-12-27,Active
LOAN006159,CUST010337,Car Loan,4742402,8.51,12,413653.23,2021-04-16,2032-05-06,Closed
LOAN006160,CUST008230,Education Loan,4878093,8.7,12,425918.1,2023-12-05,2026-09-29,Active
LOAN006161,CUST011397,Gold Loan,4252987,14.21,180,57240.1,2022-03-13,2033-04-05,Defaulted
LOAN006162,CUST005442,Education Loan,3727922,12.01,24,175503.64,2021-07-07,2041-07-22,Defaulted
LOAN006163,CUST017123,Personal Loan,4922784,7.56,60,98782.91,2019-04-18,2026-03-28,Active
LOAN006164,CUST006253,Car Loan,3336647,10.89,180,37694.07,2022-10-19,2026-08-15,Closed
LOAN006165,CUST005342,Car Loan,2427898,12.25,120,35185.07,2019-07-08,2034-07-07,Active
LOAN006166,CUST003731,Home Loan,2850302,8.73,36,90281.09,2023-04-02,2046-03-14,Active
LOAN006167,CUST008867,Home Loan,3833070,12.18,24,180758.29,2018-02-05,2021-10-11,Closed
LOAN006168,CUST011969,Car Loan,821737,8.93,84,13191.82,2017-03-22,2034-10-17,Defaulted
LOAN006169,CUST008268,Car Loan,3089035,13.18,180,39450.35,2022-08-20,2039-04-30,Closed
LOAN006170,CUST015620,Car Loan,4068130,10.11,180,43990.5,2017-12-26,2020-10-11,Closed
LOAN006171,CUST013739,Home Loan,4818580,8.37,60,98558.91,2023-08-08,2038-10-17,Closed
LOAN006172,CUST010899,Education Loan,4475690,11.16,12,395903.01,2016-11-30,2039-02-13,Closed
LOAN006173,CUST008035,Education Loan,3336103,13.86,84,62260.88,2024-09-18,2041-04-10,Defaulted
LOAN006174,CUST006825,Personal Loan,2274279,10.1,36,73491.41,2025-06-04,2032-12-14,Active
LOAN006175,CUST017953,Gold Loan,815651,8.72,240,7192.39,2016-09-11,2017-01-27,Closed
LOAN006176,CUST012795,Personal Loan,3094764,7.61,60,62174.62,2019-06-26,2036-05-18,Defaulted
LOAN006177,CUST018019,Car Loan,3268839,8.88,36,103765.74,2024-12-17,2039-07-03,Active
LOAN006178,CUST011027,Home Loan,3013947,9.9,120,39662.82,2025-03-18,2030-04-30,Closed
LOAN006179,CUST004503,Car Loan,4430636,13.44,60,101811.35,2024-07-25,2038-11-04,Active
LOAN006180,CUST003981,Gold Loan,3411931,11.43,60,74917.41,2023-06-16,2037-12-05,Closed
LOAN006181,CUST009533,Home Loan,1006559,7.59,12,87368.29,2022-09-03,2032-05-29,Active
LOAN006182,CUST014571,Gold Loan,3828531,8.78,60,79065.85,2024-03-12,2029-05-04,Closed
LOAN006183,CUST002164,Home Loan,444354,7.65,60,8935.65,2023-10-18,2036-09-04,Closed
LOAN006184,CUST012440,Gold Loan,2410393,10.08,24,111316.43,2017-08-18,2022-12-26,Closed
LOAN006185,CUST002897,Gold Loan,1040413,12.8,60,23566.21,2021-01-11,2045-06-23,Defaulted
LOAN006186,CUST018377,Car Loan,4947022,8.15,240,41841.89,2017-12-10,2030-07-28,Closed
LOAN006187,CUST016756,Car Loan,1941485,14.12,120,30284.98,2016-08-04,2029-02-03,Closed
LOAN006188,CUST015165,Personal Loan,1706887,13.96,24,81920.32,2019-11-17,2022-11-25,Active
LOAN006189,CUST010369,Gold Loan,4827337,10.64,24,224185.76,2025-04-19,2029-03-21,Active
LOAN006190,CUST019117,Car Loan,2941026,14.3,12,264481.57,2023-11-11,2030-06-22,Active
LOAN006191,CUST013821,Personal Loan,483636,14.21,180,6509.16,2018-05-23,2027-07-25,Active
LOAN006192,CUST012728,Education Loan,1993165,11.63,60,43965.09,2022-01-11,2032-08-28,Closed
LOAN006193,CUST000876,Education Loan,847218,8.8,120,10640.71,2018-11-24,2036-12-17,Closed
LOAN006194,CUST015048,Gold Loan,2696299,9.98,36,86976.67,2018-07-13,2038-02-13,Defaulted
LOAN006195,CUST014958,Personal Loan,4152418,12.11,36,138137.96,2022-02-14,2031-04-09,Active
LOAN006196,CUST008524,Home Loan,2704820,12.08,240,29933.39,2017-12-14,2043-08-22,Active
LOAN006197,CUST009016,Home Loan,4089788,7.69,180,38355.76,2018-09-16,2019-06-29,Closed
LOAN006198,CUST011356,Education Loan,982852,14.48,84,18680.25,2024-12-27,2029-08-04,Active
LOAN006199,CUST012899,Car Loan,3205488,10.09,240,31125.04,2024-12-01,2027-08-19,Closed
LOAN006200,CUST004370,Personal Loan,277758,11.11,24,12959.89,2024-05-01,2028-12-26,Active
LOAN006201,CUST003022,Gold Loan,3051964,8.57,60,62718.73,2022-01-29,2028-11-15,Closed
LOAN006202,CUST008956,Home Loan,4993813,11.01,240,51579.55,2021-08-17,2033-04-29,Closed
LOAN006203,CUST014794,Car Loan,2585518,10.11,180,27958.36,2024-10-04,2025-10-11,Active
LOAN006204,CUST006818,Home Loan,366315,10.19,180,3979.13,2018-11-19,2046-04-05,Closed
LOAN006205,CUST014036,Home Loan,4680257,10.77,240,47578.64,2022-02-07,2035-01-19,Defaulted
LOAN006206,CUST010389,Home Loan,407180,11.51,36,13429.11,2023-04-21,2035-12-06,Defaulted
LOAN006207,CUST001048,Car Loan,1570119,11.12,12,138857.62,2022-05-20,2026-07-12,Closed
LOAN006208,CUST006934,Home Loan,709208,9.85,36,22834.23,2025-03-18,2033-04-12,Active
LOAN006209,CUST016718,Personal Loan,1688744,12.22,12,150216.72,2021-12-19,2045-06-14,Active
LOAN006210,CUST010237,Gold Loan,4646133,12.09,84,82240.73,2019-11-25,2035-01-11,Closed
LOAN006211,CUST017575,Car Loan,3287912,11.16,84,56574.05,2024-10-30,2025-06-08,Defaulted
LOAN006212,CUST009154,Personal Loan,3995700,10.58,180,44366.8,2021-03-02,2035-06-10,Active
LOAN006213,CUST004354,Personal Loan,3366483,10.94,180,38136.6,2022-06-13,2039-07-23,Closed
LOAN006214,CUST019694,Personal Loan,4710918,9.62,180,49534.26,2022-02-26,2035-05-18,Defaulted
LOAN006215,CUST000795,Car Loan,2922365,7.66,12,253752.76,2022-07-17,2035-06-10,Active
LOAN006216,CUST003746,Personal Loan,948898,9.38,84,15450.52,2025-01-25,2042-05-12,Defaulted
LOAN006217,CUST007724,Home Loan,3581944,10.09,240,34780.39,2022-09-16,2045-11-10,Defaulted
LOAN006218,CUST010549,Home Loan,4973434,10.0,60,105670.77,2019-03-05,2040-05-03,Active
LOAN006219,CUST002803,Gold Loan,3853955,9.39,180,39988.54,2021-11-13,2032-02-07,Closed
LOAN006220,CUST010960,Education Loan,4977422,11.9,36,165084.01,2019-05-06,2046-03-15,Active
LOAN006221,CUST015031,Personal Loan,3740538,9.51,12,328000.88,2020-06-12,2020-08-01,Defaulted
LOAN006222,CUST013806,Home Loan,2921852,11.93,180,34935.66,2016-10-23,2020-07-25,Defaulted
LOAN006223,CUST016039,Gold Loan,1170382,8.08,36,36718.73,2017-12-02,2027-02-16,Defaulted
LOAN006224,CUST017326,Education Loan,2047980,8.62,24,93204.78,2022-03-28,2025-05-30,Active
LOAN006225,CUST002195,Personal Loan,3281895,9.69,12,288057.75,2018-06-15,2018-08-14,Defaulted
LOAN006226,CUST008300,Car Loan,3411255,13.88,120,52719.49,2019-04-25,2038-05-18,Closed
LOAN006227,CUST012309,Education Loan,1221024,12.25,240,13657.94,2022-12-16,2033-02-09,Defaulted
LOAN006228,CUST003043,Education Loan,4455306,7.9,84,69219.59,2019-07-05,2044-04-28,Active
LOAN006229,CUST010475,Personal Loan,1185436,11.34,12,104958.9,2023-10-02,2046-03-27,Closed
LOAN006230,CUST001044,Home Loan,1906988,9.43,120,24602.93,2018-01-17,2023-06-28,Defaulted
LOAN006231,CUST011748,Education Loan,4432629,11.86,84,77916.53,2016-09-28,2024-11-22,Active
LOAN006232,CUST001677,Home Loan,2965671,12.59,24,140422.95,2022-09-26,2026-06-06,Closed
LOAN006233,CUST008822,Personal Loan,653709,10.98,240,6738.61,2020-08-24,2039-09-13,Closed
LOAN006234,CUST006835,Home Loan,2659760,13.06,60,60599.44,2022-10-17,2033-04-04,Active
LOAN006235,CUST015906,Car Loan,3317106,11.33,24,155111.85,2022-08-18,2045-11-29,Closed
LOAN006236,CUST004279,Home Loan,2964128,12.24,180,36033.47,2018-12-12,2033-01-09,Defaulted
LOAN006237,CUST003836,Personal Loan,2746388,10.56,84,46391.89,2022-09-13,2037-12-01,Active
LOAN006238,CUST001881,Car Loan,165418,8.65,12,14439.21,2019-09-12,2035-06-08,Active
LOAN006239,CUST019255,Education Loan,1225366,12.7,240,14095.02,2021-03-14,2042-05-30,Active
LOAN006240,CUST006726,Home Loan,3252884,11.09,120,44974.36,2022-05-26,2046-03-10,Active
LOAN006241,CUST005026,Car Loan,323024,11.05,12,28556.93,2021-12-15,2022-09-06,Closed
LOAN006242,CUST013111,Gold Loan,4654349,10.63,240,46875.23,2018-06-17,2043-04-26,Defaulted
LOAN006243,CUST001776,Gold Loan,1966325,7.63,24,88600.1,2021-05-30,2036-04-30,Defaulted
LOAN006244,CUST016476,Education Loan,3705694,8.96,36,117771.1,2025-07-08,2028-03-15,Active
LOAN006245,CUST016993,Personal Loan,2213623,10.48,120,29844.74,2021-04-15,2038-01-20,Defaulted
LOAN006246,CUST017308,Education Loan,3892427,8.35,180,37988.79,2017-06-01,2024-08-27,Closed
LOAN006247,CUST007815,Education Loan,587384,14.34,120,9240.56,2024-12-30,2028-11-18,Active
LOAN006248,CUST008589,Home Loan,4043647,13.52,36,137261.44,2024-02-04,2040-06-29,Active
LOAN006249,CUST014981,Gold Loan,4717537,13.32,24,224990.04,2018-09-28,2038-11-19,Defaulted
LOAN006250,CUST005943,Personal Loan,4740405,12.79,84,85696.99,2024-12-24,2025-05-13,Active
LOAN006251,CUST002693,Personal Loan,201541,9.26,60,4209.14,2020-11-02,2035-12-13,Defaulted
LOAN006252,CUST009654,Education Loan,1312380,14.01,120,20384.75,2020-10-07,2027-08-12,Active
LOAN006253,CUST007885,Education Loan,4016705,8.07,240,33772.53,2023-11-22,2026-12-16,Active
LOAN006254,CUST015220,Gold Loan,3513106,13.28,12,314242.75,2018-04-02,2023-08-27,Active
LOAN006255,CUST007752,Home Loan,2988643,9.3,12,261777.2,2022-03-26,2023-10-12,Active
LOAN006256,CUST013535,Home Loan,1493194,12.88,120,22189.43,2020-09-16,2029-08-25,Closed
LOAN006257,CUST016715,Car Loan,3284491,12.02,120,47160.89,2023-04-05,2026-09-13,Defaulted
LOAN006258,CUST011981,Car Loan,3732839,11.29,12,330419.66,2021-02-02,2021-10-27,Defaulted
LOAN006259,CUST000200,Home Loan,1841459,8.27,12,160415.6,2016-11-20,2017-11-13,Closed
LOAN006260,CUST004398,Personal Loan,3301835,9.12,120,42040.98,2024-06-30,2038-09-20,Defaulted
LOAN006261,CUST014504,Personal Loan,2124233,10.42,12,187169.03,2022-10-12,2036-06-16,Active
LOAN006262,CUST000555,Home Loan,1533515,11.04,84,26289.78,2021-01-25,2045-01-23,Defaulted
LOAN006263,CUST007360,Gold Loan,3277805,11.64,240,35272.21,2018-04-10,2036-08-29,Active
LOAN006264,CUST000346,Education Loan,560286,13.28,12,50116.85,2021-10-13,2045-06-22,Closed
LOAN006265,CUST016025,Gold Loan,1084129,7.79,180,10229.5,2020-02-08,2024-08-28,Defaulted
LOAN006266,CUST010306,Home Loan,4706511,13.03,60,107159.88,2021-02-20,2039-01-18,Defaulted
LOAN006267,CUST013604,Gold Loan,2013673,11.4,24,94227.34,2019-11-16,2038-12-31,Closed
LOAN006268,CUST004177,Personal Loan,4139882,10.07,240,40142.95,2017-02-05,2036-09-15,Defaulted
LOAN006269,CUST002237,Education Loan,3543397,8.17,240,30014.38,2022-09-18,2023-05-28,Active
LOAN006270,CUST007409,Car Loan,2053250,10.76,180,23028.68,2020-01-22,2044-10-25,Active
LOAN006271,CUST006152,Education Loan,4126164,10.11,36,133352.9,2020-03-16,2024-12-25,Active
LOAN006272,CUST005844,Car Loan,1794570,8.47,84,28392.62,2022-09-18,2043-12-27,Defaulted
LOAN006273,CUST000581,Car Loan,172954,10.55,12,15249.68,2020-06-20,2042-02-12,Active
LOAN006274,CUST002155,Car Loan,1775500,9.24,12,155467.77,2020-07-17,2033-11-03,Active
LOAN006275,CUST006326,Home Loan,2013917,7.62,24,90735.37,2021-10-05,2044-10-02,Active
LOAN006276,CUST005340,Personal Loan,3167247,9.39,180,32863.27,2017-09-11,2038-07-07,Defaulted
LOAN006277,CUST014198,Personal Loan,2676443,10.23,84,44750.84,2017-03-13,2027-06-27,Defaulted
LOAN006278,CUST001792,Car Loan,2808117,12.67,24,133068.15,2017-08-03,2044-09-05,Defaulted
LOAN006279,CUST003693,Gold Loan,1249432,7.56,12,108432.11,2019-06-25,2043-03-16,Active
LOAN006280,CUST008518,Home Loan,2647471,13.78,36,90201.65,2021-02-07,2022-01-27,Defaulted
LOAN006281,CUST000832,Car Loan,2873357,13.95,24,137890.29,2018-06-18,2029-12-24,Defaulted
LOAN006282,CUST009133,Gold Loan,4593768,9.23,240,42013.27,2021-08-02,2028-08-10,Active
LOAN006283,CUST013735,Gold Loan,2595402,8.4,84,40971.65,2017-05-23,2023-03-23,Defaulted
LOAN006284,CUST014461,Gold Loan,3524479,11.13,84,60588.85,2022-10-22,2044-02-26,Defaulted
LOAN006285,CUST012185,Personal Loan,4920837,7.86,36,153883.53,2023-09-06,2045-01-31,Defaulted
LOAN006286,CUST009388,Home Loan,2860246,9.43,120,36901.35,2019-04-17,2023-06-19,Defaulted
LOAN006287,CUST002454,Personal Loan,1000236,13.62,60,23077.16,2019-11-28,2036-03-28,Defaulted
LOAN006288,CUST016918,Personal Loan,3082623,9.83,84,50904.83,2017-07-06,2032-08-06,Defaulted
LOAN006289,CUST013037,Gold Loan,1210085,14.49,180,16515.51,2021-10-31,2031-10-07,Defaulted
LOAN006290,CUST008193,Car Loan,584883,13.72,240,7154.51,2023-10-02,2034-06-03,Active
LOAN006291,CUST000361,Home Loan,4984163,9.32,12,436612.38,2019-04-11,2033-12-20,Closed
LOAN006292,CUST005008,Education Loan,4747214,11.98,240,52204.74,2020-10-10,2037-01-08,Defaulted
LOAN006293,CUST007183,Education Loan,4417741,11.32,120,61657.35,2020-01-31,2030-11-24,Closed
LOAN006294,CUST013433,Education Loan,587792,13.4,120,8915.59,2016-11-20,2024-03-10,Active
LOAN006295,CUST000290,Personal Loan,369291,10.99,84,6321.22,2020-11-25,2030-07-22,Closed
LOAN006296,CUST017464,Personal Loan,142294,8.02,12,12379.25,2021-11-21,2034-02-17,Closed
LOAN006297,CUST002376,Gold Loan,2227062,13.79,180,29345.15,2024-07-30,2031-05-27,Defaulted
LOAN006298,CUST019600,Home Loan,2139312,8.38,180,20916.44,2021-02-05,2026-02-20,Active
LOAN006299,CUST002056,Home Loan,640262,13.57,12,57357.82,2017-05-27,2025-01-26,Defaulted
LOAN006300,CUST018405,Home Loan,3302784,11.29,180,38142.97,2020-04-06,2024-07-24,Active
LOAN006301,CUST012880,Home Loan,1897450,12.18,120,27420.7,2017-05-07,2042-08-01,Active
LOAN006302,CUST005083,Car Loan,3767903,11.77,60,83377.65,2021-10-10,2040-06-30,Closed
LOAN006303,CUST010050,Gold Loan,1304617,8.24,36,41026.55,2020-04-26,2030-05-19,Closed
LOAN006304,CUST011149,Gold Loan,2417032,13.68,12,216654.58,2017-11-03,2021-10-21,Closed
LOAN006305,CUST005726,Car Loan,1420413,13.59,180,18526.58,2016-12-25,2038-09-19,Active
LOAN006306,CUST017976,Gold Loan,4921917,10.89,84,83990.81,2016-08-14,2024-09-16,Active
LOAN006307,CUST006868,Education Loan,2697556,13.46,180,34951.14,2021-10-09,2030-08-29,Active
LOAN006308,CUST008296,Education Loan,3580178,10.89,84,61094.5,2021-01-22,2037-03-21,Defaulted
LOAN006309,CUST012028,Education Loan,3095603,14.29,84,58508.68,2019-01-26,2034-07-31,Defaulted
LOAN006310,CUST009986,Car Loan,2467390,14.41,60,57937.66,2025-02-05,2046-05-24,Active
LOAN006311,CUST016214,Personal Loan,4837083,11.76,24,227156.54,2024-10-15,2037-02-10,Defaulted
LOAN006312,CUST005387,Education Loan,2324429,9.68,24,106917.62,2022-11-23,2039-04-24,Closed
LOAN006313,CUST015899,Home Loan,4443246,9.99,180,47720.17,2023-09-18,2039-07-24,Active
LOAN006314,CUST005576,Car Loan,164806,9.33,12,14437.76,2025-05-13,2041-04-15,Active
LOAN006315,CUST004561,Gold Loan,3005074,8.25,12,261754.16,2021-03-28,2046-07-30,Closed
LOAN006316,CUST017504,Car Loan,3749946,9.85,84,61963.29,2024-09-16,2042-04-04,Active
LOAN006317,CUST018294,Personal Loan,3453443,12.95,240,40336.75,2017-04-14,2022-10-23,Defaulted
LOAN006318,CUST007318,Gold Loan,2557499,14.26,60,59853.82,2025-05-18,2032-03-17,Defaulted
LOAN006319,CUST018161,Gold Loan,3417752,8.73,180,34118.32,2022-04-08,2037-04-12,Active
LOAN006320,CUST006535,Education Loan,2026571,14.31,24,97598.57,2019-01-05,2030-02-22,Active
LOAN006321,CUST011510,Car Loan,3880729,11.13,84,66713.09,2024-03-20,2032-03-22,Defaulted
LOAN006322,CUST007151,Car Loan,3823876,9.09,36,121758.47,2021-08-17,2044-05-12,Active
LOAN006323,CUST012517,Home Loan,150248,11.72,24,7053.06,2021-10-25,2032-09-08,Defaulted
LOAN006324,CUST006356,Gold Loan,602341,11.88,180,7182.67,2017-08-28,2040-09-13,Active
LOAN006325,CUST005279,Education Loan,2301534,9.02,24,105166.11,2024-01-11,2032-11-01,Defaulted
LOAN006326,CUST011042,Home Loan,2787663,12.88,12,248829.55,2019-01-22,2038-12-22,Active
LOAN006327,CUST018155,Education Loan,631601,10.58,24,29314.55,2017-03-11,2018-01-14,Defaulted
LOAN006328,CUST009444,Personal Loan,3597783,9.3,180,37135.97,2018-06-18,2043-07-24,Active
LOAN006329,CUST005134,Car Loan,4439497,9.82,240,42314.01,2016-11-30,2042-06-12,Defaulted
LOAN006330,CUST017149,Education Loan,4614334,14.25,84,87111.18,2020-05-25,2021-03-25,Closed
LOAN006331,CUST003109,Gold Loan,1964543,12.84,240,22792.55,2017-08-01,2038-06-03,Closed
LOAN006332,CUST006389,Gold Loan,4887934,11.43,180,56883.01,2020-11-07,2045-08-20,Closed
LOAN006333,CUST000864,Education Loan,120142,11.54,36,3964.09,2020-05-22,2035-06-13,Defaulted
LOAN006334,CUST003255,Education Loan,4718418,8.07,12,410600.5,2020-05-04,2030-06-01,Defaulted
LOAN006335,CUST010258,Personal Loan,2394720,10.9,120,32851.86,2018-06-15,2023-10-19,Active
LOAN006336,CUST019757,Education Loan,2172123,10.52,180,24037.56,2017-04-19,2034-12-08,Defaulted
LOAN006337,CUST009479,Car Loan,4000458,10.69,240,40451.63,2023-01-20,2042-10-19,Defaulted
LOAN006338,CUST001509,Car Loan,354593,8.13,120,4326.59,2025-03-17,2036-01-04,Defaulted
LOAN006339,CUST002873,Car Loan,682020,13.27,60,15612.48,2023-11-14,2030-11-05,Defaulted
LOAN006340,CUST015240,Personal Loan,1764149,12.57,120,25895.11,2018-07-23,2042-08-11,Defaulted
LOAN006341,CUST012705,Home Loan,841501,14.47,36,28952.98,2019-09-02,2040-11-26,Active
LOAN006342,CUST016113,Education Loan,345751,11.99,12,30717.94,2025-01-16,2030-03-19,Active
LOAN006343,CUST008380,Home Loan,2279292,10.26,120,30450.13,2017-07-20,2040-01-17,Active
LOAN006344,CUST006012,Gold Loan,2822469,11.74,12,250429.78,2016-09-12,2029-06-30,Defaulted
LOAN006345,CUST006557,Gold Loan,556678,11.7,36,18410.01,2018-02-07,2020-01-31,Defaulted
LOAN006346,CUST004125,Personal Loan,3534314,10.55,24,163989.31,2019-11-26,2036-07-15,Active
LOAN006347,CUST003439,Home Loan,3221280,9.65,24,148125.89,2020-12-23,2043-02-06,Defaulted
LOAN006348,CUST012848,Education Loan,2921810,11.16,24,136396.39,2020-11-18,2028-05-08,Active
LOAN006349,CUST010804,Education Loan,3577783,11.45,180,41681.64,2020-05-02,2027-10-27,Defaulted
LOAN006350,CUST015308,Education Loan,273758,12.91,36,9212.13,2018-11-20,2028-06-30,Closed
LOAN006351,CUST004217,Gold Loan,1011960,11.79,60,22403.25,2023-08-31,2030-09-17,Closed
LOAN006352,CUST006546,Education Loan,4341118,13.04,84,79067.89,2017-12-03,2030-06-30,Active
LOAN006353,CUST017905,Education Loan,3329268,12.97,24,158232.56,2025-04-05,2045-10-25,Closed
LOAN006354,CUST005376,Car Loan,1006970,8.87,24,45943.13,2021-08-15,2029-08-15,Closed
LOAN006355,CUST016467,Personal Loan,4242597,9.07,84,68410.29,2020-02-09,2040-06-14,Active
LOAN006356,CUST005614,Home Loan,3642314,14.33,240,46168.5,2024-07-24,2035-10-15,Defaulted
LOAN006357,CUST002735,Home Loan,3877166,13.82,84,72273.16,2023-08-10,2032-09-01,Closed
LOAN006358,CUST015295,Education Loan,1528922,9.71,36,49126.11,2025-01-16,2043-10-01,Defaulted
LOAN006359,CUST000675,Gold Loan,4733234,11.98,240,52051.0,2018-11-22,2046-05-25,Closed
LOAN006360,CUST001712,Car Loan,436886,8.03,120,5307.56,2021-08-18,2022-09-20,Defaulted
LOAN006361,CUST016206,Personal Loan,4481009,11.7,120,63514.74,2016-12-29,2027-06-16,Closed
LOAN006362,CUST019751,Gold Loan,1007493,13.53,180,13100.57,2023-06-23,2030-07-04,Active
LOAN006363,CUST007626,Home Loan,3173542,9.95,84,52602.6,2017-02-22,2020-06-30,Closed
LOAN006364,CUST004790,Personal Loan,1320585,9.49,12,115787.4,2021-09-09,2035-02-12,Closed
LOAN006365,CUST008777,Car Loan,1772734,12.32,60,39720.75,2020-08-18,2032-09-25,Defaulted
LOAN006366,CUST013647,Personal Loan,458949,8.34,180,4476.51,2018-01-10,2039-01-06,Active
LOAN006367,CUST002900,Education Loan,901410,14.3,36,30939.56,2019-04-05,2043-03-12,Closed
LOAN006368,CUST004036,Car Loan,2155039,12.89,240,25079.23,2019-03-27,2040-07-07,Active
LOAN006369,CUST012048,Gold Loan,3386707,9.6,120,44008.8,2018-02-10,2030-09-07,Active
LOAN006370,CUST004991,Home Loan,1432597,7.61,60,28781.25,2022-12-18,2031-03-26,Defaulted
LOAN006371,CUST010565,Personal Loan,3538569,9.51,240,33007.22,2020-08-21,2034-08-25,Defaulted
LOAN006372,CUST015545,Education Loan,449322,11.03,120,6197.04,2020-02-03,2024-08-14,Defaulted
LOAN006373,CUST004258,Car Loan,826216,9.79,36,26578.28,2024-07-09,2040-01-11,Closed
LOAN006374,CUST006905,Personal Loan,119607,12.78,180,1496.05,2023-12-21,2035-11-16,Defaulted
LOAN006375,CUST005474,Home Loan,3759595,12.47,36,125717.99,2020-07-16,2035-12-18,Defaulted
LOAN006376,CUST017705,Home Loan,819409,10.32,120,10974.27,2019-12-26,2026-02-03,Closed
LOAN006377,CUST014985,Personal Loan,2551236,13.63,12,228624.21,2022-04-15,2032-06-23,Closed
LOAN006378,CUST012838,Gold Loan,4537942,11.21,12,401515.49,2018-08-28,2043-10-03,Defaulted
LOAN006379,CUST001255,Education Loan,1196126,10.46,84,20142.56,2018-11-10,2044-11-06,Defaulted
LOAN006380,CUST014341,Education Loan,4839065,10.07,240,46922.67,2021-03-18,2032-09-13,Active
LOAN006381,CUST010856,Gold Loan,2353097,8.31,180,22910.55,2017-12-10,2035-04-08,Active
LOAN006382,CUST011572,Gold Loan,1617676,10.11,120,21476.37,2021-03-31,2034-01-10,Defaulted
LOAN006383,CUST019102,Education Loan,1738770,11.65,180,20478.25,2022-07-17,2042-12-17,Active
LOAN006384,CUST002123,Car Loan,2477852,12.46,180,30475.6,2019-02-13,2021-06-24,Closed
LOAN006385,CUST002674,Education Loan,4443846,14.08,60,103584.92,2020-05-03,2045-10-23,Closed
LOAN006386,CUST013015,Car Loan,2800662,8.41,120,34589.54,2021-05-09,2023-08-18,Closed
LOAN006387,CUST018043,Home Loan,3807365,13.44,180,49279.9,2020-05-26,2046-04-01,Active
LOAN006388,CUST006119,Gold Loan,3304964,7.82,120,39784.68,2018-12-28,2045-03-08,Closed
LOAN006389,CUST003954,Home Loan,397976,8.67,240,3496.67,2020-10-26,2042-12-21,Defaulted
LOAN006390,CUST001517,Car Loan,645059,11.81,120,9184.01,2020-01-05,2024-09-24,Defaulted
LOAN006391,CUST016426,Gold Loan,1323882,9.9,36,42655.82,2019-02-01,2020-01-16,Active
LOAN006392,CUST003612,Education Loan,4239814,8.86,180,42650.63,2023-03-14,2025-06-09,Defaulted
LOAN006393,CUST000792,Gold Loan,4745764,9.05,84,76475.45,2023-02-05,2032-06-25,Defaulted
LOAN006394,CUST007072,Car Loan,3400731,10.53,12,299817.21,2018-09-04,2026-08-18,Active
LOAN006395,CUST001866,Education Loan,495967,13.31,36,16785.24,2020-02-05,2021-10-08,Closed
LOAN006396,CUST006065,Education Loan,352211,7.6,24,15865.37,2017-05-17,2034-06-03,Active
LOAN006397,CUST000338,Car Loan,4435787,14.24,240,55934.81,2021-03-13,2028-11-06,Closed
LOAN006398,CUST014693,Education Loan,3238439,8.58,12,282575.92,2025-06-19,2028-04-11,Closed
LOAN006399,CUST009420,Personal Loan,2360269,13.1,240,27820.65,2017-04-25,2030-06-13,Closed
LOAN006400,CUST002345,Gold Loan,156267,11.67,24,7331.97,2022-08-19,2031-06-07,Closed
LOAN006401,CUST004005,Gold Loan,1450027,9.03,84,23351.68,2019-02-28,2038-09-08,Active
LOAN006402,CUST016311,Home Loan,2509792,14.44,120,39635.36,2020-04-01,2031-12-30,Closed
LOAN006403,CUST010598,Gold Loan,4436317,11.91,36,147158.58,2020-11-20,2029-12-27,Defaulted
LOAN006404,CUST019937,Personal Loan,485001,13.87,180,6416.65,2025-04-25,2035-06-07,Active
LOAN006405,CUST016838,Home Loan,4312700,9.58,36,138309.84,2020-01-31,2032-05-18,Active
LOAN006406,CUST005707,Car Loan,542488,11.14,36,17796.35,2017-05-20,2039-03-09,Closed
LOAN006407,CUST008940,Personal Loan,1585857,12.25,120,22982.22,2021-12-07,2041-03-20,Defaulted
LOAN006408,CUST008132,Education Loan,1521223,10.11,120,20195.85,2023-04-29,2026-04-17,Closed
LOAN006409,CUST010494,Car Loan,4729770,8.58,60,97220.94,2023-07-07,2041-04-22,Defaulted
LOAN006410,CUST006869,Education Loan,4243933,10.59,180,47149.46,2021-10-13,2023-05-14,Closed
LOAN006411,CUST012413,Car Loan,3542020,7.71,36,110520.78,2020-03-14,2032-12-10,Closed
LOAN006412,CUST006833,Education Loan,4640624,13.43,84,85510.69,2025-05-22,2035-09-18,Active
LOAN006413,CUST016503,Gold Loan,694208,12.06,24,32698.24,2019-08-02,2033-11-07,Closed
LOAN006414,CUST016540,Education Loan,1429352,8.96,180,14463.45,2020-11-03,2043-07-21,Defaulted
LOAN006415,CUST018000,Home Loan,3023622,10.56,12,266612.56,2021-07-28,2032-03-23,Defaulted
LOAN006416,CUST016557,Gold Loan,500027,12.31,120,7263.83,2023-04-07,2038-10-26,Closed
LOAN006417,CUST000034,Personal Loan,3476793,13.23,84,63685.24,2021-10-28,2044-11-10,Closed
LOAN006418,CUST001077,Car Loan,2224105,8.22,12,193697.71,2017-02-19,2037-08-09,Closed
LOAN006419,CUST000312,Personal Loan,4391431,13.55,120,67001.04,2025-07-22,2042-07-06,Active
LOAN006420,CUST018813,Gold Loan,1876539,7.78,12,163046.36,2020-04-25,2041-07-06,Active
LOAN006421,CUST016401,Home Loan,1314152,8.32,84,20692.79,2019-04-06,2039-01-11,Defaulted
LOAN006422,CUST009193,Home Loan,3551077,11.15,60,77474.93,2020-08-29,2027-10-06,Closed
LOAN006423,CUST012512,Home Loan,4075872,10.35,60,87303.83,2024-01-30,2027-12-09,Defaulted
LOAN006424,CUST005400,Gold Loan,2909641,13.11,60,66367.23,2024-03-14,2031-09-09,Defaulted
LOAN006425,CUST009955,Gold Loan,4454786,9.51,36,142720.76,2023-01-10,2026-05-24,Defaulted
LOAN006426,CUST009832,Personal Loan,2586084,10.5,84,43603.12,2020-07-22,2035-06-30,Active
LOAN006427,CUST015045,Gold Loan,1024375,12.84,12,91417.51,2023-11-27,2046-05-26,Active
LOAN006428,CUST015363,Home Loan,4093283,14.22,84,77206.49,2019-12-02,2045-07-07,Closed
LOAN006429,CUST012311,Home Loan,2819136,12.64,60,63625.67,2023-03-22,2030-04-11,Defaulted
LOAN006430,CUST000240,Personal Loan,737310,11.53,120,10378.9,2022-03-01,2031-11-22,Defaulted
LOAN006431,CUST005159,Gold Loan,3093781,7.51,60,62007.73,2018-12-14,2019-11-23,Defaulted
LOAN006432,CUST013294,Car Loan,785892,10.09,24,36297.58,2021-03-22,2033-06-22,Closed
LOAN006433,CUST000473,Home Loan,4399496,10.6,60,94780.42,2017-07-23,2036-04-27,Closed
LOAN006434,CUST012661,Gold Loan,3355730,9.99,60,71282.83,2017-12-25,2023-10-09,Defaulted
LOAN006435,CUST017089,Personal Loan,1274866,13.08,36,43004.41,2024-01-27,2034-09-02,Defaulted
LOAN006436,CUST005887,Gold Loan,465055,7.84,36,14538.83,2017-11-08,2023-12-21,Defaulted
LOAN006437,CUST012121,Car Loan,4337238,9.15,120,55295.01,2019-12-15,2045-06-22,Defaulted
LOAN006438,CUST005271,Education Loan,3268588,8.01,240,27360.13,2023-06-10,2028-04-08,Active
LOAN006439,CUST001746,Education Loan,238872,9.09,24,10922.67,2019-05-03,2037-08-31,Active
LOAN006440,CUST014636,Gold Loan,3567095,8.44,12,311022.15,2021-01-11,2033-09-01,Active
LOAN006441,CUST013035,Home Loan,452198,13.91,120,6996.67,2025-05-03,2038-08-16,Closed
LOAN006442,CUST004257,Personal Loan,4148642,10.12,24,191668.64,2017-09-11,2045-11-11,Closed
LOAN006443,CUST005281,Personal Loan,4765122,9.63,60,100379.43,2020-12-09,2024-01-02,Closed
LOAN006444,CUST012638,Car Loan,3486303,10.88,60,75592.2,2022-02-24,2045-05-20,Closed
LOAN006445,CUST012895,Personal Loan,2036422,8.56,84,32311.24,2022-11-01,2044-01-24,Active
LOAN006446,CUST014779,Personal Loan,1383346,14.07,12,124252.22,2022-12-17,2042-01-27,Defaulted
LOAN006447,CUST001025,Personal Loan,3375021,13.8,180,44493.96,2018-07-02,2040-07-17,Defaulted
LOAN006448,CUST004719,Home Loan,2763441,10.29,84,46291.53,2022-06-02,2033-08-30,Closed
LOAN006449,CUST016057,Gold Loan,2164567,8.28,84,34040.15,2018-08-27,2034-12-31,Defaulted
LOAN006450,CUST015833,Gold Loan,2435560,14.33,24,117318.31,2022-07-24,2045-04-08,Defaulted
LOAN006451,CUST002907,Car Loan,1967728,12.89,24,93447.74,2022-06-22,2038-12-20,Active
LOAN006452,CUST011921,Gold Loan,3570512,13.66,24,170857.64,2017-04-20,2037-07-12,Active
LOAN006453,CUST016349,Personal Loan,4228636,13.15,60,96539.48,2022-08-30,2045-11-21,Closed
LOAN006454,CUST014745,Gold Loan,122053,8.3,84,1920.64,2020-03-15,2020-10-12,Defaulted
LOAN006455,CUST001704,Personal Loan,3652517,8.13,60,74287.33,2018-09-09,2036-03-27,Closed
LOAN006456,CUST014592,Education Loan,4470038,8.19,240,37919.48,2019-08-03,2026-04-09,Active
LOAN006457,CUST006349,Personal Loan,224363,10.63,84,3798.13,2021-07-10,2023-06-18,Active
LOAN006458,CUST003744,Personal Loan,1351237,12.24,240,15104.99,2022-06-07,2023-01-19,Closed
LOAN006459,CUST007697,Home Loan,3868425,11.82,120,55098.88,2023-01-16,2043-03-14,Active
LOAN006460,CUST008542,Home Loan,3837926,12.77,60,86873.4,2022-03-21,2030-10-22,Defaulted
LOAN006461,CUST018837,Car Loan,1953528,11.65,120,27633.62,2024-11-08,2026-11-25,Closed
LOAN006462,CUST009055,Gold Loan,1901714,10.52,180,21045.11,2020-02-06,2027-04-20,Closed
LOAN006463,CUST017944,Home Loan,3283192,7.91,24,148355.15,2019-08-24,2040-09-21,Active
LOAN006464,CUST004204,Home Loan,3820656,10.47,84,64359.1,2023-09-22,2028-01-15,Active
LOAN006465,CUST012547,Car Loan,2073261,12.18,120,29961.4,2017-07-23,2038-01-04,Closed
LOAN006466,CUST018834,Home Loan,2345698,8.63,240,20549.92,2018-11-13,2026-07-25,Defaulted
LOAN006467,CUST018052,Car Loan,295145,11.89,60,6548.94,2022-01-16,2037-03-05,Active
LOAN006468,CUST006804,Education Loan,3764576,12.63,36,126173.58,2021-09-06,2022-11-22,Defaulted
LOAN006469,CUST011251,Car Loan,1354239,11.72,84,23703.71,2019-04-05,2035-12-13,Closed
LOAN006470,CUST008397,Gold Loan,1113944,9.42,12,97633.14,2022-11-06,2043-07-10,Active
LOAN006471,CUST008806,Personal Loan,2806931,14.11,84,52772.63,2024-11-04,2026-10-10,Active
LOAN006472,CUST011961,Car Loan,3651736,8.77,84,58327.71,2020-11-09,2046-06-16,Active
LOAN006473,CUST011431,Gold Loan,4903601,9.2,60,102267.33,2018-11-04,2035-08-12,Closed
LOAN006474,CUST012930,Education Loan,4683803,10.46,120,63096.03,2024-01-15,2028-04-16,Closed
LOAN006475,CUST009398,Education Loan,3267502,11.38,12,289366.74,2016-09-07,2038-05-13,Closed
LOAN006476,CUST006724,Car Loan,1171270,11.36,120,16373.85,2018-05-13,2029-03-29,Defaulted
LOAN006477,CUST018112,Education Loan,4496550,7.9,84,69860.38,2020-03-27,2026-10-14,Closed
LOAN006478,CUST012172,Personal Loan,3057996,14.31,36,104976.07,2022-09-04,2031-09-14,Closed
LOAN006479,CUST002358,Education Loan,4504876,13.64,120,68973.81,2018-03-27,2038-08-20,Active
LOAN006480,CUST004665,Personal Loan,2340451,12.63,120,34436.54,2023-11-02,2034-12-13,Active
LOAN006481,CUST008238,Personal Loan,1004110,14.22,36,34425.49,2017-01-22,2019-11-23,Closed
LOAN006482,CUST019921,Gold Loan,539044,9.44,24,24735.05,2024-10-03,2041-07-23,Defaulted
LOAN006483,CUST012777,Personal Loan,1052866,10.61,36,34275.35,2024-03-05,2038-04-09,Closed
LOAN006484,CUST004128,Education Loan,4023336,10.95,84,68783.59,2016-12-18,2044-10-14,Active
LOAN006485,CUST007463,Car Loan,4800312,12.06,12,426636.66,2023-02-09,2045-09-03,Closed
LOAN006486,CUST016288,Gold Loan,1244892,12.93,180,15693.6,2020-01-16,2044-05-04,Active
LOAN006487,CUST014629,Home Loan,532724,10.47,24,24698.23,2024-12-21,2033-12-27,Closed
LOAN006488,CUST005708,Education Loan,2876587,13.75,24,137773.74,2019-03-01,2032-05-15,Active
LOAN006489,CUST009407,Education Loan,3790025,10.3,120,50717.2,2023-12-07,2035-01-13,Defaulted
LOAN006490,CUST016216,Education Loan,4063132,11.82,36,134605.08,2017-10-20,2029-04-23,Closed
LOAN006491,CUST002125,Home Loan,1411163,9.71,12,123873.4,2021-03-25,2043-02-25,Closed
LOAN006492,CUST012762,Personal Loan,4516140,8.61,120,56259.71,2017-02-24,2022-12-28,Active
LOAN006493,CUST005660,Home Loan,3411783,10.73,60,73721.86,2023-02-23,2037-08-11,Active
LOAN006494,CUST006959,Education Loan,2858865,13.82,60,66254.3,2016-08-06,2024-10-14,Defaulted
LOAN006495,CUST003977,Personal Loan,563244,8.86,60,11653.79,2016-08-31,2041-09-15,Defaulted
LOAN006496,CUST000733,Education Loan,3199975,11.79,36,105964.29,2021-02-09,2028-10-16,Defaulted
LOAN006497,CUST012037,Education Loan,4523205,7.54,120,53785.72,2024-03-12,2046-03-23,Closed
LOAN006498,CUST005197,Education Loan,669959,14.35,36,23011.66,2022-07-17,2041-10-14,Closed
LOAN006499,CUST013318,Personal Loan,4305559,11.86,240,46988.35,2024-05-21,2031-02-18,Closed
LOAN006500,CUST003764,Personal Loan,4766272,11.79,60,105517.99,2020-02-22,2035-09-16,Closed
LOAN006501,CUST000080,Gold Loan,3503403,14.38,180,47554.09,2024-03-26,2027-07-07,Closed
LOAN006502,CUST004562,Home Loan,3680353,14.1,240,46033.5,2018-06-30,2021-10-25,Closed
LOAN006503,CUST002332,Gold Loan,1071080,8.05,240,8992.3,2020-11-22,2036-09-16,Active
LOAN006504,CUST004507,Gold Loan,592325,8.14,180,5708.54,2021-11-24,2031-04-02,Defaulted
LOAN006505,CUST019712,Education Loan,2822272,11.27,12,249792.66,2023-01-20,2026-02-08,Active
LOAN006506,CUST000334,Car Loan,284570,11.08,120,3932.85,2019-09-06,2020-08-25,Defaulted
LOAN006507,CUST010541,Home Loan,2436926,10.08,36,78724.31,2022-03-18,2023-06-12,Defaulted
LOAN006508,CUST005181,Personal Loan,4656851,7.88,84,72304.58,2025-04-17,2038-07-28,Closed
LOAN006509,CUST015471,Home Loan,2351117,10.32,12,207050.62,2018-04-29,2035-07-19,Defaulted
LOAN006510,CUST018126,Home Loan,2922284,13.55,180,38037.78,2017-09-26,2021-09-04,Active
LOAN006511,CUST019396,Personal Loan,3844244,10.74,12,339294.62,2020-08-13,2028-08-04,Active
LOAN006512,CUST017094,Gold Loan,4604681,8.75,84,73502.19,2021-09-26,2037-08-11,Defaulted
LOAN006513,CUST010266,Gold Loan,4104228,9.62,24,188670.27,2021-09-14,2036-06-17,Defaulted
LOAN006514,CUST002189,Personal Loan,738071,11.46,12,65390.41,2018-09-03,2031-02-09,Active
LOAN006515,CUST018563,Personal Loan,3004336,12.07,84,53147.27,2020-05-30,2026-09-04,Closed
LOAN006516,CUST009956,Home Loan,4027809,12.39,240,45449.61,2018-07-29,2026-01-09,Active
LOAN006517,CUST010008,Car Loan,2909657,13.85,120,44915.16,2019-12-24,2034-10-16,Closed
LOAN006518,CUST006178,Gold Loan,441318,9.94,12,38786.55,2019-08-27,2027-06-06,Active
LOAN006519,CUST019592,Home Loan,1970084,9.85,36,63430.42,2023-02-03,2032-01-19,Active
LOAN006520,CUST015069,Gold Loan,1687495,11.87,24,79333.84,2021-03-06,2029-03-01,Active
LOAN006521,CUST009246,Gold Loan,3285966,11.15,24,153380.71,2022-03-21,2041-02-08,Active
LOAN006522,CUST004290,Gold Loan,2225340,7.66,240,18145.53,2024-06-12,2029-01-01,Closed
LOAN006523,CUST011039,Personal Loan,2009243,8.59,24,91414.24,2025-04-03,2030-10-05,Closed
LOAN006524,CUST017087,Home Loan,4525314,13.66,240,55159.25,2019-03-24,2035-01-14,Active
LOAN006525,CUST011385,Home Loan,4186417,13.29,60,95876.49,2020-07-19,2024-01-19,Closed
LOAN006526,CUST012136,Education Loan,1799240,13.92,180,23864.59,2022-05-15,2030-03-10,Active
LOAN006527,CUST005401,Education Loan,4755196,13.13,120,71365.26,2018-04-06,2028-08-02,Active
LOAN006528,CUST000215,Home Loan,395093,9.9,84,6538.62,2021-06-26,2036-04-27,Closed
LOAN006529,CUST012900,Gold Loan,417522,13.46,180,5409.66,2023-05-20,2038-04-30,Closed
LOAN006530,CUST015806,Education Loan,1664906,7.96,180,15872.29,2024-07-17,2044-08-06,Defaulted
LOAN006531,CUST015773,Gold Loan,941584,9.93,240,9042.86,2019-01-09,2025-09-15,Closed
LOAN006532,CUST018702,Home Loan,832782,12.34,36,27795.71,2016-09-26,2034-06-21,Defaulted
LOAN006533,CUST016980,Car Loan,405966,8.19,36,12757.11,2024-10-19,2035-10-07,Active
LOAN006534,CUST019453,Personal Loan,1078869,9.17,12,94433.76,2024-09-27,2046-05-08,Active
LOAN006535,CUST003155,Personal Loan,364718,11.05,240,3777.0,2020-03-31,2021-08-25,Defaulted
LOAN006536,CUST008199,Car Loan,4495607,10.53,180,49778.04,2024-08-08,2037-06-21,Defaulted
LOAN006537,CUST008766,Car Loan,2077833,8.93,36,66006.86,2020-04-17,2034-11-04,Closed
LOAN006538,CUST005050,Education Loan,3019800,10.63,60,65101.92,2020-07-05,2043-08-25,Closed
LOAN006539,CUST000107,Home Loan,2952644,12.68,240,33921.58,2024-05-22,2035-01-30,Closed
LOAN006540,CUST008441,Home Loan,4032351,9.84,120,52931.19,2019-11-09,2025-07-26,Defaulted
LOAN006541,CUST012935,Car Loan,3350735,10.39,240,33205.85,2017-02-19,2044-10-29,Defaulted
LOAN006542,CUST003405,Gold Loan,3948021,10.13,240,38439.93,2023-11-20,2024-02-13,Closed
LOAN006543,CUST005640,Personal Loan,2085917,12.37,24,98552.16,2022-07-21,2036-08-24,Active
LOAN006544,CUST007475,Home Loan,1184298,9.09,120,15059.93,2021-12-14,2042-08-02,Defaulted
LOAN006545,CUST008285,Car Loan,3378046,12.75,36,113413.38,2018-02-03,2036-09-16,Defaulted
LOAN006546,CUST006603,Home Loan,4001937,13.77,12,358889.44,2022-11-09,2039-01-09,Closed
LOAN006547,CUST006526,Car Loan,3257610,9.37,240,30089.19,2017-01-04,2030-03-11,Defaulted
LOAN006548,CUST007803,Gold Loan,4342599,14.41,240,55299.01,2023-10-07,2033-10-09,Closed
LOAN006549,CUST006388,Home Loan,1414718,11.15,60,30865.33,2021-08-05,2033-07-24,Defaulted
LOAN006550,CUST011918,Home Loan,930860,7.93,240,7745.58,2022-02-05,2043-07-28,Defaulted
LOAN006551,CUST005097,Gold Loan,1314906,14.17,12,118166.82,2025-04-17,2043-05-17,Defaulted
LOAN006552,CUST012919,Car Loan,1749027,12.93,120,26042.69,2018-09-01,2044-11-23,Closed
LOAN006553,CUST019578,Car Loan,2377793,10.73,240,24107.89,2022-05-08,2034-10-27,Active
LOAN006554,CUST001529,Home Loan,626282,11.42,60,13748.43,2019-03-04,2026-03-19,Active
LOAN006555,CUST016757,Home Loan,1808655,11.85,12,160569.92,2024-12-03,2039-09-20,Defaulted
LOAN006556,CUST006947,Personal Loan,4312497,7.77,12,374678.89,2021-07-05,2046-07-11,Closed
LOAN006557,CUST000966,Personal Loan,3735804,11.07,24,174239.18,2018-01-19,2045-11-10,Defaulted
LOAN006558,CUST009451,Gold Loan,2909604,13.58,120,44444.53,2019-02-20,2045-09-22,Closed
LOAN006559,CUST001663,Education Loan,4583662,7.79,36,143191.67,2018-05-11,2044-10-17,Closed
LOAN006560,CUST000456,Car Loan,808182,8.57,12,70515.66,2025-06-30,2032-09-24,Closed
LOAN006561,CUST019131,Home Loan,1737109,12.72,12,154925.74,2023-09-01,2036-11-15,Closed
LOAN006562,CUST008483,Gold Loan,4596950,12.45,240,52065.87,2023-04-18,2033-01-04,Defaulted
LOAN006563,CUST015798,Car Loan,4826199,12.23,36,160829.56,2020-10-21,2030-01-13,Defaulted
LOAN006564,CUST010500,Gold Loan,2389620,12.54,180,29514.83,2019-11-21,2043-10-10,Defaulted
LOAN006565,CUST006816,Education Loan,511686,9.1,240,4636.73,2017-03-18,2039-07-01,Active
LOAN006566,CUST015051,Home Loan,3526343,10.13,24,162934.5,2018-10-26,2042-03-14,Defaulted
LOAN006567,CUST008886,Car Loan,4998483,8.14,36,156957.32,2017-08-03,2035-04-16,Defaulted
LOAN006568,CUST017414,Car Loan,986128,12.19,36,32843.12,2018-12-27,2032-01-07,Active
LOAN006569,CUST019843,Car Loan,3782231,8.46,84,59821.2,2023-02-02,2027-11-19,Closed
LOAN006570,CUST018217,Personal Loan,1634949,8.54,60,33575.01,2019-05-10,2035-11-22,Active
LOAN006571,CUST015273,Car Loan,1004993,8.57,84,15950.96,2025-01-30,2033-09-02,Closed
LOAN006572,CUST011889,Car Loan,610646,8.3,36,19220.05,2020-01-09,2025-03-09,Closed
LOAN006573,CUST011752,Home Loan,778959,7.85,180,7376.84,2021-06-01,2029-11-29,Active
LOAN006574,CUST017843,Home Loan,3035704,8.44,120,37541.04,2022-12-11,2035-06-05,Closed
LOAN006575,CUST009648,Personal Loan,4327989,13.22,60,98963.15,2019-11-09,2026-11-03,Closed
LOAN006576,CUST008843,Personal Loan,1325583,8.66,36,41943.74,2024-05-06,2042-01-29,Defaulted
LOAN006577,CUST017847,Personal Loan,1046808,10.32,120,14019.81,2025-02-19,2035-12-27,Defaulted
LOAN006578,CUST019951,Car Loan,458112,11.08,60,9978.75,2022-10-26,2022-11-24,Defaulted
LOAN006579,CUST006730,Personal Loan,2417853,8.91,60,50085.11,2025-05-27,2044-05-22,Closed
LOAN006580,CUST014951,Car Loan,4279410,11.65,36,141423.34,2021-02-24,2037-06-10,Defaulted
LOAN006581,CUST014236,Home Loan,3547571,12.07,36,117948.76,2023-07-31,2037-11-08,Defaulted
LOAN006582,CUST003647,Gold Loan,2781755,10.18,84,46439.56,2022-06-01,2040-10-16,Active
LOAN006583,CUST012107,Car Loan,3413180,12.85,120,50660.91,2022-01-23,2041-09-17,Closed
LOAN006584,CUST013271,Gold Loan,248858,12.84,240,2887.24,2016-12-28,2033-07-27,Active
LOAN006585,CUST009168,Home Loan,2348439,12.24,60,52524.99,2023-10-13,2032-03-27,Closed
LOAN006586,CUST000174,Education Loan,2262939,10.9,60,49089.0,2023-06-05,2038-06-21,Closed
LOAN006587,CUST010884,Gold Loan,4377959,14.36,24,210943.76,2017-04-30,2034-07-14,Defaulted
LOAN006588,CUST000336,Home Loan,3809956,8.29,60,77782.03,2020-05-22,2030-11-25,Defaulted
LOAN006589,CUST005152,Education Loan,1432284,11.81,240,15581.37,2022-11-06,2034-12-16,Closed
LOAN006590,CUST009296,Gold Loan,2215724,8.12,120,27023.55,2018-06-19,2036-10-07,Defaulted
LOAN006591,CUST011302,Personal Loan,638053,10.33,240,6297.5,2019-09-27,2029-11-17,Defaulted
LOAN006592,CUST016592,Home Loan,435164,10.79,36,14203.47,2018-09-15,2029-11-21,Defaulted
LOAN006593,CUST001527,Home Loan,2891971,12.62,36,96913.45,2016-12-21,2027-11-29,Closed
LOAN006594,CUST000400,Home Loan,1825656,12.26,12,162429.46,2018-01-18,2029-10-16,Defaulted
LOAN006595,CUST017001,Gold Loan,3128240,9.01,120,39644.15,2024-03-17,2035-11-03,Closed
LOAN006596,CUST005389,Car Loan,2293992,12.18,60,51237.49,2018-03-21,2036-08-16,Active
LOAN006597,CUST000750,Home Loan,3650237,14.41,180,49621.31,2025-04-21,2035-09-22,Defaulted
LOAN006598,CUST000612,Gold Loan,314827,10.32,120,4216.45,2021-07-31,2039-12-02,Defaulted
LOAN006599,CUST013638,Home Loan,2643365,13.55,12,236780.8,2025-05-26,2042-10-07,Closed
LOAN006600,CUST011618,Gold Loan,2244611,9.73,180,23751.3,2018-11-29,2024-03-25,Closed
LOAN006601,CUST007071,Personal Loan,2830018,11.18,84,48725.06,2023-02-02,2042-10-04,Active
LOAN006602,CUST013011,Gold Loan,1408004,11.02,240,14552.42,2017-11-09,2022-03-31,Defaulted
LOAN006603,CUST006689,Car Loan,4159540,7.65,240,33891.51,2024-08-18,2028-11-17,Defaulted
LOAN006604,CUST009977,Car Loan,1740385,10.97,84,29772.19,2017-02-02,2031-05-06,Defaulted
LOAN006605,CUST005176,Personal Loan,4664485,14.04,120,72536.02,2017-10-22,2034-03-30,Active
LOAN006606,CUST019354,Gold Loan,4054688,9.86,36,130567.03,2023-06-17,2038-01-10,Closed
LOAN006607,CUST013416,Personal Loan,4112059,7.97,240,34318.17,2017-08-16,2035-01-27,Defaulted
LOAN006608,CUST003088,Personal Loan,818835,8.98,24,37400.75,2022-04-13,2031-12-12,Defaulted
LOAN006609,CUST016579,Personal Loan,4488135,9.49,36,143747.22,2023-11-12,2027-07-31,Closed
LOAN006610,CUST017175,Home Loan,3761432,10.01,240,36323.56,2024-01-25,2045-12-15,Active
LOAN006611,CUST019608,Home Loan,2057198,10.69,36,67048.42,2018-03-27,2028-04-14,Active
LOAN006612,CUST003188,Gold Loan,374109,9.07,60,7778.6,2019-05-21,2022-11-29,Active
LOAN006613,CUST016882,Gold Loan,3700145,8.07,180,35510.2,2024-05-16,2028-01-06,Defaulted
LOAN006614,CUST002031,Personal Loan,1385753,8.81,60,28638.34,2024-08-13,2031-12-31,Defaulted
LOAN006615,CUST007487,Car Loan,3520965,8.26,36,110757.05,2018-10-29,2040-01-20,Defaulted
LOAN006616,CUST000246,Home Loan,2952063,7.87,12,256617.92,2017-04-16,2019-01-14,Defaulted
LOAN006617,CUST017091,Personal Loan,705358,9.68,24,32444.61,2023-09-04,2036-03-04,Closed
LOAN006618,CUST015106,Home Loan,3655713,12.28,12,325284.72,2018-11-15,2022-04-21,Active
LOAN006619,CUST019569,Gold Loan,3734272,14.49,84,70995.0,2021-12-10,2034-12-03,Closed
LOAN006620,CUST015765,Home Loan,327628,10.75,84,5566.82,2021-08-22,2033-06-17,Active
LOAN006621,CUST014874,Gold Loan,1281895,12.36,240,14437.81,2024-10-03,2036-12-29,Defaulted
LOAN006622,CUST010937,Education Loan,1814281,10.13,36,58652.54,2019-12-22,2029-09-20,Closed
LOAN006623,CUST015581,Gold Loan,2066404,9.78,12,181458.37,2019-09-28,2041-03-16,Closed
LOAN006624,CUST010353,Car Loan,2510222,12.56,60,56551.46,2016-10-07,2029-03-26,Active
LOAN006625,CUST018271,Gold Loan,289784,7.9,84,4502.21,2019-03-14,2035-10-16,Closed
LOAN006626,CUST015063,Personal Loan,4587802,13.48,84,84662.99,2018-05-25,2044-07-10,Active
LOAN006627,CUST003737,Home Loan,2470191,10.29,24,114317.7,2018-04-28,2036-09-18,Active
LOAN006628,CUST016445,Car Loan,720671,13.97,180,9582.95,2023-06-07,2024-10-13,Closed
LOAN006629,CUST008089,Car Loan,471832,12.13,36,15700.89,2017-06-10,2045-02-01,Active
LOAN006630,CUST017571,Gold Loan,879679,9.9,36,28343.48,2025-06-01,2044-12-31,Defaulted
LOAN006631,CUST015431,Education Loan,1938791,10.45,120,26106.83,2020-07-23,2041-05-20,Active
LOAN006632,CUST009854,Personal Loan,1405602,10.2,12,123705.53,2018-11-30,2032-06-09,Active
LOAN006633,CUST011210,Car Loan,4509676,8.34,12,392998.93,2021-07-20,2035-02-12,Closed
LOAN006634,CUST001563,Home Loan,3696784,14.06,24,177598.06,2024-12-09,2041-12-21,Active
LOAN006635,CUST016781,Home Loan,4471474,10.78,12,394737.58,2017-06-26,2020-04-14,Active
LOAN006636,CUST014162,Home Loan,1074289,14.02,120,16693.02,2017-12-10,2022-01-03,Defaulted
LOAN006637,CUST018963,Car Loan,269802,7.5,120,3202.6,2016-12-12,2020-05-21,Defaulted
LOAN006638,CUST005624,Home Loan,3727644,10.45,84,62753.48,2022-09-08,2045-04-14,Active
LOAN006639,CUST017824,Home Loan,846553,10.99,84,14490.6,2024-11-18,2043-09-11,Closed
LOAN006640,CUST008453,Home Loan,4194906,9.14,24,191912.77,2023-04-24,2030-08-24,Active
LOAN006641,CUST006700,Personal Loan,4586795,12.44,24,216860.05,2018-03-28,2040-08-31,Defaulted
LOAN006642,CUST002756,Personal Loan,219472,9.49,60,4608.25,2025-02-12,2036-11-16,Defaulted
LOAN006643,CUST003213,Gold Loan,2468445,13.0,120,36856.53,2024-05-17,2039-05-29,Active
LOAN006644,CUST002695,Gold Loan,2974383,14.47,12,267719.49,2024-06-16,2034-01-17,Closed
LOAN006645,CUST017842,Car Loan,1010302,10.91,84,17251.06,2021-01-14,2044-07-04,Active
LOAN006646,CUST010935,Personal Loan,4676135,10.7,60,100972.3,2017-05-24,2044-07-08,Active
LOAN006647,CUST017592,Gold Loan,4869727,13.06,120,72882.69,2017-09-11,2038-06-18,Defaulted
LOAN006648,CUST010775,Home Loan,4573349,13.99,60,106390.12,2017-06-14,2037-11-20,Defaulted
LOAN006649,CUST019940,Education Loan,1433774,10.63,12,126472.01,2019-03-14,2039-01-05,Closed
LOAN006650,CUST004722,Gold Loan,3350168,11.13,240,34876.93,2024-01-22,2027-02-07,Defaulted
LOAN006651,CUST014531,Car Loan,1980744,11.71,180,23403.96,2021-01-19,2024-09-15,Defaulted
LOAN006652,CUST015530,Personal Loan,2089236,13.93,84,39071.56,2017-11-03,2039-05-22,Closed
LOAN006653,CUST011507,Car Loan,4528131,13.63,240,55095.58,2021-02-10,2041-07-01,Closed
LOAN006654,CUST010604,Personal Loan,3613150,13.86,60,83809.66,2020-08-23,2034-12-10,Defaulted
LOAN006655,CUST005966,Personal Loan,3950005,10.38,180,43369.92,2018-07-27,2043-10-03,Closed
LOAN006656,CUST012697,Gold Loan,150143,14.0,84,2813.68,2018-04-10,2041-07-09,Closed
LOAN006657,CUST018058,Personal Loan,2253988,9.4,120,29042.79,2024-08-19,2041-07-15,Active
LOAN006658,CUST000063,Personal Loan,1922224,9.22,120,24579.38,2025-02-02,2028-03-06,Closed
LOAN006659,CUST015574,Car Loan,3171366,10.25,24,146708.66,2016-08-07,2045-09-11,Active
LOAN006660,CUST015937,Gold Loan,3500709,7.54,120,41627.16,2019-11-28,2022-10-15,Active
LOAN006661,CUST004097,Car Loan,3251641,9.34,240,29970.63,2021-12-08,2022-06-06,Defaulted
LOAN006662,CUST006460,Gold Loan,2477903,12.0,84,43741.76,2019-09-03,2023-09-09,Active
LOAN006663,CUST002214,Car Loan,3499469,13.12,24,166568.45,2018-01-12,2036-09-28,Closed
LOAN006664,CUST007164,Personal Loan,489012,9.06,180,4977.35,2021-02-17,2030-12-14,Defaulted
LOAN006665,CUST013131,Car Loan,1374209,8.32,12,119743.7,2022-01-15,2037-10-25,Defaulted
LOAN006666,CUST003337,Gold Loan,4562223,7.56,60,91547.72,2019-05-31,2045-09-23,Defaulted
LOAN006667,CUST006931,Car Loan,1032669,7.92,240,8586.31,2019-05-27,2030-12-29,Active
LOAN006668,CUST011365,Home Loan,4865088,9.33,84,79092.01,2022-11-11,2043-05-10,Closed
LOAN006669,CUST002349,Car Loan,4245778,11.58,36,140170.4,2022-02-20,2027-04-29,Active
LOAN006670,CUST010944,Personal Loan,4586055,13.55,12,410798.27,2025-01-20,2025-05-05,Active
LOAN006671,CUST010728,Gold Loan,1785504,8.1,36,56033.61,2017-07-03,2039-03-01,Defaulted
LOAN006672,CUST019038,Personal Loan,4420284,14.46,12,397841.91,2017-10-30,2029-12-12,Defaulted
LOAN006673,CUST015289,Education Loan,4631286,10.35,12,407917.89,2021-02-13,2022-05-09,Active
LOAN006674,CUST005147,Gold Loan,1885461,12.82,84,34116.0,2020-05-24,2034-03-17,Closed
LOAN006675,CUST008820,Personal Loan,4154714,9.81,240,39572.29,2025-04-30,2041-02-07,Active
LOAN006676,CUST015953,Education Loan,3820468,12.06,36,127003.72,2016-11-03,2025-07-20,Active
LOAN006677,CUST019740,Car Loan,2574760,9.9,180,27511.2,2025-05-03,2039-04-12,Defaulted
LOAN006678,CUST014051,Education Loan,1078297,10.91,36,35256.12,2023-08-31,2030-07-12,Active
LOAN006679,CUST013877,Car Loan,166839,8.89,84,2674.98,2023-08-28,2031-12-03,Defaulted
LOAN006680,CUST010905,Personal Loan,1326208,10.49,84,22353.85,2022-08-04,2025-03-06,Closed
LOAN006681,CUST015233,Education Loan,3900921,10.18,120,51940.57,2022-09-11,2033-05-03,Defaulted
LOAN006682,CUST011504,Home Loan,4580141,9.69,180,48353.46,2020-10-12,2037-05-01,Closed
LOAN006683,CUST015282,Personal Loan,4526697,8.83,240,40234.27,2020-11-01,2033-12-02,Closed
LOAN006684,CUST016026,Car Loan,1932690,7.77,12,167916.21,2023-03-29,2030-10-31,Active
LOAN006685,CUST008710,Personal Loan,3623139,13.62,240,44058.05,2019-11-23,2037-12-14,Defaulted
LOAN006686,CUST011199,Car Loan,4687664,8.38,12,408596.61,2017-10-01,2020-07-08,Closed
LOAN006687,CUST008695,Home Loan,2978447,8.05,12,259159.29,2021-08-16,2042-10-01,Active
LOAN006688,CUST002684,Home Loan,541004,8.77,24,24658.58,2024-05-12,2044-12-08,Defaulted
LOAN006689,CUST017428,Personal Loan,3180540,10.7,24,147795.49,2021-06-17,2036-12-21,Active
LOAN006690,CUST008797,Home Loan,2922212,9.75,120,38213.84,2017-06-30,2040-04-10,Defaulted
LOAN006691,CUST013116,Education Loan,2688675,10.82,36,87794.76,2020-03-10,2032-02-24,Active
LOAN006692,CUST014414,Education Loan,3816951,12.51,12,340042.8,2024-08-29,2030-06-08,Defaulted
LOAN006693,CUST004423,Home Loan,577530,10.7,240,5843.74,2023-06-14,2024-02-13,Defaulted
LOAN006694,CUST015092,Gold Loan,2580408,10.75,36,84174.08,2018-09-19,2025-05-21,Defaulted
LOAN006695,CUST002680,Gold Loan,571598,10.75,240,5803.03,2021-04-03,2029-01-04,Defaulted
LOAN006696,CUST016852,Education Loan,3681538,14.15,180,49400.14,2020-11-12,2040-09-25,Defaulted
LOAN006697,CUST013424,Personal Loan,1027702,9.85,84,16981.52,2021-03-08,2036-09-18,Closed
LOAN006698,CUST007772,Car Loan,1231180,13.08,12,110011.86,2021-01-02,2041-08-03,Defaulted
LOAN006699,CUST016803,Gold Loan,2317938,13.25,120,34951.94,2018-08-21,2044-02-15,Active
LOAN006700,CUST001522,Education Loan,1552085,8.7,36,49139.47,2019-12-21,2042-04-08,Defaulted
LOAN006701,CUST010099,Car Loan,1242582,11.83,84,21822.16,2020-12-05,2040-03-09,Active
LOAN006702,CUST007683,Gold Loan,1380771,12.8,36,46390.73,2017-01-27,2020-09-09,Closed
LOAN006703,CUST005031,Education Loan,4927987,8.35,180,48095.52,2016-08-12,2036-01-26,Defaulted
LOAN006704,CUST012797,Car Loan,4044510,9.77,180,42895.19,2024-12-11,2042-11-18,Active
LOAN006705,CUST018485,Education Loan,1828981,9.98,240,17625.83,2022-03-01,2028-05-20,Closed
LOAN006706,CUST018091,Home Loan,4888912,13.39,180,63116.42,2020-12-31,2038-01-22,Defaulted
LOAN006707,CUST002528,Personal Loan,1281979,8.2,120,15689.75,2017-06-18,2017-11-01,Defaulted
LOAN006708,CUST019849,Home Loan,4881132,8.19,24,221183.6,2024-11-12,2045-08-29,Defaulted
LOAN006709,CUST003592,Education Loan,3245690,9.43,24,148919.68,2025-03-09,2028-02-10,Closed
LOAN006710,CUST016437,Education Loan,4604271,13.86,84,85928.4,2022-06-06,2036-07-16,Active
LOAN006711,CUST015249,Personal Loan,3851447,11.73,180,45556.94,2018-10-01,2035-06-24,Defaulted
LOAN006712,CUST003906,Home Loan,2607156,9.39,24,119574.31,2024-06-23,2046-01-17,Closed
LOAN006713,CUST013452,Car Loan,4575329,14.35,36,157152.8,2021-01-29,2041-09-26,Defaulted
LOAN006714,CUST013089,Home Loan,709775,8.91,12,62041.25,2017-11-28,2025-08-05,Defaulted
LOAN006715,CUST001676,Education Loan,1442861,13.86,36,49215.52,2018-01-01,2019-08-27,Defaulted
LOAN006716,CUST011806,Education Loan,1827241,13.67,60,42204.74,2020-12-08,2027-01-17,Active
LOAN006717,CUST010138,Car Loan,2022813,9.34,120,25997.83,2021-01-06,2043-10-19,Defaulted
LOAN006718,CUST010731,Gold Loan,641498,12.44,240,7261.2,2022-08-30,2025-08-20,Closed
LOAN006719,CUST009227,Home Loan,491723,8.73,84,7844.16,2023-01-21,2024-07-27,Closed
LOAN006720,CUST002057,Home Loan,2425303,8.7,180,24168.1,2017-04-07,2033-03-26,Closed
LOAN006721,CUST015713,Car Loan,3996964,12.49,240,45382.96,2019-06-12,2020-05-02,Defaulted
LOAN006722,CUST019014,Car Loan,4847482,13.64,36,164829.13,2024-10-13,2037-12-09,Active
LOAN006723,CUST002305,Gold Loan,1900227,14.05,120,29561.3,2019-09-26,2043-12-19,Active
LOAN006724,CUST019153,Car Loan,3442436,8.94,180,34792.71,2021-04-25,2029-12-15,Closed
LOAN006725,CUST004554,Personal Loan,1683015,7.76,240,13827.07,2017-11-11,2019-04-26,Defaulted
LOAN006726,CUST015176,Home Loan,3621610,10.78,60,78345.81,2017-05-17,2030-08-06,Active
LOAN006727,CUST007121,Car Loan,1278541,12.84,24,60688.13,2022-01-02,2034-07-31,Active
LOAN006728,CUST012410,Personal Loan,503265,7.52,84,7724.19,2020-02-15,2020-03-04,Active
LOAN006729,CUST016519,Education Loan,1052101,8.21,12,91622.8,2024-08-17,2041-10-20,Closed
LOAN006730,CUST009845,Personal Loan,1403172,12.04,36,46632.2,2025-06-18,2031-07-20,Closed
LOAN006731,CUST019449,Personal Loan,1136464,9.69,120,14824.05,2020-01-11,2031-01-07,Closed
LOAN006732,CUST009786,Personal Loan,2477645,13.93,60,57560.59,2023-05-31,2031-09-21,Closed
LOAN006733,CUST005347,Education Loan,4439679,9.65,180,46762.91,2018-05-03,2042-04-19,Active
LOAN006734,CUST013237,Personal Loan,1984697,13.6,24,94916.42,2024-07-26,2040-09-11,Closed
LOAN006735,CUST018487,Education Loan,2558073,9.31,180,26419.53,2017-07-06,2038-11-21,Closed
LOAN006736,CUST005362,Car Loan,1377082,10.29,12,121253.2,2020-11-08,2035-12-05,Active
LOAN006737,CUST005285,Education Loan,2326662,7.53,12,201887.41,2024-07-30,2031-03-02,Closed
LOAN006738,CUST014827,Personal Loan,1304144,13.6,60,30075.38,2018-07-08,2034-08-29,Closed
LOAN006739,CUST001897,Car Loan,2983533,13.69,24,142811.48,2021-09-15,2033-09-15,Closed
LOAN006740,CUST015751,Gold Loan,1408665,8.84,240,12529.53,2020-05-05,2020-06-23,Closed
LOAN006741,CUST008811,Personal Loan,2412492,9.77,12,211838.39,2019-09-16,2024-05-13,Defaulted
LOAN006742,CUST004430,Home Loan,4097405,13.71,180,53770.84,2017-02-19,2042-07-06,Active
LOAN006743,CUST015237,Personal Loan,2158228,12.4,120,31465.4,2025-06-23,2027-02-26,Closed
LOAN006744,CUST018365,Home Loan,4709664,7.82,12,409294.41,2017-01-24,2046-03-13,Closed
LOAN006745,CUST015691,Home Loan,3447258,9.39,36,110248.67,2024-11-15,2035-10-16,Defaulted
LOAN006746,CUST003775,Car Loan,1616489,13.79,12,144980.21,2020-07-06,2035-01-17,Defaulted
LOAN006747,CUST010072,Gold Loan,4044384,11.55,180,47374.72,2018-02-22,2041-10-25,Defaulted
LOAN006748,CUST003317,Personal Loan,2594541,10.84,24,120733.31,2022-06-05,2042-03-10,Closed
LOAN006749,CUST008133,Personal Loan,4238000,11.77,84,74292.01,2019-10-21,2021-08-06,Defaulted
LOAN006750,CUST014620,Gold Loan,3401667,8.39,120,41975.94,2025-04-02,2045-05-24,Active
LOAN006751,CUST005292,Gold Loan,1430725,9.1,60,29768.98,2018-12-05,2025-12-02,Active
LOAN006752,CUST016989,Car Loan,1453461,9.96,24,67043.02,2019-08-18,2036-01-16,Closed
LOAN006753,CUST017370,Personal Loan,1950280,12.18,24,91970.48,2017-12-29,2040-05-05,Defaulted
LOAN006754,CUST016190,Education Loan,1966372,9.52,240,18354.86,2020-09-04,2031-02-16,Active
LOAN006755,CUST017501,Home Loan,1690150,8.37,12,147312.79,2024-06-18,2037-08-19,Active
LOAN006756,CUST011427,Education Loan,3486942,13.58,180,45457.28,2020-01-12,2021-03-08,Closed
LOAN006757,CUST004222,Car Loan,4953221,11.66,60,109332.53,2020-10-24,2022-06-15,Defaulted
LOAN006758,CUST017364,Education Loan,3339391,14.04,180,44561.83,2019-03-15,2020-02-09,Active
LOAN006759,CUST012360,Gold Loan,749046,11.95,24,35242.71,2025-07-06,2028-02-14,Defaulted
LOAN006760,CUST004425,Home Loan,2239405,13.5,120,34100.38,2021-11-24,2038-03-15,Defaulted
LOAN006761,CUST008456,Personal Loan,3099510,9.83,180,32985.88,2018-05-31,2026-08-26,Defaulted
LOAN006762,CUST019848,Car Loan,1249036,8.03,12,108669.01,2016-08-27,2022-09-07,Active
LOAN006763,CUST013933,Gold Loan,4125476,13.91,240,51031.71,2020-09-12,2029-02-02,Closed
LOAN006764,CUST001616,Gold Loan,977771,12.9,24,46439.1,2017-08-27,2045-06-14,Defaulted
LOAN006765,CUST018423,Home Loan,4210938,8.82,36,133554.21,2025-04-02,2039-01-26,Closed
LOAN006766,CUST008471,Home Loan,1518042,12.78,84,27434.92,2018-01-16,2032-12-29,Defaulted
LOAN006767,CUST003974,Car Loan,2877934,14.2,36,98640.75,2024-09-01,2039-06-20,Defaulted
LOAN006768,CUST017331,Personal Loan,3345550,10.9,24,155773.57,2024-03-20,2024-08-09,Closed
LOAN006769,CUST005568,Home Loan,990250,13.55,12,88702.16,2021-06-24,2022-09-25,Closed
LOAN006770,CUST018216,Education Loan,2419842,8.52,180,23857.52,2020-07-08,2039-05-22,Active
LOAN006771,CUST001599,Home Loan,2289763,10.62,240,23045.4,2020-11-01,2041-04-11,Active
LOAN006772,CUST018759,Education Loan,1176032,10.49,36,38218.37,2017-04-17,2031-02-16,Closed
LOAN006773,CUST010585,Car Loan,2834983,9.3,36,90548.05,2025-06-09,2034-02-24,Active
LOAN006774,CUST001804,Education Loan,2312332,14.44,180,31480.83,2024-02-21,2025-08-13,Defaulted
LOAN006775,CUST018038,Gold Loan,3753112,9.03,60,77963.09,2024-10-15,2033-03-08,Closed
LOAN006776,CUST010213,Personal Loan,1371802,12.02,240,15123.85,2018-07-23,2020-10-11,Closed
LOAN006777,CUST018044,Education Loan,4679962,8.71,60,96490.95,2020-10-05,2027-11-04,Active
LOAN006778,CUST009947,Personal Loan,4151636,8.79,180,41591.6,2017-07-18,2041-07-12,Closed
LOAN006779,CUST016701,Car Loan,1482359,10.38,12,130585.04,2022-04-15,2046-03-29,Defaulted
LOAN006780,CUST007016,Home Loan,424126,8.99,24,19374.14,2023-01-17,2045-02-25,Defaulted
LOAN006781,CUST008851,Education Loan,4647706,13.84,60,107758.85,2021-03-10,2034-02-09,Active
LOAN006782,CUST007203,Education Loan,727473,12.68,24,34476.15,2019-09-02,2026-09-10,Active
LOAN006783,CUST001733,Personal Loan,1401474,11.24,12,124021.54,2018-03-27,2037-01-23,Active
LOAN006784,CUST010364,Car Loan,1537757,9.31,24,70470.95,2021-09-09,2037-12-31,Defaulted
LOAN006785,CUST000773,Education Loan,1880848,9.88,12,165251.47,2017-06-09,2018-11-23,Defaulted
LOAN006786,CUST008600,Home Loan,692325,13.14,120,10394.4,2019-12-21,2040-02-17,Defaulted
LOAN006787,CUST017769,Gold Loan,4212515,10.07,60,89648.65,2017-08-28,2027-07-19,Defaulted
LOAN006788,CUST013074,Personal Loan,3779102,12.22,60,84484.78,2019-03-15,2025-06-09,Defaulted
LOAN006789,CUST002333,Gold Loan,1864749,10.66,36,60749.68,2025-03-14,2028-11-02,Defaulted
LOAN006790,CUST011110,Gold Loan,3724657,8.36,84,58723.59,2021-10-01,2025-01-03,Active
LOAN006791,CUST016686,Education Loan,929507,12.72,180,11589.78,2025-03-05,2046-01-07,Defaulted
LOAN006792,CUST006444,Gold Loan,1803572,10.57,180,20015.01,2019-12-15,2043-03-17,Active
LOAN006793,CUST000395,Education Loan,4104569,10.79,180,46112.58,2020-06-21,2032-09-10,Active
LOAN006794,CUST012053,Education Loan,2209575,10.01,84,36692.98,2025-02-27,2032-10-15,Defaulted
LOAN006795,CUST003428,Personal Loan,2843850,14.3,120,44669.86,2020-02-29,2021-03-12,Defaulted
LOAN006796,CUST014342,Gold Loan,2620679,8.01,36,82134.65,2024-05-30,2028-10-20,Active
LOAN006797,CUST002596,Personal Loan,3035737,13.67,60,70118.0,2020-01-20,2020-10-19,Closed
LOAN006798,CUST012177,Gold Loan,4976127,8.21,240,42275.02,2023-06-26,2033-05-09,Active
LOAN006799,CUST004949,Education Loan,3340141,11.0,180,37963.94,2019-04-15,2031-05-11,Defaulted
LOAN006800,CUST005126,Home Loan,4563185,14.06,60,106319.33,2020-12-10,2034-07-03,Active
LOAN006801,CUST011200,Education Loan,755517,9.86,36,24328.78,2022-04-02,2038-02-09,Active
LOAN006802,CUST006920,Personal Loan,1781274,9.66,24,81917.51,2017-04-07,2042-08-10,Defaulted
LOAN006803,CUST017236,Personal Loan,1581237,7.96,84,24614.0,2018-02-28,2046-01-02,Active
LOAN006804,CUST016984,Education Loan,827227,7.9,240,6867.86,2021-03-06,2039-08-14,Defaulted
LOAN006805,CUST013095,Gold Loan,2383361,12.84,180,29904.81,2018-02-26,2028-01-10,Defaulted
LOAN006806,CUST012524,Home Loan,4677215,13.61,36,158971.6,2017-10-21,2025-03-03,Closed
LOAN006807,CUST007593,Car Loan,3865183,8.7,120,48337.17,2025-07-20,2030-10-26,Closed
LOAN006808,CUST008869,Car Loan,4068707,12.07,36,135275.37,2021-09-30,2039-01-19,Active
LOAN006809,CUST005718,Car Loan,1614576,10.23,24,74676.0,2016-11-27,2023-04-15,Active
LOAN006810,CUST011683,Education Loan,284749,12.54,120,4174.7,2021-03-19,2044-09-01,Closed
LOAN006811,CUST002030,Personal Loan,4843451,10.78,120,66116.81,2024-01-02,2032-04-18,Closed
LOAN006812,CUST015447,Gold Loan,4701819,7.95,180,44797.42,2017-07-30,2031-12-25,Defaulted
LOAN006813,CUST019851,Gold Loan,1469146,9.92,240,14099.79,2024-02-13,2035-10-19,Defaulted
LOAN006814,CUST002058,Home Loan,2490296,13.6,120,38069.27,2021-03-05,2037-01-11,Defaulted
LOAN006815,CUST018626,Education Loan,2893386,11.13,24,135029.17,2022-10-19,2033-12-03,Closed
LOAN006816,CUST010022,Home Loan,1966071,8.3,36,61881.98,2023-11-16,2029-03-25,Closed
LOAN006817,CUST013733,Education Loan,2674499,10.66,120,36328.38,2018-03-23,2041-02-27,Closed
LOAN006818,CUST004238,Home Loan,988477,13.34,36,33467.81,2022-08-13,2046-05-29,Active
LOAN006819,CUST010370,Home Loan,4615873,7.78,240,37979.42,2025-03-02,2034-02-16,Defaulted
LOAN006820,CUST019429,Personal Loan,4654993,13.55,240,56370.75,2024-02-04,2024-12-30,Defaulted
LOAN006821,CUST004724,Home Loan,2032699,14.13,12,182634.54,2021-08-19,2023-07-04,Defaulted
LOAN006822,CUST019719,Car Loan,2933130,10.89,12,259084.42,2023-11-13,2039-09-20,Closed
LOAN006823,CUST012123,Gold Loan,2142584,10.72,180,23977.16,2022-12-08,2033-09-27,Closed
LOAN006824,CUST008500,Education Loan,4994323,10.34,84,83791.7,2024-11-13,2026-01-06,Active
LOAN006825,CUST014264,Education Loan,129294,10.3,240,1273.52,2018-09-27,2039-08-23,Defaulted
LOAN006826,CUST000872,Gold Loan,1495391,9.12,60,31129.02,2016-09-01,2018-12-14,Active
LOAN006827,CUST002817,Gold Loan,149978,13.32,180,1929.27,2025-02-04,2042-08-14,Active
LOAN006828,CUST014585,Car Loan,1258513,12.2,240,14033.19,2020-01-26,2034-03-14,Defaulted
LOAN006829,CUST017359,Personal Loan,4920544,11.85,240,53665.75,2022-08-16,2025-09-24,Defaulted
LOAN006830,CUST010084,Home Loan,829961,13.8,240,10200.4,2017-03-18,2046-07-29,Defaulted
LOAN006831,CUST013094,Home Loan,956294,10.12,12,84126.82,2020-03-28,2022-05-14,Active
LOAN006832,CUST004099,Personal Loan,2959842,13.06,120,44298.43,2023-03-28,2037-11-12,Defaulted
LOAN006833,CUST013572,Home Loan,4220472,10.03,180,45430.9,2020-01-02,2037-05-15,Active
LOAN006834,CUST013388,Car Loan,2339815,10.0,36,75499.25,2019-05-15,2023-11-26,Defaulted
LOAN006835,CUST008383,Personal Loan,3076571,8.67,84,48985.49,2019-07-06,2029-04-01,Active
LOAN006836,CUST006952,Car Loan,2352614,10.27,84,39385.17,2024-08-14,2045-10-13,Defaulted
LOAN006837,CUST015206,Personal Loan,917142,8.33,24,41618.02,2018-03-09,2032-08-30,Active
LOAN006838,CUST019750,Home Loan,4562673,11.47,180,53213.69,2020-11-15,2040-09-12,Active
LOAN006839,CUST008736,Education Loan,1388917,10.27,12,122282.35,2020-07-07,2034-02-15,Closed
LOAN006840,CUST014712,Gold Loan,1062971,11.9,84,18707.54,2018-10-03,2019-11-18,Active
LOAN006841,CUST002289,Home Loan,1462454,14.45,12,131619.38,2018-02-01,2030-07-13,Defaulted
LOAN006842,CUST001944,Personal Loan,3082326,13.83,240,37949.39,2022-08-16,2037-05-02,Active
LOAN006843,CUST005722,Home Loan,1722483,12.34,180,21050.96,2024-04-10,2030-08-24,Defaulted
LOAN006844,CUST017150,Car Loan,3126393,8.13,60,63586.67,2021-10-04,2034-01-18,Active
LOAN006845,CUST009179,Education Loan,1699142,9.87,12,149278.86,2022-11-14,2040-09-28,Active
LOAN006846,CUST014267,Personal Loan,984488,10.51,12,86785.83,2018-01-22,2025-03-18,Defaulted
LOAN006847,CUST012115,Gold Loan,4268408,9.68,180,45036.55,2025-07-09,2030-04-08,Active
LOAN006848,CUST003026,Car Loan,1120334,13.66,120,17166.73,2020-03-11,2041-09-16,Closed
LOAN006849,CUST004058,Car Loan,2404550,7.72,180,22592.15,2023-06-23,2034-06-02,Closed
LOAN006850,CUST010455,Gold Loan,2364095,9.65,84,38820.57,2018-10-30,2035-06-27,Active
LOAN006851,CUST010377,Personal Loan,740417,10.87,120,10144.84,2025-02-04,2035-09-15,Closed
LOAN006852,CUST000892,Home Loan,3087264,8.55,12,269341.98,2025-02-12,2030-01-23,Active
LOAN006853,CUST000276,Personal Loan,2784093,9.38,60,58308.0,2018-01-28,2019-11-29,Active
LOAN006854,CUST011807,Personal Loan,3941922,10.17,120,52464.58,2019-07-11,2027-03-30,Defaulted
LOAN006855,CUST003577,Gold Loan,3896273,11.69,60,86061.31,2023-06-02,2041-03-09,Closed
LOAN006856,CUST017084,Car Loan,1944418,13.28,84,35669.44,2022-01-17,2028-06-23,Defaulted
LOAN006857,CUST018293,Personal Loan,1014497,13.28,240,12088.54,2023-08-01,2030-07-25,Active
LOAN006858,CUST005517,Home Loan,2432434,9.78,84,40105.32,2022-03-05,2032-04-17,Closed
LOAN006859,CUST005911,Gold Loan,1106633,11.18,24,51670.3,2022-10-18,2038-08-16,Closed
LOAN006860,CUST003679,Gold Loan,2671088,11.39,60,58596.79,2021-09-16,2034-08-22,Active
LOAN006861,CUST005682,Personal Loan,4806613,12.97,180,60720.44,2016-11-05,2033-06-07,Closed
LOAN006862,CUST013432,Car Loan,2961428,10.38,120,39761.3,2017-05-07,2025-07-25,Closed
LOAN006863,CUST019721,Education Loan,4107734,8.09,36,128892.07,2020-06-02,2032-09-05,Closed
LOAN006864,CUST017909,Education Loan,2721570,12.37,180,33314.04,2020-05-21,2026-06-19,Defaulted
LOAN006865,CUST009881,Gold Loan,722253,8.05,12,62844.35,2021-02-20,2023-01-29,Active
LOAN006866,CUST010891,Car Loan,4440110,8.49,12,387244.87,2016-08-09,2037-12-10,Closed
LOAN006867,CUST001400,Personal Loan,473267,10.58,84,7999.35,2016-10-12,2031-02-12,Active
LOAN006868,CUST000021,Car Loan,884173,11.31,24,41336.76,2020-07-02,2026-11-21,Defaulted
LOAN006869,CUST008271,Car Loan,3260249,8.66,84,51893.59,2018-07-15,2043-06-12,Defaulted
LOAN006870,CUST014561,Home Loan,4650592,8.77,24,211970.66,2024-02-29,2046-04-14,Active
LOAN006871,CUST014350,Education Loan,2890387,13.94,24,138693.9,2019-05-24,2029-10-08,Active
LOAN006872,CUST012069,Car Loan,2330900,10.32,12,205270.21,2017-11-27,2025-07-11,Defaulted
LOAN006873,CUST009007,Home Loan,4062735,11.61,24,190507.95,2021-12-30,2026-02-20,Closed
LOAN006874,CUST014421,Car Loan,3556032,14.28,60,83259.75,2025-06-10,2044-06-27,Closed
LOAN006875,CUST014928,Gold Loan,1813421,10.92,36,59300.4,2018-09-12,2018-12-11,Active
LOAN006876,CUST001852,Education Loan,926943,12.95,36,31210.05,2018-06-12,2041-01-22,Defaulted
LOAN006877,CUST004140,Car Loan,4882430,13.39,36,165427.02,2022-09-02,2026-11-24,Active
LOAN006878,CUST002474,Home Loan,3519071,9.06,60,73152.64,2021-03-18,2041-09-22,Closed
LOAN006879,CUST012863,Home Loan,2655615,12.29,240,29779.28,2016-11-26,2021-03-10,Closed
LOAN006880,CUST004593,Car Loan,3751591,13.99,12,336826.89,2018-04-09,2046-07-31,Defaulted
LOAN006881,CUST008141,Education Loan,3419315,13.8,120,52680.08,2018-07-10,2043-02-11,Defaulted
LOAN006882,CUST016464,Car Loan,2934938,12.76,60,66418.83,2017-03-08,2033-01-11,Active
LOAN006883,CUST001923,Car Loan,4125931,10.45,84,69458.49,2020-05-14,2037-07-15,Closed
LOAN006884,CUST019876,Home Loan,1700092,8.82,120,21370.78,2018-03-24,2045-06-21,Closed
LOAN006885,CUST010608,Home Loan,4682979,10.25,36,151656.81,2025-05-07,2040-08-27,Active
LOAN006886,CUST016173,Car Loan,852792,10.42,12,75140.65,2016-09-12,2032-05-26,Active
LOAN006887,CUST008063,Personal Loan,1796741,11.58,120,25343.66,2023-02-11,2035-05-08,Closed
LOAN006888,CUST014385,Home Loan,2558377,14.31,84,48383.2,2023-02-15,2026-05-18,Defaulted
LOAN006889,CUST016178,Gold Loan,256071,13.07,36,8636.68,2020-06-10,2046-07-28,Closed
LOAN006890,CUST002343,Car Loan,1008192,10.96,12,89086.87,2024-05-26,2029-03-17,Active
LOAN006891,CUST019812,Gold Loan,3656886,13.81,24,175249.58,2024-05-26,2033-11-23,Active
LOAN006892,CUST019349,Personal Loan,4327067,10.8,240,44076.03,2018-04-03,2040-06-08,Closed
LOAN006893,CUST018496,Home Loan,4262283,13.81,60,98756.52,2017-09-08,2020-04-17,Defaulted
LOAN006894,CUST006261,Car Loan,2573785,12.63,240,29478.02,2021-11-19,2036-06-09,Closed
LOAN006895,CUST009573,Car Loan,693710,11.81,60,15364.67,2016-12-27,2033-06-24,Closed
LOAN006896,CUST019341,Home Loan,2887758,12.21,36,96204.79,2019-03-18,2034-04-24,Closed
LOAN006897,CUST015963,Home Loan,2796077,14.45,120,44173.4,2020-06-24,2035-05-06,Closed
LOAN006898,CUST015172,Gold Loan,3117667,11.58,84,54337.55,2016-09-11,2041-01-07,Closed
LOAN006899,CUST014455,Home Loan,2632999,8.52,24,119708.84,2020-08-14,2039-08-28,Defaulted
LOAN006900,CUST010621,Home Loan,3591688,12.98,60,81685.17,2017-09-18,2021-01-21,Closed
LOAN006901,CUST007095,Car Loan,388783,13.48,60,8941.83,2017-12-31,2044-01-30,Defaulted
LOAN006902,CUST009797,Home Loan,975173,9.33,240,8981.91,2023-11-06,2026-01-03,Defaulted
LOAN006903,CUST011869,Education Loan,4490672,12.73,36,150725.14,2020-04-10,2025-04-18,Active
LOAN006904,CUST018542,Home Loan,3788787,13.31,240,45227.86,2023-03-03,2028-02-21,Defaulted
LOAN006905,CUST004131,Education Loan,4294847,8.71,12,375013.38,2023-01-01,2034-04-27,Closed
LOAN006906,CUST010091,Gold Loan,3040576,9.94,180,32562.67,2023-10-31,2035-07-15,Active
LOAN006907,CUST018771,Education Loan,2002240,12.71,240,23045.34,2016-11-20,2024-06-27,Defaulted
LOAN006908,CUST003221,Gold Loan,4301325,8.45,24,195421.26,2023-07-27,2031-01-13,Active
LOAN006909,CUST001218,Car Loan,2762854,8.29,240,23610.74,2018-06-08,2029-10-25,Closed
LOAN006910,CUST019510,Car Loan,4897351,10.19,84,81783.42,2022-03-12,2023-05-09,Defaulted
LOAN006911,CUST010227,Home Loan,2495967,12.72,240,28745.71,2019-01-24,2019-05-13,Closed
LOAN006912,CUST006828,Car Loan,1748836,9.91,240,16772.5,2019-07-07,2037-12-21,Closed
LOAN006913,CUST015253,Car Loan,3164469,7.81,24,142846.3,2022-06-29,2027-12-18,Active
LOAN006914,CUST006346,Home Loan,4301303,9.31,120,55211.34,2024-04-28,2036-12-03,Closed
LOAN006915,CUST017345,Personal Loan,4277092,7.83,84,66302.0,2020-03-18,2044-12-26,Defaulted
LOAN006916,CUST014403,Home Loan,4128456,10.93,24,192284.27,2020-12-17,2035-06-22,Active
LOAN006917,CUST002392,Education Loan,3002858,10.38,24,139093.92,2019-06-19,2033-06-14,Active
LOAN006918,CUST015122,Personal Loan,3525292,9.79,84,58142.22,2018-06-18,2040-05-02,Active
LOAN006919,CUST001955,Education Loan,3216161,9.62,24,147846.07,2020-01-03,2029-03-11,Closed
LOAN006920,CUST006322,Education Loan,975878,11.43,120,13681.35,2024-05-08,2040-01-20,Active
LOAN006921,CUST017563,Home Loan,3614831,8.03,120,43915.2,2016-10-17,2034-11-06,Defaulted
LOAN006922,CUST009940,Gold Loan,2192640,14.36,36,75323.19,2021-06-25,2031-09-13,Closed
LOAN006923,CUST005546,Car Loan,951058,14.21,120,14887.06,2021-06-02,2045-08-21,Closed
LOAN006924,CUST001741,Car Loan,2965437,12.27,120,43009.54,2016-09-16,2039-08-13,Defaulted
LOAN006925,CUST006054,Home Loan,4715851,9.06,36,150094.52,2023-11-24,2041-05-02,Active
LOAN006926,CUST019435,Home Loan,834937,10.07,36,26968.52,2025-05-06,2036-12-03,Active
LOAN006927,CUST016909,Personal Loan,1804972,13.71,12,161817.05,2021-09-04,2022-09-10,Closed
LOAN006928,CUST013769,Personal Loan,627299,12.93,36,21115.04,2022-10-02,2028-11-15,Active
LOAN006929,CUST000458,Personal Loan,2182116,13.84,12,195761.67,2024-07-11,2026-03-07,Closed
LOAN006930,CUST009192,Personal Loan,996408,8.16,12,86749.7,2017-03-13,2024-12-06,Defaulted
LOAN006931,CUST013268,Car Loan,4955925,12.57,120,72745.67,2016-12-15,2030-07-28,Closed
LOAN006932,CUST005963,Home Loan,4320343,12.98,240,50554.55,2024-04-08,2035-06-22,Active
LOAN006933,CUST012402,Personal Loan,967060,8.39,12,84297.51,2022-07-31,2039-03-01,Active
LOAN006934,CUST011168,Home Loan,4575624,9.2,84,74082.84,2024-11-14,2037-06-30,Defaulted
LOAN006935,CUST001346,Personal Loan,525591,11.9,84,9250.03,2022-03-21,2025-11-30,Active
LOAN006936,CUST000064,Personal Loan,4934537,9.82,36,158806.94,2017-11-03,2043-03-09,Active
LOAN006937,CUST015966,Car Loan,1078236,7.98,240,9005.38,2019-05-01,2045-05-17,Closed
LOAN006938,CUST011724,Education Loan,752237,8.55,24,34210.65,2017-02-18,2040-02-03,Closed
LOAN006939,CUST015717,Home Loan,4361440,8.86,120,54918.97,2024-11-16,2029-12-02,Defaulted
LOAN006940,CUST016595,Car Loan,2871976,9.67,240,27090.21,2024-04-02,2024-10-09,Defaulted
LOAN006941,CUST007496,Education Loan,3955018,12.52,84,70921.48,2020-01-02,2037-03-16,Closed
LOAN006942,CUST003030,Education Loan,4135113,9.3,24,189481.26,2021-01-06,2037-11-18,Active
LOAN006943,CUST007937,Personal Loan,584194,13.61,120,8934.09,2018-10-30,2026-09-09,Closed
LOAN006944,CUST018236,Personal Loan,106088,7.68,60,2134.87,2018-11-15,2037-02-11,Active
LOAN006945,CUST009564,Gold Loan,373206,12.63,60,8421.06,2023-03-20,2024-10-13,Active
LOAN006946,CUST015331,Personal Loan,1687575,9.36,84,27460.86,2019-01-09,2043-06-10,Closed
LOAN006947,CUST019156,Gold Loan,2618669,10.65,12,231015.01,2024-03-14,2036-09-05,Closed
LOAN006948,CUST007733,Personal Loan,1972448,13.59,120,30141.13,2025-03-27,2042-01-07,Closed
LOAN006949,CUST013363,Gold Loan,417312,10.18,60,8903.65,2019-03-21,2034-12-09,Defaulted
LOAN006950,CUST007589,Personal Loan,3693074,11.81,240,40175.8,2025-05-30,2035-07-25,Active
LOAN006951,CUST018098,Car Loan,842908,7.8,60,17010.57,2019-07-17,2023-05-03,Active
LOAN006952,CUST001455,Gold Loan,4008639,8.65,60,82533.47,2018-10-25,2037-03-23,Active
LOAN006953,CUST015390,Home Loan,3136243,10.4,84,52715.83,2021-04-21,2042-10-23,Active
LOAN006954,CUST018202,Car Loan,3335855,11.45,120,46805.23,2020-01-20,2022-05-18,Defaulted
LOAN006955,CUST003452,Gold Loan,1843313,8.06,60,37428.69,2017-10-08,2043-02-28,Defaulted
LOAN006956,CUST014074,Education Loan,2705234,9.41,84,44089.71,2017-03-29,2020-05-29,Defaulted
LOAN006957,CUST013107,Personal Loan,1848277,9.99,180,19850.37,2018-10-08,2035-01-02,Defaulted
LOAN006958,CUST012320,Home Loan,4348841,8.23,12,378761.48,2025-02-03,2025-10-03,Defaulted
LOAN006959,CUST001818,Gold Loan,915833,10.32,12,80652.64,2023-02-12,2035-05-08,Defaulted
LOAN006960,CUST018662,Car Loan,1700255,11.02,36,55680.27,2023-05-08,2039-02-04,Closed
LOAN006961,CUST007761,Education Loan,2815253,9.92,24,129805.72,2019-10-26,2026-01-21,Defaulted
LOAN006962,CUST000062,Home Loan,1986148,14.44,24,95774.06,2022-04-20,2026-07-04,Defaulted
LOAN006963,CUST019633,Car Loan,4282845,11.72,12,379964.82,2019-04-21,2029-12-12,Active
LOAN006964,CUST007004,Gold Loan,810648,13.67,24,38795.29,2022-04-03,2030-12-03,Closed
LOAN006965,CUST005313,Education Loan,4884391,11.24,120,67947.76,2018-07-23,2023-10-19,Defaulted
LOAN006966,CUST003099,Gold Loan,3271681,9.93,12,287526.23,2022-03-04,2031-01-28,Defaulted
LOAN006967,CUST007512,Gold Loan,986642,8.6,24,44893.63,2016-08-17,2033-07-08,Defaulted
LOAN006968,CUST012321,Car Loan,2089421,10.37,24,96773.39,2022-10-04,2028-12-02,Closed
LOAN006969,CUST017034,Home Loan,1059358,10.05,36,34207.38,2024-05-17,2032-08-20,Active
LOAN006970,CUST019247,Gold Loan,3510269,7.57,12,304655.33,2020-06-09,2039-06-07,Defaulted
LOAN006971,CUST011409,Gold Loan,962909,11.98,60,21409.65,2019-10-12,2026-06-27,Closed
LOAN006972,CUST005165,Personal Loan,3257785,9.62,36,104539.3,2022-04-02,2034-11-11,Defaulted
LOAN006973,CUST019885,Car Loan,3670055,9.22,60,76576.77,2019-05-10,2022-04-29,Defaulted
LOAN006974,CUST014709,Education Loan,1371348,8.91,120,17304.93,2020-07-18,2031-02-05,Defaulted
LOAN006975,CUST009051,Home Loan,4379805,10.2,60,93489.51,2018-03-18,2044-09-16,Defaulted
LOAN006976,CUST006823,Home Loan,2554530,10.47,24,118433.52,2019-09-09,2038-08-24,Active
LOAN006977,CUST000634,Car Loan,143149,12.46,12,12749.44,2019-10-14,2034-09-14,Closed
LOAN006978,CUST006708,Education Loan,793917,8.03,180,7600.84,2018-03-23,2043-08-04,Active
LOAN006979,CUST001924,Car Loan,1891454,7.94,60,38297.58,2024-07-18,2045-06-02,Active
LOAN006980,CUST013460,Education Loan,3997115,8.67,84,63642.49,2023-05-17,2032-03-15,Closed
LOAN006981,CUST007540,Home Loan,559002,9.55,36,17919.55,2017-05-09,2044-02-08,Closed
LOAN006982,CUST007932,Personal Loan,328270,9.58,60,6907.12,2019-05-09,2044-02-11,Closed
LOAN006983,CUST003133,Education Loan,338116,8.36,60,6914.18,2016-12-11,2018-05-07,Active
LOAN006984,CUST011219,Car Loan,3739152,9.84,240,35688.15,2018-05-04,2046-01-23,Closed
LOAN006985,CUST012700,Home Loan,3874977,7.8,240,31931.21,2022-05-24,2037-03-03,Defaulted
LOAN006986,CUST018559,Education Loan,1377678,12.57,84,24741.73,2020-02-10,2032-12-14,Active
LOAN006987,CUST013269,Personal Loan,1171250,10.78,36,38223.31,2018-11-22,2035-09-14,Active
LOAN006988,CUST018177,Home Loan,604657,10.59,240,6073.37,2020-10-22,2043-04-17,Closed
LOAN006989,CUST007666,Education Loan,181670,11.19,84,3128.81,2024-01-29,2046-01-02,Defaulted
LOAN006990,CUST013281,Personal Loan,1757931,7.89,36,54998.01,2025-02-08,2031-08-14,Closed
LOAN006991,CUST003148,Personal Loan,3035637,10.29,36,98365.3,2022-12-21,2031-01-29,Active
LOAN006992,CUST017421,Gold Loan,1900081,12.5,240,21587.59,2016-08-20,2039-05-21,Defaulted
LOAN006993,CUST004715,Gold Loan,1131423,11.87,240,12355.55,2018-12-18,2044-05-22,Active
LOAN006994,CUST016415,Gold Loan,1146532,10.42,180,12616.95,2021-10-17,2027-06-30,Active
LOAN006995,CUST005002,Education Loan,1386479,9.82,12,121777.49,2024-04-14,2042-10-18,Closed
LOAN006996,CUST010433,Personal Loan,1771467,9.04,84,28537.25,2023-07-08,2044-06-28,Defaulted
LOAN006997,CUST006805,Personal Loan,2979350,13.55,12,266876.83,2023-05-01,2044-11-20,Defaulted
LOAN006998,CUST019962,Home Loan,2725215,8.69,180,27140.65,2024-06-04,2044-03-30,Active
LOAN006999,CUST015706,Car Loan,505898,12.56,36,16938.68,2023-04-02,2044-04-25,Closed
LOAN007000,CUST003438,Car Loan,4666173,12.06,36,155117.47,2018-08-14,2043-02-21,Defaulted
LOAN007001,CUST014391,Car Loan,888760,12.9,120,13217.77,2024-11-16,2043-10-06,Active
LOAN007002,CUST018110,Car Loan,4362020,10.07,84,72572.56,2019-07-04,2023-07-22,Closed
LOAN007003,CUST004966,Home Loan,4388216,9.54,84,71810.84,2020-06-16,2023-01-02,Active
LOAN007004,CUST010803,Car Loan,1484299,12.12,240,16467.76,2023-03-09,2030-07-15,Active
LOAN007005,CUST008289,Gold Loan,849084,7.59,60,17050.24,2022-11-10,2045-12-12,Defaulted
LOAN007006,CUST019127,Car Loan,4900230,13.37,240,58706.37,2025-02-07,2032-08-24,Defaulted
LOAN007007,CUST007047,Gold Loan,947199,9.43,24,43459.66,2021-12-17,2031-07-10,Defaulted
LOAN007008,CUST019692,Personal Loan,4473931,7.84,60,90372.99,2025-01-10,2035-11-19,Defaulted
LOAN007009,CUST004170,Education Loan,2793535,11.54,180,32704.86,2018-12-24,2039-05-22,Active
LOAN007010,CUST008474,Personal Loan,4707886,14.27,120,73863.88,2023-11-25,2043-07-03,Closed
LOAN007011,CUST000408,Education Loan,2027130,8.31,240,17348.9,2017-01-24,2038-12-15,Closed
LOAN007012,CUST009840,Personal Loan,4038481,10.24,180,43992.59,2017-06-15,2037-08-31,Defaulted
LOAN007013,CUST007797,Gold Loan,2297828,8.14,60,46745.78,2018-07-16,2034-12-26,Defaulted
LOAN007014,CUST013951,Car Loan,740465,7.63,36,23077.3,2018-12-23,2027-12-21,Active
LOAN007015,CUST004123,Home Loan,3962662,12.36,120,57680.4,2022-04-18,2034-02-17,Active
LOAN007016,CUST001624,Car Loan,2512313,9.42,240,23286.96,2017-01-08,2042-11-14,Active
LOAN007017,CUST001596,Personal Loan,261520,13.95,36,8931.78,2021-09-26,2042-05-26,Closed
LOAN007018,CUST010070,Car Loan,3580031,11.03,12,316459.18,2025-07-11,2031-06-24,Defaulted
LOAN007019,CUST019380,Home Loan,3581543,10.71,180,40057.89,2024-03-24,2027-05-15,Closed
LOAN007020,CUST006357,Home Loan,2597870,7.73,240,21295.13,2019-06-17,2032-07-28,Active
LOAN007021,CUST000171,Gold Loan,1854370,14.4,60,43533.46,2019-07-18,2037-04-20,Closed
LOAN007022,CUST004905,Car Loan,2773469,12.08,12,246523.17,2021-04-02,2027-01-14,Closed
LOAN007023,CUST002883,Gold Loan,3011634,11.77,180,35700.24,2025-07-14,2028-06-18,Active
LOAN007024,CUST003206,Gold Loan,3841366,10.94,12,339398.8,2024-07-01,2026-10-25,Active
LOAN007025,CUST010736,Education Loan,1319402,10.04,84,21930.91,2024-10-31,2040-12-18,Defaulted
LOAN007026,CUST012594,Gold Loan,2886044,9.65,120,37582.13,2022-10-07,2032-02-12,Defaulted
LOAN007027,CUST012826,Personal Loan,1976067,8.39,180,19331.91,2021-07-18,2044-07-04,Defaulted
LOAN007028,CUST009873,Personal Loan,2391307,8.03,240,20046.52,2017-11-18,2039-09-24,Closed
LOAN007029,CUST011787,Education Loan,214838,12.16,60,4796.34,2017-08-12,2031-11-18,Closed
LOAN007030,CUST014072,Gold Loan,4130913,10.16,180,44796.22,2023-09-30,2033-09-27,Defaulted
LOAN007031,CUST005406,Gold Loan,1248102,9.57,12,109478.54,2018-04-03,2039-05-14,Closed
LOAN007032,CUST011245,Education Loan,3840041,12.36,24,181410.32,2017-08-21,2022-01-12,Defaulted
LOAN007033,CUST019663,Education Loan,2829924,10.23,12,249098.1,2018-11-19,2025-02-08,Defaulted
LOAN007034,CUST015327,Car Loan,1689112,14.33,120,26562.42,2022-11-06,2045-08-30,Defaulted
LOAN007035,CUST001386,Gold Loan,3970833,10.98,180,45082.51,2023-01-31,2032-07-13,Closed
LOAN007036,CUST007418,Education Loan,1600725,14.49,36,55090.71,2019-10-13,2028-01-03,Defaulted
LOAN007037,CUST001296,Personal Loan,1534466,11.07,240,15911.75,2024-03-11,2043-02-03,Defaulted
LOAN007038,CUST000684,Car Loan,370472,12.75,12,33046.11,2019-09-06,2020-10-10,Active
LOAN007039,CUST010116,Personal Loan,4189091,9.64,12,367586.63,2017-03-24,2020-03-04,Closed
LOAN007040,CUST017363,Gold Loan,4902600,14.43,120,77393.55,2024-09-11,2027-12-23,Closed
LOAN007041,CUST016869,Car Loan,929757,8.42,24,42228.71,2020-12-24,2043-09-28,Closed
LOAN007042,CUST015962,Education Loan,416670,12.31,12,37081.08,2024-05-29,2027-11-30,Closed
LOAN007043,CUST015395,Education Loan,3921727,13.55,24,187460.79,2024-02-18,2043-01-31,Defaulted
LOAN007044,CUST016074,Education Loan,1005761,11.2,24,46969.79,2017-11-13,2022-06-24,Closed
LOAN007045,CUST017938,Car Loan,2535059,12.75,84,45773.85,2017-04-12,2036-08-26,Defaulted
LOAN007046,CUST009817,Car Loan,2562834,10.84,24,119257.86,2021-03-09,2025-05-30,Closed
LOAN007047,CUST000680,Car Loan,3110767,11.13,60,67837.46,2017-06-27,2038-09-08,Closed
LOAN007048,CUST019360,Gold Loan,3726481,13.65,84,69115.79,2022-08-26,2038-03-06,Closed
LOAN007049,CUST001498,Car Loan,2014557,8.6,84,32004.9,2018-06-23,2044-09-14,Closed
LOAN007050,CUST012140,Personal Loan,859400,10.17,240,8390.42,2020-10-28,2045-07-07,Active
LOAN007051,CUST000801,Gold Loan,2073204,11.69,180,24469.96,2023-07-13,2041-12-05,Closed
LOAN007052,CUST014870,Gold Loan,264746,9.51,12,23215.09,2022-07-30,2024-09-08,Closed
LOAN007053,CUST000748,Gold Loan,2594001,13.64,180,33920.26,2021-01-27,2037-10-21,Active
LOAN007054,CUST016865,Home Loan,3674781,14.35,36,126220.89,2025-01-25,2033-09-04,Active
LOAN007055,CUST004030,Education Loan,3525974,12.34,120,51282.92,2017-10-30,2028-04-02,Closed
LOAN007056,CUST005982,Education Loan,2225867,11.39,60,48829.79,2020-12-28,2038-07-04,Active
LOAN007057,CUST010384,Car Loan,3958639,9.2,180,40623.5,2023-01-22,2025-03-11,Active
LOAN007058,CUST007879,Car Loan,3378774,14.26,12,303783.87,2017-08-04,2032-03-07,Active
LOAN007059,CUST002207,Gold Loan,2066791,13.36,60,47407.61,2022-12-25,2030-10-21,Defaulted
LOAN007060,CUST003057,Home Loan,4492334,9.17,24,205581.7,2022-10-22,2033-08-25,Active
LOAN007061,CUST010409,Gold Loan,4358553,14.04,240,54326.18,2017-06-08,2032-06-27,Defaulted
LOAN007062,CUST000591,Home Loan,1747544,13.39,180,22561.0,2023-10-03,2044-06-23,Active
LOAN007063,CUST010864,Education Loan,2514352,11.76,120,35725.67,2020-02-13,2024-08-01,Closed
LOAN007064,CUST007841,Personal Loan,2961288,11.49,36,97637.37,2024-12-14,2039-03-15,Closed
LOAN007065,CUST003690,Education Loan,1483923,7.6,36,46227.42,2018-06-17,2041-03-14,Defaulted
LOAN007066,CUST018184,Home Loan,3258899,13.58,12,291963.52,2024-07-02,2030-08-24,Closed
LOAN007067,CUST001492,Education Loan,1129005,12.82,84,20428.5,2019-06-28,2035-08-12,Active
LOAN007068,CUST019682,Car Loan,3438420,8.4,60,70378.85,2016-08-27,2024-07-17,Active
LOAN007069,CUST017165,Home Loan,4886376,14.28,240,61759.31,2017-01-28,2032-01-03,Defaulted
LOAN007070,CUST017427,Gold Loan,3310216,8.42,180,32441.96,2025-04-11,2039-12-27,Closed
LOAN007071,CUST000517,Personal Loan,4566819,12.75,120,67515.76,2016-08-31,2033-08-17,Closed
LOAN007072,CUST018703,Personal Loan,1846198,11.28,36,60687.25,2024-01-26,2046-07-12,Defaulted
LOAN007073,CUST001406,Car Loan,1164784,11.64,240,12534.15,2022-02-02,2030-01-18,Closed
LOAN007074,CUST005266,Home Loan,553019,9.46,84,9027.21,2025-05-26,2043-11-10,Active
LOAN007075,CUST018983,Personal Loan,390153,11.71,84,6826.91,2019-02-20,2029-02-28,Closed
LOAN007076,CUST000963,Gold Loan,3736861,11.24,24,174583.69,2021-02-05,2035-07-13,Active
LOAN007077,CUST015881,Home Loan,3348323,7.91,180,31824.59,2025-04-01,2025-12-29,Defaulted
LOAN007078,CUST011490,Gold Loan,3783957,9.12,180,38650.0,2021-09-21,2045-06-22,Closed
LOAN007079,CUST011220,Home Loan,3176118,8.09,240,26744.5,2019-01-11,2032-03-02,Defaulted
LOAN007080,CUST011628,Car Loan,1272993,10.25,12,112064.38,2025-04-02,2045-12-04,Active
LOAN007081,CUST010030,Home Loan,3199670,12.23,36,106626.67,2024-04-29,2046-06-21,Active
LOAN007082,CUST016741,Education Loan,291112,9.54,60,6119.59,2018-12-02,2026-06-13,Active
LOAN007083,CUST018535,Home Loan,4841787,9.85,60,102516.68,2023-12-14,2027-02-18,Closed
LOAN007084,CUST012446,Education Loan,2792761,8.2,36,87772.88,2019-05-14,2024-11-01,Defaulted
LOAN007085,CUST003287,Gold Loan,4581756,9.47,120,59211.57,2021-04-25,2034-05-28,Defaulted
LOAN007086,CUST011399,Personal Loan,2439829,12.84,240,28306.8,2023-03-09,2025-11-21,Defaulted
LOAN007087,CUST014736,Gold Loan,1249931,11.92,60,27753.52,2017-04-07,2034-04-11,Active
LOAN007088,CUST005842,Car Loan,4036222,14.31,36,138556.99,2018-06-28,2020-05-15,Closed
LOAN007089,CUST007111,Home Loan,4902740,8.76,24,223440.93,2017-07-02,2019-11-05,Defaulted
LOAN007090,CUST005804,Home Loan,2681717,10.56,180,29743.5,2018-10-12,2033-12-28,Defaulted
LOAN007091,CUST016018,Education Loan,4313477,9.9,24,198846.05,2022-10-07,2033-04-26,Active
LOAN007092,CUST006519,Gold Loan,3675308,9.44,240,34114.82,2025-06-16,2030-05-30,Closed
LOAN007093,CUST001504,Gold Loan,4390886,12.32,36,146512.25,2019-02-11,2037-04-10,Closed
LOAN007094,CUST001188,Home Loan,387690,9.04,180,3941.44,2016-11-01,2037-04-28,Defaulted
LOAN007095,CUST004317,Education Loan,4963917,12.26,84,88318.4,2024-10-21,2042-04-06,Defaulted
LOAN007096,CUST012063,Home Loan,3186540,9.16,240,28998.85,2023-04-02,2033-09-22,Defaulted
LOAN007097,CUST013329,Personal Loan,488774,13.21,60,11173.72,2017-07-11,2031-07-01,Closed
LOAN007098,CUST019150,Car Loan,4531918,9.36,240,41829.97,2019-08-28,2039-04-05,Closed
LOAN007099,CUST015870,Gold Loan,2857795,9.74,84,47059.75,2024-10-25,2029-07-06,Defaulted
LOAN007100,CUST012027,Gold Loan,522589,13.36,12,46764.54,2019-06-21,2031-10-07,Active
LOAN007101,CUST004686,Car Loan,3800804,9.01,12,332403.55,2020-06-01,2034-03-23,Active
LOAN007102,CUST007198,Personal Loan,1806715,13.87,84,33728.25,2019-11-07,2037-12-07,Defaulted
LOAN007103,CUST004683,Gold Loan,3468408,7.93,12,301599.12,2023-02-20,2046-06-11,Defaulted
LOAN007104,CUST019882,Gold Loan,3223037,11.22,84,55559.77,2024-02-15,2025-01-19,Closed
LOAN007105,CUST008146,Car Loan,3147292,14.33,12,283075.19,2018-02-28,2038-10-21,Active
LOAN007106,CUST002992,Home Loan,2875465,11.92,60,63846.95,2022-05-28,2023-09-21,Active
LOAN007107,CUST017050,Personal Loan,4441889,13.37,180,57286.37,2020-10-29,2022-02-06,Defaulted
LOAN007108,CUST004765,Personal Loan,4784561,12.15,120,69060.07,2021-10-01,2027-07-01,Defaulted
LOAN007109,CUST016907,Car Loan,1659827,12.6,84,29835.73,2018-03-10,2039-03-21,Active
LOAN007110,CUST019832,Education Loan,2101863,11.45,60,46172.71,2024-12-02,2033-09-21,Active
LOAN007111,CUST003326,Car Loan,251712,10.51,12,22189.23,2024-07-19,2025-07-25,Defaulted
LOAN007112,CUST013407,Home Loan,4361174,9.05,84,70277.98,2017-12-19,2018-03-20,Active
LOAN007113,CUST012740,Education Loan,1105549,11.61,240,11873.81,2019-06-14,2020-12-31,Defaulted
LOAN007114,CUST019593,Home Loan,569069,11.02,12,50300.57,2020-07-23,2020-09-26,Defaulted
LOAN007115,CUST011012,Education Loan,1809453,13.05,120,27070.47,2022-02-16,2034-05-21,Active
LOAN007116,CUST000825,Car Loan,4984277,13.98,24,239262.42,2018-10-04,2035-02-11,Closed
LOAN007117,CUST014462,Home Loan,3442719,10.4,36,111734.52,2025-04-21,2032-02-10,Closed
LOAN007118,CUST019784,Gold Loan,712967,13.58,120,10890.65,2023-08-25,2027-04-26,Defaulted
LOAN007119,CUST016253,Gold Loan,3909851,12.3,36,130423.94,2023-11-07,2046-05-25,Defaulted
LOAN007120,CUST015591,Home Loan,974759,12.12,12,86660.89,2023-04-02,2035-08-05,Active
LOAN007121,CUST008405,Gold Loan,3522837,10.26,240,34605.2,2018-12-06,2033-11-30,Defaulted
LOAN007122,CUST001613,Gold Loan,3537383,11.47,120,49673.3,2024-11-04,2032-06-30,Closed
LOAN007123,CUST004956,Home Loan,661689,8.13,84,10356.13,2024-07-17,2039-01-13,Closed
LOAN007124,CUST007754,Personal Loan,3818942,12.09,36,127007.75,2022-10-19,2026-01-27,Defaulted
LOAN007125,CUST019324,Home Loan,2529903,12.23,60,56570.78,2019-11-11,2039-03-20,Defaulted
LOAN007126,CUST006134,Education Loan,2625634,13.14,240,31023.53,2020-01-08,2020-04-22,Defaulted
LOAN007127,CUST006235,Gold Loan,1588261,13.32,180,20430.92,2024-02-25,2045-12-31,Active
LOAN007128,CUST012383,Education Loan,2299243,13.62,60,53047.48,2018-04-11,2030-06-13,Closed
LOAN007129,CUST009304,Car Loan,907129,8.84,60,18760.14,2024-04-15,2030-12-07,Closed
LOAN007130,CUST007793,Home Loan,4381024,12.24,12,389740.72,2017-09-27,2024-02-16,Closed
LOAN007131,CUST001452,Car Loan,1509857,10.24,12,132909.01,2022-06-17,2044-11-29,Closed
LOAN007132,CUST015720,Gold Loan,970682,10.76,240,9861.21,2021-06-09,2026-02-28,Active
LOAN007133,CUST001514,Car Loan,1931164,9.54,12,169367.12,2023-03-08,2045-01-12,Active
LOAN007134,CUST002676,Education Loan,4870737,11.83,24,228896.01,2020-06-30,2038-11-15,Defaulted
LOAN007135,CUST007811,Personal Loan,291546,10.25,36,9441.63,2021-08-15,2027-12-29,Defaulted
LOAN007136,CUST013609,Home Loan,1900567,9.77,120,24874.7,2023-03-06,2046-07-13,Closed
LOAN007137,CUST006609,Gold Loan,2492154,9.83,36,80216.04,2021-11-05,2042-11-24,Defaulted
LOAN007138,CUST018311,Gold Loan,2961084,11.7,12,262673.34,2018-06-16,2036-08-01,Active
LOAN007139,CUST007828,Car Loan,442233,10.35,12,38951.33,2022-01-26,2044-05-28,Active
LOAN007140,CUST007688,Personal Loan,4545259,13.17,60,103814.59,2017-04-03,2036-09-20,Closed
LOAN007141,CUST016876,Education Loan,3220721,8.28,84,50649.31,2022-02-25,2022-08-31,Closed
LOAN007142,CUST012401,Car Loan,4025178,8.05,84,62837.6,2019-03-06,2024-08-23,Closed
LOAN007143,CUST016814,Education Loan,1361119,7.64,12,118175.16,2017-06-23,2044-02-21,Closed
LOAN007144,CUST001745,Personal Loan,2478972,8.61,84,39395.47,2019-06-15,2025-08-27,Active
LOAN007145,CUST019351,Home Loan,3420172,13.74,24,163792.54,2021-09-19,2030-11-22,Active
LOAN007146,CUST004863,Personal Loan,1977541,9.96,12,173820.48,2018-08-15,2026-06-07,Defaulted
LOAN007147,CUST001823,Gold Loan,2083145,8.02,84,32489.11,2024-12-18,2034-03-10,Defaulted
LOAN007148,CUST000812,Education Loan,4320683,9.01,12,377870.15,2017-10-26,2017-11-06,Closed
LOAN007149,CUST000869,Personal Loan,2073684,8.29,84,32621.31,2016-11-25,2024-07-19,Defaulted
LOAN007150,CUST012605,Home Loan,4990985,11.52,240,53294.14,2016-10-15,2042-01-10,Active
LOAN007151,CUST019868,Gold Loan,1129862,9.78,24,52022.75,2018-05-24,2027-04-11,Active
LOAN007152,CUST019931,Education Loan,2216335,14.4,60,52031.0,2024-05-21,2045-06-16,Closed
LOAN007153,CUST019488,Education Loan,4089380,7.56,24,184132.02,2021-10-31,2029-02-24,Defaulted
LOAN007154,CUST013195,Personal Loan,2916887,9.06,84,47018.89,2020-03-07,2039-01-22,Closed
LOAN007155,CUST007022,Gold Loan,4997174,8.5,12,435852.43,2018-11-04,2029-04-10,Closed
LOAN007156,CUST014360,Car Loan,779287,10.94,240,8011.91,2020-10-18,2040-05-09,Defaulted
LOAN007157,CUST003281,Education Loan,2472466,8.51,12,215659.4,2018-02-12,2028-11-28,Closed
LOAN007158,CUST018083,Education Loan,4604679,12.42,180,56514.17,2023-03-03,2025-09-20,Active
LOAN007159,CUST011608,Home Loan,4470112,11.92,240,48970.7,2024-10-15,2037-04-23,Closed
LOAN007160,CUST011202,Education Loan,769673,8.93,84,12356.0,2023-02-03,2039-04-08,Closed
LOAN007161,CUST009939,Personal Loan,1651501,8.86,12,144319.0,2022-02-22,2034-09-17,Defaulted
LOAN007162,CUST017979,Car Loan,1610106,11.65,24,75530.38,2023-10-04,2043-07-22,Active
LOAN007163,CUST017500,Gold Loan,2917825,7.87,36,91259.15,2024-11-03,2046-04-28,Active
LOAN007164,CUST010969,Home Loan,4170032,11.69,180,49218.75,2025-02-23,2029-03-02,Active
LOAN007165,CUST013155,Personal Loan,4316376,13.9,180,57193.26,2022-12-22,2026-04-01,Closed
LOAN007166,CUST019621,Personal Loan,3584511,10.22,36,116032.68,2022-09-18,2045-03-14,Defaulted
LOAN007167,CUST005415,Car Loan,537124,7.7,240,4392.96,2017-04-17,2043-12-27,Closed
LOAN007168,CUST010572,Home Loan,1614284,12.73,24,76541.44,2022-04-13,2043-04-21,Closed
LOAN007169,CUST014919,Education Loan,1669346,11.3,180,19289.39,2023-02-27,2024-04-16,Closed
LOAN007170,CUST019381,Home Loan,317438,9.38,36,10150.68,2019-02-04,2042-08-16,Defaulted
LOAN007171,CUST014669,Car Loan,227204,12.56,24,10754.8,2019-07-17,2027-11-08,Defaulted
LOAN007172,CUST014020,Personal Loan,3857913,9.69,60,81382.03,2025-03-18,2040-12-11,Active
LOAN007173,CUST003525,Car Loan,1078875,9.82,12,94759.96,2019-04-24,2035-02-25,Active
LOAN007174,CUST007362,Car Loan,4386306,8.74,24,199864.41,2016-09-13,2027-02-20,Defaulted
LOAN007175,CUST010816,Gold Loan,3264706,8.28,84,51341.03,2022-06-06,2027-10-07,Defaulted
LOAN007176,CUST017196,Car Loan,2459351,11.33,24,115002.2,2019-04-30,2024-06-09,Active
LOAN007177,CUST006150,Car Loan,603490,9.93,24,27828.51,2018-03-24,2036-07-08,Closed
LOAN007178,CUST005421,Home Loan,1970814,8.82,12,172186.13,2021-11-21,2037-02-21,Active
LOAN007179,CUST006725,Home Loan,3483665,11.28,84,60162.94,2017-03-08,2019-06-04,Closed
LOAN007180,CUST016001,Personal Loan,4362899,10.67,12,384929.0,2024-10-11,2032-12-15,Active
LOAN007181,CUST005080,Education Loan,3016110,13.6,12,270240.5,2023-10-06,2034-07-07,Active
LOAN007182,CUST018069,Gold Loan,3927802,12.21,36,130853.54,2018-06-01,2033-04-19,Closed
LOAN007183,CUST002559,Education Loan,3035617,10.34,84,50929.73,2023-02-21,2027-04-05,Active
LOAN007184,CUST004964,Personal Loan,264905,10.93,12,23404.09,2017-01-16,2036-12-13,Closed
LOAN007185,CUST015939,Gold Loan,310541,11.82,60,6879.6,2021-07-05,2032-01-11,Closed
LOAN007186,CUST001845,Home Loan,1929499,9.39,24,88494.33,2023-02-09,2026-02-01,Active
LOAN007187,CUST010467,Education Loan,4461390,8.06,24,201898.69,2019-05-15,2024-05-28,Active
LOAN007188,CUST017262,Gold Loan,2551845,13.69,36,86832.29,2021-05-16,2026-03-05,Defaulted
LOAN007189,CUST015889,Education Loan,2261781,8.42,84,35727.74,2019-01-25,2040-11-09,Closed
LOAN007190,CUST012021,Home Loan,943104,8.87,12,82418.99,2024-06-09,2024-08-21,Active
LOAN007191,CUST011528,Education Loan,1257409,9.87,36,40496.35,2021-12-16,2043-11-07,Closed
LOAN007192,CUST019511,Gold Loan,2390220,13.7,12,214273.72,2025-03-04,2035-08-08,Closed
LOAN007193,CUST017506,Home Loan,251084,11.25,240,2634.51,2020-06-15,2024-08-31,Defaulted
LOAN007194,CUST004534,Gold Loan,1191302,14.34,60,27929.95,2023-12-21,2032-10-23,Active
LOAN007195,CUST017323,Personal Loan,1443910,14.17,84,27194.67,2017-12-28,2041-07-28,Defaulted
LOAN007196,CUST008659,Personal Loan,3254712,11.72,240,35203.89,2025-01-30,2045-03-09,Defaulted
LOAN007197,CUST004045,Personal Loan,2760034,14.1,120,43020.17,2016-09-22,2021-05-10,Closed
LOAN007198,CUST012538,Home Loan,862742,9.12,60,17959.39,2024-07-02,2042-11-19,Closed
LOAN007199,CUST019336,Gold Loan,4239006,12.81,240,49090.51,2017-05-29,2035-12-30,Closed
LOAN007200,CUST010573,Education Loan,4634382,9.63,180,48757.56,2022-09-05,2034-12-03,Active
LOAN007201,CUST016724,Gold Loan,3637469,8.34,84,57312.49,2024-01-21,2027-05-11,Active
LOAN007202,CUST005295,Home Loan,3656668,13.68,36,124408.68,2017-07-09,2033-10-01,Active
LOAN007203,CUST004474,Education Loan,4879672,8.32,24,221407.2,2017-04-08,2023-12-09,Active
LOAN007204,CUST003373,Car Loan,1946186,12.42,24,91995.92,2025-03-11,2042-03-23,Closed
LOAN007205,CUST009469,Car Loan,3682925,11.78,36,121939.18,2021-05-21,2037-05-21,Active
LOAN007206,CUST006409,Gold Loan,4596087,11.66,12,407626.09,2017-10-08,2041-06-28,Closed
LOAN007207,CUST010092,Education Loan,2516975,10.61,36,81938.45,2019-01-22,2030-09-05,Closed
LOAN007208,CUST003635,Personal Loan,3831668,11.2,120,53215.95,2024-06-18,2028-12-22,Closed
LOAN007209,CUST007477,Personal Loan,3719069,13.71,180,48805.88,2016-09-20,2026-06-27,Defaulted
LOAN007210,CUST015790,Home Loan,3902470,11.42,24,182647.59,2018-10-17,2037-10-22,Defaulted
LOAN007211,CUST001744,Personal Loan,1388869,14.25,180,18730.0,2025-06-08,2033-08-09,Active
LOAN007212,CUST005350,Gold Loan,2194519,8.95,240,19674.14,2022-02-12,2026-10-15,Closed
LOAN007213,CUST010770,Car Loan,3120524,13.23,120,47017.06,2017-10-23,2021-03-22,Defaulted
LOAN007214,CUST016402,Car Loan,2600154,13.41,84,47883.41,2019-02-06,2044-08-24,Defaulted
LOAN007215,CUST002017,Education Loan,3645140,13.25,36,123258.56,2021-12-16,2026-04-01,Closed
LOAN007216,CUST003518,Home Loan,918419,8.69,36,29073.15,2022-09-30,2025-09-05,Active
LOAN007217,CUST011855,Education Loan,2426628,11.2,24,113325.34,2018-06-25,2026-09-07,Closed
LOAN007218,CUST018570,Gold Loan,2921821,10.34,84,49020.53,2020-01-26,2033-01-19,Closed
LOAN007219,CUST018873,Home Loan,4791816,11.86,120,68361.39,2019-02-13,2029-03-20,Closed
LOAN007220,CUST013661,Education Loan,3597756,8.32,180,35049.95,2021-09-17,2030-06-20,Closed
LOAN007221,CUST019416,Personal Loan,2817315,9.63,180,29640.5,2017-09-04,2041-02-28,Defaulted
LOAN007222,CUST017955,Car Loan,1448381,7.75,120,17382.11,2016-11-04,2037-04-05,Closed
LOAN007223,CUST014880,Personal Loan,2840606,13.76,120,43696.09,2021-12-01,2033-01-25,Defaulted
LOAN007224,CUST004605,Education Loan,490808,14.22,240,6181.88,2022-05-16,2041-03-04,Active
LOAN007225,CUST003397,Education Loan,1289274,12.44,12,114815.98,2022-11-07,2040-11-26,Active
LOAN007226,CUST006148,Home Loan,4905528,7.72,24,221237.82,2022-12-23,2031-11-26,Closed
LOAN007227,CUST016454,Car Loan,1060280,13.59,120,16202.22,2018-11-13,2020-05-09,Closed
LOAN007228,CUST000030,Gold Loan,3160589,11.16,120,43823.86,2018-08-29,2020-03-13,Defaulted
LOAN007229,CUST000521,Home Loan,1597041,11.32,120,22289.52,2021-04-27,2039-02-03,Active
LOAN007230,CUST006129,Education Loan,2241493,14.36,120,35289.68,2025-03-25,2028-09-09,Closed
LOAN007231,CUST017836,Gold Loan,2901543,8.69,84,46227.96,2020-06-12,2036-12-12,Closed
LOAN007232,CUST014668,Education Loan,4903591,8.88,84,78595.96,2017-10-19,2044-09-29,Closed
LOAN007233,CUST008591,Gold Loan,4720700,11.09,240,49015.99,2021-05-27,2041-07-06,Closed
LOAN007234,CUST000132,Personal Loan,2996191,11.72,12,265815.64,2022-11-17,2045-11-13,Active
LOAN007235,CUST019897,Education Loan,451552,11.78,24,21209.76,2023-08-07,2040-08-23,Closed
LOAN007236,CUST004644,Gold Loan,3865688,8.87,12,337827.13,2022-05-30,2046-02-09,Closed
LOAN007237,CUST005525,Gold Loan,121604,9.11,24,5561.59,2022-02-10,2031-02-03,Defaulted
LOAN007238,CUST003818,Education Loan,3657659,11.84,36,121207.29,2022-09-30,2041-04-07,Active
LOAN007239,CUST015702,Education Loan,4693165,10.43,12,413542.94,2019-07-29,2035-04-17,Active
LOAN007240,CUST010002,Education Loan,4557454,11.61,240,48947.92,2019-10-26,2040-08-17,Active
LOAN007241,CUST017691,Home Loan,3403351,14.06,180,45461.11,2021-03-21,2042-10-22,Defaulted
LOAN007242,CUST016738,Personal Loan,822759,11.44,120,11539.39,2020-02-01,2043-10-02,Active
LOAN007243,CUST004827,Home Loan,3427461,14.41,12,308403.43,2023-07-25,2033-03-02,Active
LOAN007244,CUST018686,Personal Loan,2534558,8.5,36,80009.75,2016-08-22,2026-04-01,Active
LOAN007245,CUST006175,Gold Loan,765553,11.55,84,13330.56,2020-09-03,2032-03-28,Active
LOAN007246,CUST005529,Gold Loan,1467753,7.92,84,22818.26,2022-08-16,2026-01-22,Closed
LOAN007247,CUST010265,Car Loan,4966725,10.98,12,438921.06,2021-04-16,2028-06-16,Closed
LOAN007248,CUST019293,Gold Loan,1266159,12.51,180,15613.93,2022-04-13,2022-08-11,Active
LOAN007249,CUST001980,Car Loan,2333410,14.42,180,31736.18,2022-11-11,2039-07-17,Defaulted
LOAN007250,CUST008488,Personal Loan,3922986,13.97,24,188298.28,2022-07-20,2043-06-23,Closed
LOAN007251,CUST012488,Personal Loan,1622672,13.46,240,19545.05,2020-05-20,2029-04-16,Active
LOAN007252,CUST018387,Education Loan,4881851,9.54,24,224237.59,2024-08-27,2038-04-15,Closed
LOAN007253,CUST008204,Home Loan,3732744,11.64,12,331021.48,2022-03-03,2027-06-09,Active
LOAN007254,CUST009963,Gold Loan,3354899,11.77,84,58811.28,2017-06-15,2039-02-04,Defaulted
LOAN007255,CUST014565,Education Loan,2623125,7.72,24,118302.14,2019-10-24,2021-01-14,Active
LOAN007256,CUST018055,Education Loan,3332261,10.56,12,293827.28,2017-07-21,2036-05-08,Defaulted
LOAN007257,CUST012812,Home Loan,425002,7.51,240,3426.39,2020-10-16,2027-03-19,Active
LOAN007258,CUST018815,Personal Loan,3928523,12.53,36,131479.87,2024-11-12,2026-03-01,Defaulted
LOAN007259,CUST016585,Car Loan,391310,9.79,60,8273.81,2025-02-27,2046-04-08,Closed
LOAN007260,CUST003598,Gold Loan,2075826,9.41,84,33831.66,2019-06-16,2036-06-08,Defaulted
LOAN007261,CUST015873,Gold Loan,4438501,7.68,60,89318.59,2020-11-15,2040-04-28,Closed
LOAN007262,CUST014876,Home Loan,451664,11.92,12,40112.9,2017-12-11,2043-01-29,Closed
LOAN007263,CUST002202,Gold Loan,2300035,10.57,84,38864.11,2021-03-02,2034-03-28,Closed
LOAN007264,CUST007855,Education Loan,228236,12.2,240,2544.97,2018-05-10,2036-06-12,Defaulted
LOAN007265,CUST001580,Car Loan,2217132,12.48,12,197487.69,2016-08-31,2019-03-28,Active
LOAN007266,CUST004399,Home Loan,2121572,13.21,84,38838.19,2017-04-25,2044-03-10,Closed
LOAN007267,CUST007629,Personal Loan,2154535,10.53,180,23856.29,2021-08-15,2045-09-10,Closed
LOAN007268,CUST019017,Home Loan,2131278,11.68,240,22993.49,2022-07-21,2034-02-27,Active
LOAN007269,CUST002327,Home Loan,404184,11.9,60,8970.44,2022-12-26,2038-01-01,Active
LOAN007270,CUST016580,Education Loan,1410189,10.43,24,65353.3,2023-03-17,2044-06-06,Closed
LOAN007271,CUST016799,Education Loan,4901679,10.61,12,432327.33,2017-09-22,2040-04-21,Defaulted
LOAN007272,CUST019978,Personal Loan,4623541,12.86,24,219507.65,2019-02-03,2045-05-31,Closed
LOAN007273,CUST012196,Car Loan,3387072,10.83,36,110615.91,2020-09-05,2042-08-12,Active
LOAN007274,CUST011370,Personal Loan,2681570,8.44,84,42385.78,2021-02-01,2023-09-30,Active
LOAN007275,CUST016713,Gold Loan,4518063,11.45,60,99250.61,2018-04-02,2021-03-18,Defaulted
LOAN007276,CUST014888,Personal Loan,4470862,10.5,240,44636.19,2023-04-27,2040-11-02,Defaulted
LOAN007277,CUST013666,Education Loan,2178524,9.73,180,23052.0,2021-11-02,2039-09-12,Closed
LOAN007278,CUST008705,Car Loan,3884286,10.58,60,83642.48,2018-09-18,2045-04-08,Active
LOAN007279,CUST008175,Car Loan,344092,13.78,36,11723.52,2019-02-25,2019-06-10,Defaulted
LOAN007280,CUST012310,Gold Loan,224235,12.37,84,4002.87,2024-09-11,2032-03-24,Active
LOAN007281,CUST005925,Car Loan,3354648,7.58,120,39960.47,2021-11-16,2035-11-23,Defaulted
LOAN007282,CUST009702,Personal Loan,2418127,11.09,120,33433.01,2024-10-09,2038-10-13,Defaulted
LOAN007283,CUST011716,Personal Loan,4300493,9.42,24,197296.67,2023-06-30,2043-08-29,Closed
LOAN007284,CUST009327,Car Loan,2108865,10.41,84,35458.03,2020-04-23,2037-04-01,Defaulted
LOAN007285,CUST006865,Personal Loan,609319,10.46,240,6066.96,2023-11-02,2024-03-11,Closed
LOAN007286,CUST005067,Education Loan,862437,13.77,36,29379.8,2019-02-03,2029-10-17,Active
LOAN007287,CUST006841,Car Loan,452713,11.58,36,14945.9,2017-06-29,2022-06-25,Defaulted
LOAN007288,CUST007909,Car Loan,3402458,8.67,240,29894.43,2024-05-23,2038-10-03,Defaulted
LOAN007289,CUST014402,Car Loan,2733066,13.22,60,62493.88,2017-10-21,2021-11-15,Closed
LOAN007290,CUST014206,Education Loan,3118597,7.67,60,62742.52,2018-03-05,2039-07-09,Defaulted
LOAN007291,CUST002770,Home Loan,4966795,11.93,180,59386.39,2017-11-19,2025-01-09,Closed
LOAN007292,CUST000389,Home Loan,490358,7.6,240,3980.33,2019-08-17,2020-05-27,Active
LOAN007293,CUST001954,Gold Loan,1038372,11.19,60,22675.24,2025-05-07,2036-12-26,Closed
LOAN007294,CUST016121,Education Loan,1555236,8.38,36,49008.54,2018-08-03,2041-04-28,Closed
LOAN007295,CUST016252,Gold Loan,2799507,10.39,240,27743.17,2018-10-16,2034-03-27,Defaulted
LOAN007296,CUST012370,Home Loan,3317354,8.99,240,29825.76,2019-12-20,2041-04-07,Active
LOAN007297,CUST015755,Personal Loan,1237037,9.97,12,108737.95,2021-04-09,2031-05-24,Closed
LOAN007298,CUST017484,Education Loan,1175272,8.33,24,53331.43,2019-12-27,2039-10-14,Active
LOAN007299,CUST000316,Personal Loan,599266,9.71,60,12647.29,2020-09-14,2026-09-03,Closed
LOAN007300,CUST002005,Home Loan,728413,13.5,120,11091.86,2021-09-05,2025-03-15,Closed
LOAN007301,CUST015455,Car Loan,895116,10.05,60,19040.6,2021-06-28,2022-11-09,Defaulted
LOAN007302,CUST000414,Personal Loan,4999672,13.62,240,60796.95,2024-01-25,2039-02-14,Closed
LOAN007303,CUST007316,Education Loan,1134889,12.83,84,20541.12,2023-09-17,2043-01-16,Active
LOAN007304,CUST013743,Education Loan,4007319,10.73,120,54590.15,2025-04-30,2039-12-25,Active
LOAN007305,CUST018483,Gold Loan,2976268,8.66,84,47373.45,2024-03-18,2026-08-16,Closed
LOAN007306,CUST006626,Education Loan,1442029,11.75,240,15627.37,2021-08-26,2022-11-03,Defaulted
LOAN007307,CUST006087,Gold Loan,2206865,13.28,120,33316.33,2023-05-01,2037-01-13,Active
LOAN007308,CUST003384,Education Loan,924539,13.13,36,31209.3,2025-01-21,2042-10-05,Closed
LOAN007309,CUST007301,Home Loan,2872533,14.17,180,38583.36,2025-07-17,2029-11-30,Active
LOAN007310,CUST014174,Gold Loan,2620118,13.72,36,89193.52,2024-11-11,2037-01-01,Active
LOAN007311,CUST012842,Home Loan,2477041,11.14,180,28372.12,2022-02-12,2023-06-24,Defaulted
LOAN007312,CUST000606,Gold Loan,1204845,7.61,60,24205.65,2024-04-30,2039-06-01,Closed
LOAN007313,CUST000016,Personal Loan,1362314,14.06,24,65447.24,2018-04-02,2041-09-19,Active
LOAN007314,CUST009933,Gold Loan,4634135,9.63,60,97620.13,2017-07-13,2036-06-09,Active
LOAN007315,CUST016187,Car Loan,3954517,8.47,180,38872.18,2019-11-12,2032-02-05,Defaulted
LOAN007316,CUST006413,Gold Loan,477155,8.34,60,9752.81,2021-11-02,2031-01-31,Closed
LOAN007317,CUST011273,Education Loan,3168586,11.21,12,280355.36,2021-01-13,2024-03-22,Active
LOAN007318,CUST012613,Car Loan,3758942,7.73,12,326515.39,2018-05-24,2044-07-21,Defaulted
LOAN007319,CUST010805,Home Loan,173006,9.6,84,2836.47,2018-09-12,2025-09-04,Closed
LOAN007320,CUST005767,Car Loan,1906796,8.73,24,86875.46,2018-10-25,2030-11-02,Active
LOAN007321,CUST003050,Gold Loan,3184751,11.59,240,34160.84,2022-04-20,2035-03-21,Closed
LOAN007322,CUST003953,Gold Loan,4197806,10.17,240,40983.68,2020-11-17,2031-08-08,Active
LOAN007323,CUST016416,Home Loan,606976,12.49,240,6891.82,2022-01-02,2028-05-24,Defaulted
LOAN007324,CUST000310,Car Loan,2635095,14.19,12,236833.22,2019-03-06,2023-12-31,Defaulted
LOAN007325,CUST005465,Car Loan,608531,8.02,240,5097.57,2024-04-19,2036-11-16,Active
LOAN007326,CUST001484,Education Loan,1483769,13.67,36,50474.22,2019-01-09,2022-01-24,Closed
LOAN007327,CUST001254,Education Loan,1714358,8.22,60,34941.78,2019-10-11,2040-01-06,Defaulted
LOAN007328,CUST008830,Personal Loan,798740,7.7,120,9564.77,2019-01-03,2040-04-04,Active
LOAN007329,CUST010187,Gold Loan,634016,13.01,84,11537.44,2016-10-30,2030-12-23,Closed
LOAN007330,CUST005988,Home Loan,4063215,11.93,180,48582.57,2022-05-29,2033-04-03,Defaulted
LOAN007331,CUST006037,Personal Loan,3105950,11.45,60,68230.0,2022-07-27,2041-08-16,Active
LOAN007332,CUST001150,Home Loan,4442742,12.19,240,49508.18,2020-09-03,2025-08-18,Closed
LOAN007333,CUST009903,Home Loan,4855113,9.77,24,223523.78,2021-12-03,2028-07-23,Closed
LOAN007334,CUST002518,Personal Loan,2221652,12.39,60,49858.38,2025-01-16,2043-10-14,Active
LOAN007335,CUST013437,Personal Loan,2021941,12.25,60,45232.82,2018-09-17,2037-07-12,Defaulted
LOAN007336,CUST009755,Car Loan,129841,8.66,24,5911.52,2020-02-17,2031-02-18,Defaulted
LOAN007337,CUST014943,Home Loan,1673892,11.81,180,19885.36,2019-04-26,2033-09-28,Active
LOAN007338,CUST002129,Car Loan,3612669,10.27,60,77239.37,2018-06-08,2034-06-27,Closed
LOAN007339,CUST000703,Car Loan,3958907,13.77,12,355030.56,2024-08-03,2027-11-30,Active
LOAN007340,CUST001948,Personal Loan,1960304,8.27,12,170768.58,2016-08-07,2024-02-29,Closed
LOAN007341,CUST004867,Personal Loan,2116720,10.69,180,23648.15,2017-06-26,2017-07-21,Active
LOAN007342,CUST003675,Gold Loan,3153892,9.16,84,50999.68,2022-12-20,2023-03-10,Closed
LOAN007343,CUST003843,Personal Loan,2180072,13.58,24,104239.51,2022-01-11,2028-10-16,Closed
LOAN007344,CUST006570,Education Loan,3890486,10.58,240,39051.12,2020-11-04,2040-10-01,Defaulted
LOAN007345,CUST007591,Home Loan,3151677,10.17,12,277331.73,2022-06-13,2023-12-16,Closed
LOAN007346,CUST012203,Home Loan,4014568,13.74,24,192258.25,2018-11-07,2025-07-27,Closed
LOAN007347,CUST009802,Gold Loan,1639483,9.4,120,21124.85,2016-09-19,2024-04-04,Closed
LOAN007348,CUST001112,Gold Loan,2224978,8.35,12,193907.59,2017-11-08,2028-06-16,Active
LOAN007349,CUST017553,Education Loan,491397,8.03,12,42752.67,2022-03-23,2030-04-19,Closed
LOAN007350,CUST001905,Education Loan,3947470,12.62,84,70999.24,2022-03-26,2045-07-28,Closed
LOAN007351,CUST012879,Gold Loan,902061,11.8,36,29875.24,2022-04-14,2023-04-10,Defaulted
LOAN007352,CUST000638,Education Loan,2270693,13.53,24,108519.02,2021-12-05,2030-05-13,Defaulted
LOAN007353,CUST000249,Home Loan,3012567,11.68,12,267212.16,2017-04-08,2042-05-02,Defaulted
LOAN007354,CUST002407,Education Loan,4698580,13.37,24,224196.5,2018-01-04,2034-05-25,Active
LOAN007355,CUST019426,Car Loan,1396124,7.86,84,21663.04,2022-10-08,2038-12-31,Active
LOAN007356,CUST010658,Car Loan,4707563,12.89,12,420223.79,2025-07-21,2044-03-18,Closed
LOAN007357,CUST006747,Home Loan,2230261,11.54,36,73587.54,2020-05-23,2045-05-05,Active
LOAN007358,CUST000697,Home Loan,3939274,11.88,24,185214.63,2023-08-05,2032-04-01,Defaulted
LOAN007359,CUST018893,Home Loan,3436677,14.02,120,53401.39,2022-09-22,2036-06-12,Defaulted
LOAN007360,CUST001887,Education Loan,3913747,8.55,36,123638.05,2024-12-07,2038-01-24,Closed
LOAN007361,CUST017614,Gold Loan,1403377,13.14,120,21069.97,2017-09-23,2029-07-20,Active
LOAN007362,CUST010281,Home Loan,3685375,8.42,60,75469.09,2025-05-13,2031-07-30,Defaulted
LOAN007363,CUST002229,Car Loan,2749857,11.19,12,243280.7,2020-01-06,2034-03-31,Defaulted
LOAN007364,CUST010811,Home Loan,4578628,8.41,24,207936.17,2021-02-20,2038-09-18,Closed
LOAN007365,CUST014555,Personal Loan,2531001,8.14,12,220331.67,2021-11-20,2041-02-09,Defaulted
LOAN007366,CUST010145,Gold Loan,2366623,11.45,84,41084.47,2024-08-22,2030-12-01,Closed
LOAN007367,CUST005613,Education Loan,2454384,7.75,120,29455.22,2016-09-22,2033-12-18,Defaulted
LOAN007368,CUST009806,Car Loan,1608601,14.11,240,20131.93,2018-11-24,2023-04-08,Closed
LOAN007369,CUST016280,Home Loan,4007619,11.71,120,56827.84,2018-09-19,2028-04-22,Active
LOAN007370,CUST007156,Car Loan,3758521,12.82,60,85171.98,2021-07-01,2029-07-01,Closed
LOAN007371,CUST000071,Personal Loan,157929,12.42,60,3546.65,2019-07-26,2033-11-03,Active
LOAN007372,CUST010671,Car Loan,2938733,11.91,240,32173.78,2023-02-26,2038-01-21,Active
LOAN007373,CUST014412,Car Loan,2648012,9.28,36,84551.58,2017-08-10,2032-01-26,Active
LOAN007374,CUST005769,Education Loan,3699918,9.75,120,48383.92,2017-09-23,2021-01-31,Closed
LOAN007375,CUST001179,Car Loan,3076911,9.86,240,29408.02,2017-03-03,2041-06-13,Closed
LOAN007376,CUST007478,Home Loan,2717876,11.88,180,32409.55,2024-05-08,2035-09-03,Closed
LOAN007377,CUST012372,Gold Loan,3825488,8.32,84,60236.59,2019-12-02,2042-11-29,Active
LOAN007378,CUST017788,Education Loan,3413087,8.85,84,54653.96,2018-12-22,2031-08-25,Closed
LOAN007379,CUST001892,Home Loan,1601036,13.91,60,37178.65,2023-11-30,2036-05-12,Closed
LOAN007380,CUST004845,Gold Loan,2080879,12.53,36,69642.89,2019-03-18,2041-08-19,Defaulted
LOAN007381,CUST013177,Home Loan,3778741,13.39,12,338198.65,2018-12-19,2020-06-24,Defaulted
LOAN007382,CUST002011,Home Loan,4558903,8.71,24,207666.24,2018-06-12,2018-10-07,Closed
LOAN007383,CUST016861,Home Loan,289142,13.07,24,13755.85,2024-12-18,2036-04-27,Active
LOAN007384,CUST014706,Home Loan,3779053,7.79,120,45432.08,2021-03-30,2041-11-10,Closed
LOAN007385,CUST013533,Home Loan,3138030,10.22,24,145123.01,2022-02-17,2023-02-01,Closed
LOAN007386,CUST006426,Personal Loan,313062,8.26,24,14196.1,2018-10-17,2024-01-18,Active
LOAN007387,CUST017340,Gold Loan,4881647,10.67,240,49296.1,2016-12-10,2043-11-14,Defaulted
LOAN007388,CUST013223,Education Loan,2169256,12.89,240,25244.68,2019-06-20,2040-06-15,Defaulted
LOAN007389,CUST012656,Personal Loan,1185209,8.29,24,53760.69,2017-07-21,2045-12-27,Active
LOAN007390,CUST005965,Gold Loan,535261,13.1,180,6807.61,2022-10-05,2028-02-13,Active
LOAN007391,CUST006248,Personal Loan,1677597,10.29,120,22439.85,2020-08-23,2045-02-05,Defaulted
LOAN007392,CUST015082,Gold Loan,1174331,13.38,12,105097.52,2020-08-22,2044-07-20,Active
LOAN007393,CUST002090,Education Loan,4261666,10.16,60,90883.68,2023-03-18,2026-01-01,Active
LOAN007394,CUST018885,Personal Loan,3250377,11.74,12,288396.86,2024-12-05,2034-12-21,Active
LOAN007395,CUST016211,Gold Loan,2894054,9.33,36,92475.27,2019-06-07,2040-05-10,Defaulted
LOAN007396,CUST004192,Home Loan,3446017,14.14,180,46216.62,2017-03-18,2041-03-09,Active
LOAN007397,CUST009761,Home Loan,2168795,13.58,240,26310.41,2023-04-27,2042-11-29,Closed
LOAN007398,CUST016146,Home Loan,3334130,14.37,120,52512.15,2021-10-02,2044-01-15,Closed
LOAN007399,CUST019957,Home Loan,314465,13.37,240,3767.39,2022-04-17,2027-04-21,Closed
LOAN007400,CUST002958,Gold Loan,192956,8.05,240,1619.97,2017-05-26,2038-01-25,Active
LOAN007401,CUST017556,Education Loan,2112272,11.1,36,69253.15,2020-12-16,2021-12-23,Defaulted
LOAN007402,CUST011987,Personal Loan,4970267,8.41,120,61385.21,2021-02-09,2033-03-03,Closed
LOAN007403,CUST000434,Car Loan,1912196,9.08,24,87428.39,2019-06-03,2042-12-12,Active
LOAN007404,CUST003539,Education Loan,1857840,9.4,24,85216.31,2021-04-13,2040-05-02,Active
LOAN007405,CUST001084,Gold Loan,2725884,14.14,84,51294.15,2022-02-13,2036-06-04,Active
LOAN007406,CUST006908,Home Loan,2233326,10.69,84,37876.93,2024-11-18,2033-10-13,Active
LOAN007407,CUST010102,Car Loan,1388573,9.71,240,13134.33,2021-03-04,2042-07-27,Defaulted
LOAN007408,CUST010863,Car Loan,1365846,10.47,180,15072.65,2017-05-08,2027-04-28,Active
LOAN007409,CUST002854,Gold Loan,325841,11.35,120,4553.26,2025-05-08,2045-07-08,Closed
LOAN007410,CUST004121,Car Loan,4841207,9.02,36,153994.16,2020-08-12,2027-08-06,Active
LOAN007411,CUST008872,Personal Loan,3396649,13.34,24,162025.86,2020-06-22,2034-03-13,Closed
LOAN007412,CUST007079,Personal Loan,2465175,7.71,84,38067.54,2018-11-19,2034-03-16,Defaulted
LOAN007413,CUST012491,Car Loan,3295046,12.77,36,110658.44,2021-11-21,2042-12-25,Closed
LOAN007414,CUST007896,Car Loan,1159410,8.57,36,36637.34,2017-04-02,2035-10-31,Defaulted
LOAN007415,CUST000945,Education Loan,1959906,14.29,12,176241.85,2023-03-15,2037-08-06,Closed
LOAN007416,CUST008272,Education Loan,260275,7.97,84,4052.81,2019-01-10,2031-12-06,Active
LOAN007417,CUST012332,Gold Loan,1430768,11.53,120,20140.51,2018-12-14,2030-02-18,Active
LOAN007418,CUST010934,Personal Loan,4368319,12.44,24,206530.68,2018-03-08,2038-11-07,Defaulted
LOAN007419,CUST008407,Home Loan,660489,13.65,12,59194.69,2024-07-27,2029-05-15,Defaulted
LOAN007420,CUST015770,Car Loan,2735061,11.31,36,89944.44,2021-03-07,2039-03-05,Closed
LOAN007421,CUST010286,Personal Loan,1376627,9.42,36,44045.96,2018-02-01,2033-12-17,Active
LOAN007422,CUST015863,Personal Loan,351584,11.41,12,31140.86,2021-10-08,2042-03-07,Active
LOAN007423,CUST019590,Car Loan,3524605,10.92,60,76492.91,2020-10-13,2042-07-31,Active
LOAN007424,CUST001589,Car Loan,1990556,8.46,120,24637.48,2021-08-15,2033-04-06,Active
LOAN007425,CUST019218,Education Loan,2162482,8.78,240,19151.5,2022-04-30,2031-01-03,Closed
LOAN007426,CUST013112,Education Loan,3229903,7.83,84,50068.84,2017-08-11,2034-04-01,Defaulted
LOAN007427,CUST003329,Gold Loan,2781558,11.87,60,61691.65,2025-02-04,2025-09-12,Closed
LOAN007428,CUST003639,Gold Loan,2143112,12.75,60,48488.55,2017-11-28,2038-03-08,Closed
LOAN007429,CUST013869,Education Loan,1367250,12.33,12,121689.68,2024-06-12,2042-11-19,Closed
LOAN007430,CUST010240,Gold Loan,4060020,9.16,84,65652.13,2020-04-17,2026-12-31,Active
LOAN007431,CUST019724,Gold Loan,2193884,8.42,120,27107.24,2020-11-22,2043-05-04,Active
LOAN007432,CUST000368,Gold Loan,2405962,10.05,36,77690.12,2020-09-02,2032-12-07,Closed
LOAN007433,CUST009273,Car Loan,286256,13.21,84,5240.3,2024-05-20,2024-08-22,Active
LOAN007434,CUST014049,Home Loan,2663232,13.98,60,61941.14,2024-09-24,2025-02-14,Defaulted
LOAN007435,CUST015834,Home Loan,1508658,10.1,120,20020.66,2017-11-01,2025-05-10,Active
LOAN007436,CUST012995,Gold Loan,605739,11.67,24,28420.98,2023-09-28,2042-03-22,Defaulted
LOAN007437,CUST008046,Education Loan,4305431,9.56,36,138036.44,2024-03-14,2039-03-08,Defaulted
LOAN007438,CUST001153,Car Loan,3530104,10.31,120,47258.68,2024-05-05,2034-07-16,Defaulted
LOAN007439,CUST011720,Home Loan,156318,9.87,24,7203.91,2021-01-08,2034-08-19,Closed
LOAN007440,CUST008143,Education Loan,1005906,7.68,12,87353.42,2017-11-08,2026-12-21,Active
LOAN007441,CUST011754,Car Loan,1684303,8.99,12,147286.97,2023-07-03,2027-07-31,Defaulted
LOAN007442,CUST016032,Education Loan,1951559,13.03,180,24730.48,2018-09-06,2043-04-16,Defaulted
LOAN007443,CUST011171,Education Loan,2847582,7.95,12,247640.86,2021-08-26,2045-06-17,Closed
LOAN007444,CUST004314,Education Loan,217709,10.9,12,19231.33,2024-06-30,2045-03-29,Defaulted
LOAN007445,CUST006275,Personal Loan,959417,8.62,240,8399.05,2024-12-21,2045-07-18,Active
LOAN007446,CUST018410,Gold Loan,4148559,9.25,240,37995.28,2021-06-14,2024-01-02,Closed
LOAN007447,CUST009496,Home Loan,1924587,11.78,84,33748.2,2018-10-25,2042-12-29,Defaulted
LOAN007448,CUST011915,Car Loan,2669016,11.88,180,31826.91,2018-05-11,2027-12-19,Defaulted
LOAN007449,CUST017174,Home Loan,219832,11.6,240,2359.52,2016-10-14,2025-03-21,Active
LOAN007450,CUST002013,Gold Loan,2187751,14.29,12,196730.5,2024-01-06,2027-10-12,Defaulted
LOAN007451,CUST002616,Personal Loan,4299830,12.86,84,77895.45,2017-01-04,2045-08-26,Active
LOAN007452,CUST006788,Education Loan,2045043,11.19,240,21373.77,2022-10-16,2040-06-07,Closed
LOAN007453,CUST002475,Car Loan,2842863,13.55,36,96542.14,2021-07-04,2034-05-28,Defaulted
LOAN007454,CUST006766,Car Loan,1266696,10.6,240,12731.64,2019-05-02,2021-01-12,Active
LOAN007455,CUST014078,Car Loan,3271860,11.92,12,290578.36,2022-12-06,2024-07-18,Defaulted
LOAN007456,CUST002946,Gold Loan,2394283,10.24,84,40045.47,2021-09-13,2041-11-24,Defaulted
LOAN007457,CUST016952,Gold Loan,1305512,8.87,36,41435.99,2022-06-02,2034-06-27,Closed
LOAN007458,CUST013479,Home Loan,1655096,10.41,60,35500.72,2023-02-05,2036-06-23,Active
LOAN007459,CUST014650,Home Loan,486141,10.63,12,42882.09,2025-06-13,2041-02-18,Closed
LOAN007460,CUST019635,Gold Loan,3475808,10.02,24,160422.99,2023-04-16,2032-05-19,Closed
LOAN007461,CUST016108,Car Loan,2462025,13.19,120,37037.1,2024-11-16,2045-01-27,Defaulted
LOAN007462,CUST005861,Gold Loan,1581215,12.31,24,74662.4,2024-05-04,2045-08-06,Active
LOAN007463,CUST000185,Personal Loan,2249980,14.45,84,42725.94,2017-02-27,2030-04-29,Active
LOAN007464,CUST003712,Car Loan,2804120,9.54,180,29349.03,2021-08-29,2041-05-13,Defaulted
LOAN007465,CUST014844,Personal Loan,2768547,10.54,36,90036.77,2018-08-12,2032-04-27,Active
LOAN007466,CUST014175,Car Loan,3716378,10.72,60,80285.08,2017-09-18,2026-04-23,Active
LOAN007467,CUST012814,Education Loan,2427296,10.66,36,79076.3,2017-05-20,2038-12-04,Defaulted
LOAN007468,CUST007529,Education Loan,1456620,8.52,12,127059.57,2023-11-18,2037-10-31,Defaulted
LOAN007469,CUST012083,Gold Loan,289827,9.24,36,9248.83,2023-10-08,2046-01-12,Closed
LOAN007470,CUST014883,Car Loan,1287493,12.98,84,23408.03,2018-09-20,2042-05-18,Closed
LOAN007471,CUST003695,Gold Loan,4427983,8.38,240,38091.43,2017-12-12,2034-02-23,Closed
LOAN007472,CUST010093,Gold Loan,2257953,12.55,12,201197.81,2025-05-11,2045-03-15,Active
LOAN007473,CUST011789,Personal Loan,4605523,12.39,84,82263.74,2025-07-22,2036-10-23,Active
LOAN007474,CUST005542,Education Loan,4367416,14.46,180,59518.62,2020-09-17,2034-04-24,Defaulted
LOAN007475,CUST015954,Home Loan,1222927,8.66,24,55678.52,2017-08-07,2032-02-27,Defaulted
LOAN007476,CUST015678,Education Loan,4889866,12.27,180,59538.67,2017-07-25,2028-04-13,Closed
LOAN007477,CUST018023,Home Loan,694374,13.71,60,16052.66,2019-03-03,2042-07-29,Active
LOAN007478,CUST018540,Home Loan,591910,12.54,24,28012.76,2022-10-06,2036-07-18,Closed
LOAN007479,CUST013983,Personal Loan,1952175,7.9,60,39489.71,2019-09-05,2026-10-03,Active
LOAN007480,CUST015243,Gold Loan,1069282,8.5,180,10529.64,2022-12-02,2046-01-31,Defaulted
LOAN007481,CUST000593,Home Loan,1698641,8.04,24,76855.92,2017-12-21,2042-02-26,Closed
LOAN007482,CUST007982,Education Loan,2865394,12.6,240,32757.12,2021-10-18,2043-08-28,Active
LOAN007483,CUST011332,Car Loan,2326062,14.3,24,112010.89,2023-12-07,2045-10-03,Defaulted
LOAN007484,CUST006019,Home Loan,4896652,11.57,240,52455.72,2018-09-13,2018-10-10,Closed
LOAN007485,CUST003666,Gold Loan,1344711,9.6,180,14123.06,2022-09-03,2028-05-18,Active
LOAN007486,CUST001029,Education Loan,2698493,10.33,180,29545.35,2019-11-28,2023-11-27,Defaulted
LOAN007487,CUST010408,Education Loan,2720286,13.68,120,41715.09,2023-12-07,2026-10-16,Defaulted
LOAN007488,CUST003926,Education Loan,3536928,8.46,120,43777.22,2020-03-19,2037-10-07,Defaulted
LOAN007489,CUST003163,Gold Loan,2786824,13.21,24,132765.75,2024-06-07,2045-02-09,Defaulted
LOAN007490,CUST005778,Education Loan,967468,11.66,180,11400.46,2019-09-11,2035-12-05,Defaulted
LOAN007491,CUST000820,Home Loan,4233693,9.62,84,69455.85,2016-12-07,2030-07-31,Closed
LOAN007492,CUST000539,Personal Loan,3687935,12.57,180,45622.75,2017-07-12,2020-08-20,Defaulted
LOAN007493,CUST013093,Education Loan,308594,9.4,240,2856.38,2017-10-19,2035-03-20,Defaulted
LOAN007494,CUST005563,Personal Loan,3983064,12.08,240,44079.32,2019-12-25,2033-12-15,Active
LOAN007495,CUST011340,Gold Loan,2449465,13.13,60,55896.0,2020-06-11,2031-05-02,Defaulted
LOAN007496,CUST001361,Home Loan,4753781,9.97,120,62742.62,2024-06-15,2040-12-18,Defaulted
LOAN007497,CUST005951,Home Loan,409384,11.65,120,5790.94,2019-08-01,2026-12-06,Closed
LOAN007498,CUST007739,Gold Loan,1971356,8.19,240,16723.08,2021-11-02,2037-10-26,Closed
LOAN007499,CUST016420,Gold Loan,1300129,7.7,24,58623.58,2025-03-12,2035-01-27,Active
LOAN007500,CUST014484,Personal Loan,785575,10.19,120,10464.26,2021-02-25,2044-12-07,Active
LOAN007501,CUST015171,Car Loan,974073,13.36,60,22343.08,2022-07-31,2043-09-20,Defaulted
LOAN007502,CUST008098,Gold Loan,1095623,13.3,120,16553.27,2022-04-24,2036-04-02,Active
LOAN007503,CUST004906,Gold Loan,118478,10.51,12,10444.22,2020-03-02,2031-09-03,Defaulted
LOAN007504,CUST018469,Home Loan,4513322,10.84,120,61762.95,2021-06-22,2025-09-19,Active
LOAN007505,CUST006657,Car Loan,995218,12.38,120,14497.96,2021-03-27,2024-01-18,Active
LOAN007506,CUST006539,Home Loan,977047,14.36,36,33564.24,2022-12-01,2041-11-06,Defaulted
LOAN007507,CUST005728,Car Loan,3862527,8.87,240,34429.88,2018-01-18,2031-10-26,Closed
LOAN007508,CUST015488,Car Loan,1318981,8.88,180,13283.99,2019-03-01,2031-08-23,Defaulted
LOAN007509,CUST016114,Education Loan,969078,11.14,36,31790.66,2024-02-14,2024-06-05,Active
LOAN007510,CUST016472,Home Loan,1048561,14.44,84,19905.79,2019-01-28,2023-09-15,Closed
LOAN007511,CUST008987,Car Loan,4437589,10.57,60,95535.05,2025-06-24,2043-04-15,Active
LOAN007512,CUST011946,Car Loan,312774,9.27,24,14327.78,2017-03-18,2034-11-18,Active
LOAN007513,CUST002311,Car Loan,320945,8.73,240,2832.13,2020-03-30,2042-12-05,Closed
LOAN007514,CUST000529,Personal Loan,2224252,10.61,120,30150.11,2019-04-29,2021-01-24,Defaulted
LOAN007515,CUST013764,Home Loan,4205975,14.09,180,56267.26,2024-08-25,2038-12-10,Defaulted
LOAN007516,CUST003468,Car Loan,4458123,12.97,60,101367.55,2023-07-09,2044-01-10,Defaulted
LOAN007517,CUST002370,Gold Loan,4491652,10.78,120,61314.48,2017-12-19,2029-09-23,Closed
LOAN007518,CUST010639,Car Loan,2303415,13.42,36,78077.95,2021-11-29,2044-01-22,Defaulted
LOAN007519,CUST003456,Personal Loan,4362227,10.71,120,59375.83,2023-09-27,2045-01-28,Active
LOAN007520,CUST012264,Personal Loan,530685,13.83,180,7006.84,2023-06-14,2038-12-22,Defaulted
LOAN007521,CUST017098,Car Loan,4767080,11.45,240,50673.42,2016-12-26,2033-05-17,Defaulted
LOAN007522,CUST009446,Car Loan,2997097,7.81,24,135291.01,2021-06-22,2040-02-18,Active
LOAN007523,CUST012182,Gold Loan,2588858,11.22,12,229073.32,2017-03-04,2017-05-20,Defaulted
LOAN007524,CUST002632,Gold Loan,515174,11.9,12,45748.49,2021-08-08,2037-02-02,Defaulted
LOAN007525,CUST010712,Home Loan,3438526,7.52,12,298349.38,2025-02-16,2035-10-31,Closed
LOAN007526,CUST012685,Gold Loan,508531,12.51,36,17014.64,2017-09-28,2023-10-22,Closed
LOAN007527,CUST019357,Education Loan,3083800,9.73,36,99115.1,2023-03-17,2023-06-12,Closed
LOAN007528,CUST007327,Gold Loan,3259358,12.88,180,40981.75,2018-05-26,2035-07-29,Defaulted
LOAN007529,CUST009926,Home Loan,3194253,11.51,180,37335.25,2016-11-25,2028-03-29,Closed
LOAN007530,CUST009094,Gold Loan,4099335,7.87,180,38868.35,2020-12-10,2025-04-13,Closed
LOAN007531,CUST004580,Personal Loan,1621629,13.86,120,25042.13,2024-05-03,2029-01-09,Defaulted
LOAN007532,CUST008841,Personal Loan,3431832,11.89,180,40945.2,2018-08-04,2043-04-26,Closed
LOAN007533,CUST000304,Gold Loan,526110,13.69,120,8070.95,2021-11-05,2040-06-24,Closed
LOAN007534,CUST004163,Home Loan,4282997,7.91,36,134035.81,2017-10-12,2045-10-24,Active
LOAN007535,CUST001766,Home Loan,3576372,11.83,180,42532.1,2017-02-03,2024-11-11,Active
LOAN007536,CUST015754,Gold Loan,2637360,13.66,120,40411.92,2023-06-13,2024-07-21,Active
LOAN007537,CUST007581,Personal Loan,3383262,11.78,180,40127.2,2022-10-21,2027-06-02,Closed
LOAN007538,CUST004537,Gold Loan,4007188,7.81,60,80887.44,2020-08-30,2025-08-22,Defaulted
LOAN007539,CUST012794,Education Loan,3546007,11.63,240,38133.8,2020-10-28,2042-11-30,Active
LOAN007540,CUST009085,Home Loan,3050803,7.98,240,25480.18,2024-08-16,2027-05-23,Active
LOAN007541,CUST012166,Car Loan,2036088,9.84,180,21681.04,2023-04-25,2044-11-26,Defaulted
LOAN007542,CUST017573,Personal Loan,1123299,7.67,12,97542.71,2025-01-24,2030-03-11,Defaulted
LOAN007543,CUST017713,Car Loan,365920,13.1,36,12346.92,2017-08-24,2037-10-25,Defaulted
LOAN007544,CUST000466,Education Loan,210934,9.44,180,2194.99,2020-03-09,2040-01-20,Defaulted
LOAN007545,CUST017251,Gold Loan,2281931,12.78,84,41240.36,2025-04-11,2043-12-10,Closed
LOAN007546,CUST001198,Gold Loan,3694327,8.84,180,37119.51,2019-10-04,2029-08-13,Defaulted
LOAN007547,CUST017214,Home Loan,1756378,11.32,84,30369.8,2023-03-29,2024-07-10,Active
LOAN007548,CUST014678,Car Loan,240428,12.96,240,2809.95,2022-12-04,2045-09-29,Active
LOAN007549,CUST004210,Personal Loan,3150763,8.23,120,38611.44,2019-08-13,2044-08-06,Active
LOAN007550,CUST009565,Personal Loan,1007773,10.87,60,21846.15,2016-11-20,2031-06-25,Closed
LOAN007551,CUST017349,Education Loan,2113172,13.45,36,71660.0,2022-03-09,2036-04-05,Active
LOAN007552,CUST008888,Personal Loan,4076239,13.26,120,61489.33,2018-04-19,2026-01-14,Active
LOAN007553,CUST006188,Personal Loan,139912,12.23,60,3128.55,2023-10-31,2042-05-20,Active
LOAN007554,CUST005124,Education Loan,936573,12.67,120,13802.34,2021-04-13,2042-03-04,Defaulted
LOAN007555,CUST018652,Gold Loan,1813002,12.5,24,85768.24,2020-08-13,2039-09-09,Defaulted
LOAN007556,CUST014823,Personal Loan,852166,9.7,180,9001.66,2016-10-15,2023-11-29,Active
LOAN007557,CUST011629,Car Loan,759630,11.22,240,7954.86,2020-11-20,2040-11-27,Active
LOAN007558,CUST010111,Car Loan,2703230,9.3,120,34683.81,2021-10-06,2030-09-20,Defaulted
LOAN007559,CUST007216,Personal Loan,772714,9.57,120,10028.37,2017-11-02,2024-08-24,Defaulted
LOAN007560,CUST010908,Personal Loan,2178343,11.24,120,30303.37,2019-10-24,2020-12-16,Active
LOAN007561,CUST009365,Car Loan,2054542,8.64,12,179329.92,2018-03-19,2020-12-10,Defaulted
LOAN007562,CUST011087,Car Loan,2741820,11.18,36,89997.57,2023-07-02,2040-03-07,Defaulted
LOAN007563,CUST006694,Gold Loan,950266,13.06,12,84901.92,2019-03-01,2022-01-04,Closed
LOAN007564,CUST002532,Car Loan,156740,9.36,12,13733.32,2021-03-06,2028-03-29,Closed
LOAN007565,CUST017171,Car Loan,265525,12.27,24,12532.69,2024-08-07,2034-04-07,Closed
LOAN007566,CUST013765,Home Loan,4311917,13.8,60,99884.24,2023-08-10,2036-02-08,Active
LOAN007567,CUST004004,Car Loan,4284556,7.83,120,51599.41,2025-02-25,2029-05-14,Defaulted
LOAN007568,CUST010723,Personal Loan,1238839,8.66,120,15466.04,2021-07-31,2024-11-05,Defaulted
LOAN007569,CUST002321,Education Loan,4356803,8.13,36,136787.81,2019-05-23,2036-08-07,Active
LOAN007570,CUST019886,Gold Loan,1533046,8.99,36,48743.32,2020-03-12,2021-06-22,Defaulted
LOAN007571,CUST002020,Home Loan,4904075,7.57,60,98430.81,2018-09-27,2029-04-13,Defaulted
LOAN007572,CUST010139,Car Loan,4654900,9.25,12,407617.73,2023-01-30,2028-09-04,Closed
LOAN007573,CUST014529,Car Loan,1778712,8.38,180,17390.79,2020-11-07,2044-02-23,Defaulted
LOAN007574,CUST000568,Car Loan,382445,8.15,84,5989.49,2022-12-21,2025-05-18,Active
LOAN007575,CUST019420,Education Loan,3185612,9.41,60,66763.76,2023-05-15,2036-10-21,Defaulted
LOAN007576,CUST012562,Gold Loan,1675604,12.72,120,24742.6,2022-04-28,2027-08-08,Defaulted
LOAN007577,CUST018786,Personal Loan,1174806,8.06,36,36846.68,2021-03-18,2039-04-23,Active
LOAN007578,CUST004112,Personal Loan,2742238,13.52,84,50665.19,2018-09-22,2031-05-05,Closed
LOAN007579,CUST015910,Education Loan,3861819,9.49,180,40302.77,2020-08-09,2030-03-14,Active
LOAN007580,CUST004487,Car Loan,771801,12.11,60,17211.22,2020-09-06,2031-11-12,Closed
LOAN007581,CUST009587,Home Loan,3829167,10.62,60,82531.55,2018-03-11,2032-06-02,Closed
LOAN007582,CUST014286,Home Loan,4892154,7.56,84,75182.16,2020-05-23,2036-12-13,Defaulted
LOAN007583,CUST001946,Gold Loan,1803305,10.17,36,58331.62,2018-01-04,2037-09-21,Active
LOAN007584,CUST005170,Gold Loan,859741,8.64,84,13675.88,2017-08-24,2026-12-19,Closed
LOAN007585,CUST013208,Home Loan,2738150,10.51,84,46181.33,2018-08-12,2035-11-17,Defaulted
LOAN007586,CUST017598,Car Loan,2546289,13.51,60,58602.84,2019-01-29,2025-10-10,Active
LOAN007587,CUST007488,Gold Loan,2984605,11.11,12,263937.5,2022-09-27,2035-08-28,Closed
LOAN007588,CUST010126,Education Loan,1282669,14.01,60,29852.11,2024-07-12,2030-12-20,Closed
LOAN007589,CUST014858,Home Loan,3303666,8.88,240,29469.45,2018-01-27,2035-09-21,Active
LOAN007590,CUST002571,Home Loan,1002224,9.53,60,21063.27,2023-02-27,2031-06-24,Active
LOAN007591,CUST008539,Home Loan,3204265,12.18,24,151105.37,2018-01-29,2037-03-20,Closed
LOAN007592,CUST010495,Personal Loan,3232566,7.98,36,101267.05,2016-08-24,2036-10-27,Active
LOAN007593,CUST014968,Car Loan,4367467,14.46,12,393088.19,2024-02-19,2033-05-31,Defaulted
LOAN007594,CUST011137,Home Loan,4832456,9.04,12,422695.06,2019-04-08,2045-07-31,Active
LOAN007595,CUST017443,Personal Loan,3312855,11.33,12,293305.81,2019-05-10,2035-02-03,Closed
LOAN007596,CUST006922,Personal Loan,3120976,11.6,180,36657.58,2022-07-02,2033-01-19,Closed
LOAN007597,CUST014434,Car Loan,875477,14.18,36,29998.32,2018-04-22,2024-07-13,Active
LOAN007598,CUST005051,Personal Loan,655223,7.75,24,29559.31,2017-07-09,2018-10-12,Defaulted
LOAN007599,CUST019252,Personal Loan,1324096,13.15,180,16883.92,2025-06-21,2032-06-06,Closed
LOAN007600,CUST014746,Gold Loan,2375869,11.92,24,111751.66,2017-10-25,2040-10-02,Closed
LOAN007601,CUST019500,Gold Loan,4280056,9.94,60,90812.24,2025-02-18,2039-05-04,Closed
LOAN007602,CUST008638,Education Loan,1311660,12.98,24,62346.39,2021-10-22,2028-05-19,Closed
LOAN007603,CUST012578,Gold Loan,3468026,8.23,12,302047.06,2024-01-19,2025-02-04,Defaulted
LOAN007604,CUST004456,Gold Loan,1561419,9.83,24,71929.11,2022-10-16,2031-09-16,Closed
LOAN007605,CUST018140,Car Loan,4321196,9.01,240,38906.72,2022-05-21,2043-08-03,Active
LOAN007606,CUST003284,Education Loan,105889,13.2,240,1255.69,2017-03-15,2025-12-15,Active
LOAN007607,CUST012931,Car Loan,2242844,11.54,12,198791.65,2017-11-25,2042-01-10,Defaulted
LOAN007608,CUST001139,Home Loan,3655453,10.36,24,169288.64,2021-11-01,2039-11-25,Active
LOAN007609,CUST012062,Education Loan,2362708,14.06,180,31560.46,2022-08-15,2025-08-03,Defaulted
LOAN007610,CUST010793,Education Loan,2677548,12.62,84,48158.41,2020-07-20,2040-02-16,Closed
LOAN007611,CUST017232,Education Loan,4169202,8.14,36,130917.07,2024-09-23,2031-09-14,Closed
LOAN007612,CUST012825,Personal Loan,2552686,11.03,36,83607.94,2021-05-31,2023-03-31,Defaulted
LOAN007613,CUST015114,Personal Loan,1525053,14.01,24,73229.4,2024-03-18,2040-02-02,Active
LOAN007614,CUST009393,Car Loan,3523293,11.69,240,38035.75,2019-05-27,2031-11-25,Closed
LOAN007615,CUST012306,Gold Loan,4762998,11.43,180,55429.07,2024-07-17,2025-10-19,Closed
LOAN007616,CUST007515,Personal Loan,4432490,10.73,120,60382.08,2018-12-02,2033-07-01,Defaulted
LOAN007617,CUST008461,Home Loan,871035,11.47,12,77174.61,2021-05-12,2043-05-18,Closed
LOAN007618,CUST002597,Car Loan,2605208,11.38,240,27567.61,2021-07-09,2021-09-20,Active
LOAN007619,CUST009329,Car Loan,2219594,13.53,240,26846.74,2019-07-17,2036-05-16,Closed
LOAN007620,CUST019690,Education Loan,4637425,11.28,84,80088.39,2019-01-08,2028-12-26,Active
LOAN007621,CUST000159,Personal Loan,1294650,10.0,36,41774.71,2021-06-28,2043-11-29,Active
LOAN007622,CUST013714,Home Loan,4903902,11.73,24,230225.86,2018-03-29,2024-10-04,Defaulted
LOAN007623,CUST002453,Car Loan,313866,14.22,240,3953.24,2022-01-12,2026-06-09,Defaulted
LOAN007624,CUST008538,Car Loan,1261465,9.52,60,26505.44,2023-07-03,2036-01-12,Defaulted
LOAN007625,CUST001238,Home Loan,2670081,11.19,180,30667.38,2018-08-25,2034-05-10,Active
LOAN007626,CUST018022,Personal Loan,3193165,11.59,36,105434.56,2017-03-09,2029-08-01,Closed
LOAN007627,CUST019563,Car Loan,3038082,9.26,36,96978.25,2024-04-29,2044-08-17,Active
LOAN007628,CUST016284,Education Loan,3641325,12.94,120,54240.1,2020-08-16,2029-07-17,Closed
LOAN007629,CUST002061,Car Loan,4017190,11.63,36,132719.39,2018-05-15,2026-12-01,Defaulted
LOAN007630,CUST000882,Gold Loan,4948107,13.8,180,65232.44,2018-11-18,2020-09-21,Active
LOAN007631,CUST005872,Home Loan,4209152,10.87,180,47498.05,2025-02-14,2026-03-22,Defaulted
LOAN007632,CUST003308,Home Loan,1738548,11.89,120,24832.69,2021-06-28,2032-08-27,Closed
LOAN007633,CUST017167,Personal Loan,3108737,13.23,24,148131.09,2022-12-02,2027-10-31,Defaulted
LOAN007634,CUST019251,Personal Loan,513598,11.31,12,45466.94,2023-04-22,2029-02-25,Closed
LOAN007635,CUST007548,Home Loan,1955263,8.18,84,30650.79,2023-07-24,2046-07-30,Closed
LOAN007636,CUST004960,Education Loan,3128910,12.25,12,278365.93,2020-10-05,2045-05-11,Closed
LOAN007637,CUST007051,Education Loan,4957572,7.68,240,40485.28,2024-06-15,2029-06-05,Active
LOAN007638,CUST014857,Education Loan,3293391,11.84,180,39187.85,2021-07-06,2040-08-30,Closed
LOAN007639,CUST000134,Education Loan,3253630,13.11,240,38373.99,2024-08-23,2044-09-26,Defaulted
LOAN007640,CUST008422,Personal Loan,2988247,7.87,60,60405.13,2018-11-15,2023-10-02,Defaulted
LOAN007641,CUST006763,Personal Loan,2664621,11.34,180,30857.32,2016-12-14,2032-10-17,Defaulted
LOAN007642,CUST015548,Personal Loan,621172,12.53,60,13984.57,2025-07-10,2027-07-07,Closed
LOAN007643,CUST008562,Gold Loan,1875770,10.02,120,24809.22,2017-11-28,2046-04-15,Defaulted
LOAN007644,CUST004803,Gold Loan,105816,11.47,12,9375.41,2021-05-17,2026-08-07,Defaulted
LOAN007645,CUST007713,Car Loan,3780688,10.82,120,51694.51,2022-03-02,2035-05-24,Defaulted
LOAN007646,CUST006300,Home Loan,723083,10.57,24,33557.16,2018-12-29,2021-08-05,Active
LOAN007647,CUST015244,Car Loan,4273266,10.9,60,92698.19,2025-05-13,2041-04-29,Defaulted
LOAN007648,CUST012415,Personal Loan,2871532,8.52,24,130553.7,2016-11-30,2030-03-07,Active
LOAN007649,CUST018132,Home Loan,4007380,13.66,36,136301.92,2016-09-15,2017-05-01,Active
LOAN007650,CUST006506,Car Loan,3841967,12.22,12,341749.65,2017-12-27,2042-03-10,Closed
LOAN007651,CUST000409,Gold Loan,2171063,13.0,24,103216.29,2019-11-03,2043-05-30,Active
LOAN007652,CUST010055,Car Loan,129694,13.15,84,2369.98,2020-01-18,2034-01-06,Active
LOAN007653,CUST008047,Education Loan,3120820,12.76,60,70625.42,2020-11-16,2039-07-26,Active
LOAN007654,CUST008019,Gold Loan,900880,12.82,180,11291.82,2023-03-09,2044-06-05,Defaulted
LOAN007655,CUST015994,Home Loan,441035,10.42,60,9462.09,2022-01-24,2031-05-06,Active
LOAN007656,CUST002059,Personal Loan,1937373,8.08,24,87692.84,2017-11-15,2039-09-24,Active
LOAN007657,CUST016105,Personal Loan,3390834,14.38,12,305059.81,2016-11-10,2020-12-28,Closed
LOAN007658,CUST012961,Home Loan,4865325,9.29,84,78996.54,2017-07-10,2026-06-16,Closed
LOAN007659,CUST009239,Gold Loan,3815756,11.62,120,53910.08,2018-03-08,2037-02-12,Closed
LOAN007660,CUST005099,Home Loan,3683932,8.13,120,44949.72,2024-09-06,2030-01-31,Active
LOAN007661,CUST016664,Personal Loan,3112178,12.71,84,56127.11,2025-04-07,2045-04-09,Active
LOAN007662,CUST007076,Home Loan,105773,10.6,180,1175.78,2024-07-26,2045-04-19,Defaulted
LOAN007663,CUST008248,Personal Loan,4350828,8.22,36,136781.13,2024-08-24,2026-03-31,Closed
LOAN007664,CUST002765,Gold Loan,3040219,7.58,120,36215.0,2018-06-29,2023-10-06,Defaulted
LOAN007665,CUST009787,Car Loan,3708241,12.68,180,46140.15,2018-03-04,2031-08-23,Active
LOAN007666,CUST006340,Car Loan,4743280,12.96,240,55436.01,2023-12-26,2041-01-08,Closed
LOAN007667,CUST006499,Car Loan,3788074,14.12,24,182091.17,2020-09-03,2029-01-03,Defaulted
LOAN007668,CUST014905,Gold Loan,2760426,13.38,180,35619.11,2017-01-01,2038-06-24,Defaulted
LOAN007669,CUST005822,Education Loan,1138283,11.99,24,53577.62,2017-11-24,2043-09-28,Active
LOAN007670,CUST015284,Education Loan,4829255,12.76,36,162158.99,2022-09-01,2044-09-25,Defaulted
LOAN007671,CUST004717,Education Loan,3763388,11.93,36,124872.55,2017-02-23,2023-06-30,Active
LOAN007672,CUST005046,Home Loan,3975860,10.08,12,349689.21,2023-01-15,2033-12-21,Defaulted
LOAN007673,CUST002216,Personal Loan,3857730,7.69,24,173929.76,2023-11-03,2045-04-14,Closed
LOAN007674,CUST008966,Gold Loan,4266048,12.7,12,380431.6,2021-10-04,2024-11-17,Closed
LOAN007675,CUST006995,Home Loan,4383639,11.36,60,96099.84,2021-03-11,2028-12-26,Active
LOAN007676,CUST017423,Car Loan,4454425,8.59,180,44099.8,2021-07-07,2030-04-10,Defaulted
LOAN007677,CUST016669,Home Loan,1871379,9.49,120,24204.94,2022-03-09,2024-09-19,Defaulted
LOAN007678,CUST003046,Personal Loan,1349381,14.18,180,18133.74,2023-06-28,2046-07-15,Active
LOAN007679,CUST015692,Personal Loan,3234932,11.35,180,37482.22,2021-06-29,2028-08-17,Active
LOAN007680,CUST001483,Home Loan,1867970,9.85,24,86068.07,2018-06-24,2044-08-16,Defaulted
LOAN007681,CUST010667,Education Loan,831287,14.48,12,74826.74,2022-06-07,2036-10-25,Active
LOAN007682,CUST005043,Car Loan,263157,9.97,24,12139.72,2020-02-16,2030-11-07,Closed
LOAN007683,CUST012557,Car Loan,675412,9.98,12,59373.16,2022-08-12,2023-11-30,Active
LOAN007684,CUST002944,Car Loan,2387059,11.63,240,25670.46,2024-10-13,2046-01-14,Closed
LOAN007685,CUST018601,Gold Loan,2929626,10.56,120,39629.4,2023-04-19,2023-08-26,Closed
LOAN007686,CUST014231,Home Loan,2679143,9.25,240,24537.38,2025-04-18,2033-10-02,Active
LOAN007687,CUST006633,Home Loan,2831300,12.45,24,133874.89,2022-08-06,2026-02-05,Active
LOAN007688,CUST007722,Education Loan,1512210,13.34,60,34671.2,2019-11-02,2029-08-15,Closed
LOAN007689,CUST005445,Personal Loan,1032257,9.23,120,13205.03,2018-09-11,2045-08-19,Defaulted
LOAN007690,CUST017522,Gold Loan,4207522,11.02,60,91523.7,2022-07-05,2038-09-12,Defaulted
LOAN007691,CUST011878,Education Loan,1747670,13.12,24,83185.96,2019-05-31,2039-02-18,Closed
LOAN007692,CUST019254,Car Loan,204903,10.67,180,2286.64,2024-11-08,2042-12-23,Defaulted
LOAN007693,CUST013409,Car Loan,4910572,13.81,240,60387.53,2017-12-02,2026-10-17,Active
LOAN007694,CUST019781,Gold Loan,3263514,8.64,36,103232.94,2020-11-07,2039-10-25,Defaulted
LOAN007695,CUST018784,Home Loan,512783,13.54,180,6671.2,2025-04-10,2033-06-22,Active
LOAN007696,CUST011215,Personal Loan,2149972,9.33,12,188347.4,2018-01-08,2020-11-30,Closed
LOAN007697,CUST000370,Home Loan,2685534,12.23,12,238895.49,2023-08-02,2024-03-09,Closed
LOAN007698,CUST003694,Gold Loan,191049,10.78,120,2607.96,2018-11-28,2036-02-05,Closed
LOAN007699,CUST002549,Gold Loan,4834498,12.04,240,53366.87,2017-08-19,2026-12-26,Active
LOAN007700,CUST013675,Education Loan,1665657,7.81,12,144746.6,2021-01-25,2027-04-20,Closed
LOAN007701,CUST000643,Personal Loan,1262569,10.85,120,17284.86,2016-09-29,2046-01-09,Defaulted
LOAN007702,CUST015146,Personal Loan,3772559,11.63,12,334534.66,2023-04-03,2027-09-09,Active
LOAN007703,CUST012163,Home Loan,1337683,7.61,60,26874.4,2021-09-12,2043-11-02,Closed
LOAN007704,CUST003470,Education Loan,1775490,9.64,120,23110.72,2022-02-28,2036-05-05,Defaulted
LOAN007705,CUST015061,Education Loan,4163663,13.76,84,77476.12,2023-01-23,2032-07-28,Active
LOAN007706,CUST012460,Personal Loan,2107577,12.83,12,188074.98,2024-02-22,2026-01-19,Closed
LOAN007707,CUST013288,Personal Loan,3382052,13.97,240,41982.85,2018-07-29,2036-08-26,Closed
LOAN007708,CUST016871,Personal Loan,2488897,11.43,180,28964.37,2025-05-31,2031-05-24,Defaulted
LOAN007709,CUST008884,Home Loan,3360678,13.05,84,61228.72,2019-02-21,2044-09-27,Closed
LOAN007710,CUST004065,Car Loan,4707388,10.03,180,50672.26,2023-07-10,2046-05-16,Defaulted
LOAN007711,CUST004782,Home Loan,371211,14.02,120,5768.13,2022-06-24,2029-08-21,Active
LOAN007712,CUST001859,Home Loan,1300853,8.24,84,20431.27,2023-12-07,2035-10-01,Active
LOAN007713,CUST010734,Car Loan,1940557,11.46,24,90860.16,2017-04-21,2032-04-18,Active
LOAN007714,CUST006580,Gold Loan,2320098,13.02,84,42232.37,2023-02-06,2029-09-29,Active
LOAN007715,CUST007736,Car Loan,1093386,14.01,24,52501.78,2016-08-26,2033-12-14,Active
LOAN007716,CUST013263,Home Loan,1271290,10.73,84,21587.52,2017-06-01,2035-08-02,Defaulted
LOAN007717,CUST004344,Home Loan,2763130,10.31,240,27234.78,2017-11-02,2025-04-19,Defaulted
LOAN007718,CUST018663,Home Loan,2619653,12.04,36,87060.02,2020-06-24,2040-03-01,Active
LOAN007719,CUST008782,Personal Loan,2770708,11.11,36,90853.83,2020-11-03,2045-03-08,Closed
LOAN007720,CUST013839,Education Loan,573423,9.75,24,26394.45,2023-02-01,2044-05-02,Defaulted
LOAN007721,CUST003356,Home Loan,214170,8.84,12,18713.6,2021-05-16,2023-07-22,Defaulted
LOAN007722,CUST000522,Gold Loan,1030231,8.48,12,89846.98,2019-09-09,2031-10-27,Active
LOAN007723,CUST004031,Car Loan,4815804,12.94,24,228816.4,2017-07-25,2024-11-29,Defaulted
LOAN007724,CUST019419,Personal Loan,1135063,7.65,180,10619.16,2021-03-30,2031-03-10,Closed
LOAN007725,CUST017445,Personal Loan,1193308,12.96,36,40184.28,2016-12-24,2019-01-14,Defaulted
LOAN007726,CUST019441,Home Loan,1494918,9.55,240,13983.44,2024-12-27,2027-04-17,Defaulted
LOAN007727,CUST014409,Education Loan,755458,10.87,180,8524.94,2023-03-09,2028-12-16,Defaulted
LOAN007728,CUST007257,Home Loan,4673266,12.93,36,157303.28,2022-12-23,2042-03-31,Defaulted
LOAN007729,CUST018393,Education Loan,3211181,11.5,24,150412.73,2023-12-26,2031-07-06,Defaulted
LOAN007730,CUST013279,Education Loan,3723567,14.06,120,57948.9,2022-09-06,2026-03-14,Defaulted
LOAN007731,CUST009251,Education Loan,3686943,10.82,240,37605.59,2021-09-01,2040-08-05,Closed
LOAN007732,CUST005701,Education Loan,4030794,11.51,36,132938.66,2022-08-03,2045-06-17,Closed
LOAN007733,CUST016070,Home Loan,1930067,11.15,240,20119.33,2021-10-11,2043-05-29,Active
LOAN007734,CUST009543,Gold Loan,3443846,9.09,240,31184.79,2016-10-10,2022-05-09,Defaulted
LOAN007735,CUST016929,Personal Loan,204632,12.5,12,18229.2,2021-10-17,2043-11-03,Defaulted
LOAN007736,CUST005438,Car Loan,2167971,13.45,120,32948.1,2019-03-03,2032-05-21,Defaulted
LOAN007737,CUST004745,Personal Loan,1606146,10.76,84,27298.87,2022-07-05,2030-10-15,Closed
LOAN007738,CUST001058,Car Loan,3968332,9.38,240,36679.65,2018-06-10,2045-05-10,Active
LOAN007739,CUST018986,Education Loan,944648,8.66,240,8293.79,2020-08-26,2030-09-11,Closed
LOAN007740,CUST007959,Car Loan,4745994,13.64,36,161378.23,2017-12-30,2027-08-29,Active
LOAN007741,CUST010954,Personal Loan,1042115,12.95,60,23684.65,2023-09-14,2042-05-09,Closed
LOAN007742,CUST014275,Education Loan,388247,10.9,120,5326.15,2022-01-09,2030-11-11,Closed
LOAN007743,CUST000873,Home Loan,860153,10.34,180,9422.98,2017-10-25,2021-09-01,Active
LOAN007744,CUST011747,Gold Loan,4103842,8.09,60,83387.99,2022-10-06,2042-11-02,Active
LOAN007745,CUST009040,Car Loan,4348025,11.88,120,62080.28,2022-10-05,2027-11-27,Active
LOAN007746,CUST016066,Education Loan,2001962,10.83,24,93149.19,2023-02-05,2024-06-10,Defaulted
LOAN007747,CUST012604,Personal Loan,2892902,9.01,12,253001.97,2023-10-10,2034-12-26,Defaulted
LOAN007748,CUST004016,Education Loan,4416087,10.69,240,44654.37,2018-01-12,2023-11-25,Active
LOAN007749,CUST017543,Gold Loan,1092920,11.14,60,23839.11,2021-07-06,2034-08-12,Defaulted
LOAN007750,CUST004232,Car Loan,3170659,12.58,24,150114.17,2024-07-14,2037-11-14,Active
LOAN007751,CUST012302,Personal Loan,658803,9.14,120,8395.44,2021-03-06,2042-03-16,Defaulted
LOAN007752,CUST000307,Personal Loan,2087523,11.95,240,22912.7,2019-11-07,2020-05-23,Active
LOAN007753,CUST016842,Education Loan,2995505,8.89,60,62021.96,2022-01-04,2026-08-23,Closed
LOAN007754,CUST017699,Personal Loan,3102893,9.18,240,28277.75,2018-12-04,2039-01-21,Defaulted
LOAN007755,CUST003493,Gold Loan,1520492,7.9,12,132194.92,2022-02-21,2033-08-04,Active
LOAN007756,CUST010521,Home Loan,2788890,12.31,120,40513.84,2020-09-19,2026-05-21,Closed
LOAN007757,CUST005140,Car Loan,4592847,10.31,180,50229.63,2023-11-09,2034-06-12,Closed
LOAN007758,CUST011040,Home Loan,990075,10.39,36,32128.53,2021-02-21,2023-07-19,Defaulted
LOAN007759,CUST012972,Personal Loan,2689394,12.32,120,39084.13,2020-11-29,2041-11-07,Active
LOAN007760,CUST019183,Car Loan,3406970,13.46,240,41036.88,2023-02-01,2035-02-13,Defaulted
LOAN007761,CUST005182,Car Loan,2194573,11.93,180,26239.81,2019-02-28,2036-01-28,Defaulted
LOAN007762,CUST011362,Gold Loan,680298,8.74,60,14036.18,2020-09-16,2025-02-22,Defaulted
LOAN007763,CUST011485,Education Loan,1642321,13.98,24,78837.05,2017-07-27,2019-02-14,Defaulted
LOAN007764,CUST001925,Education Loan,3692370,11.9,84,64983.12,2020-11-29,2030-02-14,Closed
LOAN007765,CUST018106,Home Loan,2261487,13.82,120,34868.96,2021-02-25,2030-03-17,Defaulted
LOAN007766,CUST009536,Gold Loan,3355383,14.43,60,78823.92,2022-05-14,2037-08-15,Closed
LOAN007767,CUST013875,Gold Loan,4407944,12.12,60,98319.79,2017-10-25,2019-01-06,Defaulted
LOAN007768,CUST013596,Car Loan,3485710,8.47,120,43161.91,2019-04-27,2026-12-27,Active
LOAN007769,CUST016265,Car Loan,2152747,12.14,180,26030.8,2022-11-05,2032-12-08,Defaulted
LOAN007770,CUST006209,Car Loan,593277,7.85,24,26791.74,2021-05-31,2036-01-04,Closed
LOAN007771,CUST001352,Gold Loan,2367077,7.58,24,106603.63,2017-06-24,2036-10-09,Active
LOAN007772,CUST015694,Home Loan,3385765,11.69,84,59208.16,2020-09-24,2042-05-31,Active
LOAN007773,CUST012691,Education Loan,2838425,8.26,24,128711.12,2024-09-06,2042-09-12,Defaulted
LOAN007774,CUST009599,Car Loan,2556327,11.54,120,35999.32,2018-05-01,2041-04-08,Defaulted
LOAN007775,CUST005162,Personal Loan,662600,12.68,180,8244.46,2019-10-05,2021-06-08,Closed
LOAN007776,CUST013188,Gold Loan,3307580,12.36,240,37252.82,2019-05-23,2045-08-25,Closed
LOAN007777,CUST000867,Gold Loan,505692,9.53,24,23225.57,2018-06-23,2037-10-13,Active
LOAN007778,CUST013057,Car Loan,2821225,12.09,60,62884.98,2024-06-02,2034-10-04,Active
LOAN007779,CUST003345,Education Loan,315187,9.14,24,14419.49,2017-06-03,2018-03-20,Closed
LOAN007780,CUST008196,Gold Loan,206043,9.97,60,4374.76,2022-06-16,2025-09-20,Defaulted
LOAN007781,CUST004302,Personal Loan,536442,14.13,180,7190.93,2024-04-04,2046-06-22,Defaulted
LOAN007782,CUST009732,Education Loan,2462900,11.91,84,43358.46,2018-04-22,2034-07-22,Defaulted
LOAN007783,CUST003534,Gold Loan,1563253,14.2,180,21028.96,2019-03-11,2033-01-11,Defaulted
LOAN007784,CUST002450,Personal Loan,2252989,9.46,36,72127.76,2020-08-02,2037-04-21,Defaulted
LOAN007785,CUST007622,Education Loan,547407,7.65,84,8436.86,2024-06-22,2025-02-24,Closed
LOAN007786,CUST018301,Gold Loan,322329,13.43,24,15389.29,2017-12-22,2044-09-08,Defaulted
LOAN007787,CUST001186,Car Loan,499019,12.12,24,23518.53,2025-06-11,2039-10-26,Active
LOAN007788,CUST004901,Education Loan,1424791,9.68,60,30048.75,2024-12-07,2045-12-19,Closed
LOAN007789,CUST016962,Personal Loan,1704756,14.36,36,58563.04,2020-12-07,2042-06-27,Active
LOAN007790,CUST005937,Education Loan,3880229,8.14,240,32794.69,2024-09-20,2036-08-12,Defaulted
LOAN007791,CUST002265,Education Loan,2862108,14.02,36,97847.87,2017-12-07,2022-04-11,Closed
LOAN007792,CUST000261,Personal Loan,1498801,10.43,24,69459.9,2021-08-08,2038-12-07,Closed
LOAN007793,CUST017798,Home Loan,4146942,12.21,180,50331.91,2022-08-29,2031-04-05,Defaulted
LOAN007794,CUST018502,Home Loan,1411113,11.35,36,46432.27,2024-10-16,2029-12-20,Closed
LOAN007795,CUST003915,Car Loan,1767887,8.13,84,27669.31,2019-12-25,2026-05-29,Closed
LOAN007796,CUST017685,Education Loan,2967602,8.72,24,135193.21,2018-01-17,2038-12-01,Closed
LOAN007797,CUST001092,Education Loan,4763788,13.36,120,72143.57,2021-04-26,2040-04-22,Defaulted
LOAN007798,CUST017018,Personal Loan,467577,10.05,120,6192.02,2019-07-02,2040-11-30,Active
LOAN007799,CUST006932,Car Loan,4580903,8.74,180,45756.72,2018-02-24,2040-09-05,Defaulted
LOAN007800,CUST004650,Personal Loan,2283427,14.41,240,29077.35,2019-06-27,2031-10-07,Active
LOAN007801,CUST002210,Car Loan,3639269,7.85,12,316321.95,2019-07-23,2041-07-02,Defaulted
LOAN007802,CUST014384,Personal Loan,348267,10.28,60,7447.72,2018-06-04,2032-06-12,Defaulted
LOAN007803,CUST016303,Personal Loan,2350287,11.38,24,109956.91,2019-11-16,2040-07-28,Active
LOAN007804,CUST009839,Education Loan,1900186,10.98,180,21573.6,2020-06-06,2027-05-13,Defaulted
LOAN007805,CUST007143,Car Loan,1038818,11.71,120,14730.39,2025-06-06,2031-07-13,Defaulted
LOAN007806,CUST000834,Gold Loan,2094683,12.29,180,25531.84,2017-04-27,2029-10-09,Closed
LOAN007807,CUST011514,Gold Loan,4083658,11.41,180,47471.48,2019-02-03,2030-01-02,Closed
LOAN007808,CUST010886,Car Loan,1000449,9.23,180,10284.56,2024-01-20,2046-05-02,Closed
LOAN007809,CUST015817,Car Loan,617232,12.27,60,13814.35,2018-03-26,2032-08-10,Active
LOAN007810,CUST019546,Gold Loan,1375397,7.8,12,119516.47,2023-12-18,2025-05-13,Closed
LOAN007811,CUST010460,Car Loan,962461,8.04,120,11697.66,2022-09-18,2040-08-19,Closed
LOAN007812,CUST008257,Personal Loan,1487186,13.59,180,19397.51,2023-03-13,2034-07-10,Defaulted
LOAN007813,CUST000899,Home Loan,4962265,12.84,240,57572.0,2023-08-23,2041-04-16,Closed
LOAN007814,CUST012511,Gold Loan,1241917,9.4,36,39724.24,2022-03-11,2026-09-24,Active
LOAN007815,CUST005272,Personal Loan,2103652,8.17,12,183158.78,2017-02-17,2030-05-25,Defaulted
LOAN007816,CUST000533,Home Loan,923856,14.39,84,17512.72,2022-06-13,2042-03-26,Active
LOAN007817,CUST002418,Personal Loan,570785,7.99,12,49649.05,2024-03-29,2026-09-16,Defaulted
LOAN007818,CUST018754,Gold Loan,4082532,7.57,60,81941.43,2022-05-17,2032-06-03,Active
LOAN007819,CUST004677,Gold Loan,3794152,12.29,240,42546.49,2017-12-28,2040-02-03,Defaulted
LOAN007820,CUST002922,Education Loan,4538181,9.97,24,209351.2,2022-07-18,2027-09-15,Closed
LOAN007821,CUST013710,Education Loan,2642389,14.31,36,90708.95,2016-10-20,2034-11-05,Active
LOAN007822,CUST002250,Education Loan,2160818,11.98,24,101697.03,2018-01-05,2029-01-16,Defaulted
LOAN007823,CUST018188,Education Loan,1973168,12.08,120,28400.56,2017-05-09,2043-05-12,Closed
LOAN007824,CUST005480,Personal Loan,4216589,13.47,84,77789.55,2022-06-08,2036-07-04,Active
LOAN007825,CUST003474,Gold Loan,4505704,7.53,240,36380.34,2017-11-22,2020-12-04,Defaulted
LOAN007826,CUST015480,Education Loan,3605584,9.79,240,34294.5,2024-10-15,2034-09-06,Defaulted
LOAN007827,CUST010457,Education Loan,1651949,8.25,240,14075.69,2024-08-19,2041-12-04,Defaulted
LOAN007828,CUST008378,Personal Loan,3955798,14.41,60,92887.5,2022-02-06,2030-03-08,Defaulted
LOAN007829,CUST010589,Education Loan,3571800,13.15,60,81543.96,2019-12-23,2031-01-24,Defaulted
LOAN007830,CUST001719,Car Loan,3489817,13.25,120,52622.57,2024-07-11,2038-02-01,Closed
LOAN007831,CUST010606,Car Loan,3780953,13.9,60,87780.27,2018-01-19,2023-02-26,Closed
LOAN007832,CUST005803,Gold Loan,3772469,9.18,180,38667.89,2018-11-26,2019-04-11,Defaulted
LOAN007833,CUST004193,Personal Loan,1007470,10.95,24,46932.62,2021-12-19,2023-06-20,Closed
LOAN007834,CUST002460,Personal Loan,1917111,10.35,24,88774.96,2017-04-12,2038-02-15,Defaulted
LOAN007835,CUST005294,Personal Loan,3695079,7.65,24,166529.19,2016-11-22,2019-01-15,Closed
LOAN007836,CUST006794,Education Loan,1623899,8.49,60,33308.95,2022-07-31,2036-09-04,Defaulted
LOAN007837,CUST011322,Education Loan,3571318,14.17,36,122354.27,2024-02-24,2030-03-07,Active
LOAN007838,CUST000430,Home Loan,4076833,13.14,24,194088.27,2023-03-22,2039-02-18,Closed
LOAN007839,CUST002967,Gold Loan,1718540,10.86,180,19382.06,2018-12-06,2033-02-22,Active
LOAN007840,CUST017830,Personal Loan,4977109,8.77,84,79497.36,2019-11-11,2042-07-17,Defaulted
LOAN007841,CUST017701,Personal Loan,3846754,10.15,12,338459.21,2024-04-07,2040-04-11,Defaulted
LOAN007842,CUST002116,Education Loan,3250842,10.35,120,43592.65,2024-10-19,2041-05-28,Closed
LOAN007843,CUST009321,Personal Loan,2357076,8.09,36,73960.1,2022-05-21,2041-11-18,Active
LOAN007844,CUST009502,Gold Loan,2989395,11.05,24,139398.64,2023-06-18,2026-11-14,Closed
LOAN007845,CUST017116,Gold Loan,2576657,12.33,84,45941.01,2017-09-07,2039-03-18,Defaulted
LOAN007846,CUST013062,Gold Loan,4299507,7.62,120,51305.59,2020-05-14,2036-05-14,Defaulted
LOAN007847,CUST019332,Home Loan,764352,12.69,240,8786.7,2021-07-06,2041-03-29,Defaulted
LOAN007848,CUST009101,Personal Loan,4107812,13.49,120,62526.95,2025-06-16,2025-12-17,Closed
LOAN007849,CUST011651,Car Loan,2247228,13.4,180,29026.89,2021-10-20,2043-05-30,Defaulted
LOAN007850,CUST016955,Education Loan,2118863,11.53,24,99277.81,2025-06-11,2033-09-12,Defaulted
LOAN007851,CUST003339,Gold Loan,2948898,8.42,240,25442.11,2020-07-15,2021-05-25,Defaulted
LOAN007852,CUST010076,Gold Loan,2276506,12.78,84,41142.32,2022-07-26,2032-02-18,Closed
LOAN007853,CUST007334,Home Loan,1248235,8.16,24,56545.42,2022-07-23,2036-01-16,Defaulted
LOAN007854,CUST003009,Personal Loan,521205,14.12,60,12159.98,2023-06-17,2028-11-11,Active
LOAN007855,CUST018139,Education Loan,4708963,9.34,60,98529.2,2021-11-25,2041-06-11,Defaulted
LOAN007856,CUST014131,Gold Loan,1874702,12.68,12,167161.95,2022-02-22,2042-04-20,Closed
LOAN007857,CUST017670,Gold Loan,1187508,10.84,36,38787.57,2024-08-01,2040-04-19,Defaulted
LOAN007858,CUST011934,Home Loan,2039472,10.67,12,179938.14,2023-05-05,2030-12-08,Defaulted
LOAN007859,CUST006622,Home Loan,2903742,8.44,12,253183.08,2018-04-24,2044-10-31,Closed
LOAN007860,CUST005854,Personal Loan,203090,10.38,120,2726.77,2023-01-13,2032-06-25,Defaulted
LOAN007861,CUST017794,Home Loan,4319553,11.63,24,202590.8,2016-12-17,2035-02-14,Active
LOAN007862,CUST017856,Gold Loan,4979319,10.28,120,66576.54,2019-07-22,2023-11-25,Defaulted
LOAN007863,CUST007935,Education Loan,2441571,9.89,84,40394.33,2023-09-07,2043-02-05,Defaulted
LOAN007864,CUST003692,Home Loan,2073187,10.72,120,28230.55,2016-10-28,2028-11-28,Closed
LOAN007865,CUST011637,Gold Loan,4613851,13.33,180,59381.79,2022-06-03,2031-01-09,Active
LOAN007866,CUST005768,Education Loan,4601403,10.84,120,62968.3,2022-07-29,2034-04-08,Closed
LOAN007867,CUST009858,Home Loan,2048399,12.84,240,23765.44,2020-10-04,2021-06-12,Active
LOAN007868,CUST018522,Home Loan,1980611,11.39,120,27721.99,2024-06-07,2031-08-13,Active
LOAN007869,CUST004396,Personal Loan,1811158,13.2,180,23154.4,2020-08-06,2030-03-22,Active
LOAN007870,CUST006206,Personal Loan,760427,13.21,120,11448.37,2017-06-21,2019-01-07,Defaulted
LOAN007871,CUST002904,Car Loan,197975,11.76,60,4379.87,2020-09-16,2029-08-29,Active
LOAN007872,CUST001840,Home Loan,2332594,9.91,240,22371.12,2019-01-30,2026-09-17,Closed
LOAN007873,CUST011244,Education Loan,4209070,12.91,60,95575.47,2018-06-16,2044-10-02,Closed
LOAN007874,CUST008897,Home Loan,3004209,8.56,180,29689.39,2022-02-02,2023-03-19,Closed
LOAN007875,CUST017980,Car Loan,782990,10.59,240,7864.61,2020-01-21,2041-01-27,Defaulted
LOAN007876,CUST013359,Gold Loan,2784618,9.08,24,127316.79,2016-10-06,2018-10-27,Active
LOAN007877,CUST010544,Gold Loan,3369202,11.24,180,38803.53,2024-04-21,2025-09-22,Defaulted
LOAN007878,CUST006759,Car Loan,2862239,8.13,12,249153.75,2019-09-15,2032-05-22,Closed
LOAN007879,CUST014019,Education Loan,2026779,11.61,240,21767.99,2018-12-11,2029-05-28,Defaulted
LOAN007880,CUST015335,Home Loan,2590434,10.01,120,34247.12,2017-12-21,2043-02-23,Closed
LOAN007881,CUST006578,Education Loan,401832,8.89,60,8319.94,2019-01-20,2019-02-27,Closed
LOAN007882,CUST013102,Home Loan,4377887,8.55,24,199099.96,2021-03-14,2038-04-01,Closed
LOAN007883,CUST017627,Personal Loan,1163928,10.38,60,24948.22,2025-04-13,2041-02-14,Defaulted
LOAN007884,CUST000621,Personal Loan,2783160,7.57,84,42785.09,2021-04-04,2037-10-12,Defaulted
LOAN007885,CUST001657,Personal Loan,3676894,11.05,180,41906.98,2018-06-06,2037-03-22,Defaulted
LOAN007886,CUST002629,Car Loan,4711352,13.55,60,108528.88,2018-05-31,2031-07-06,Closed
LOAN007887,CUST016788,Education Loan,1047248,12.44,240,11853.94,2020-04-21,2043-09-18,Closed
LOAN007888,CUST017680,Personal Loan,4830267,13.48,240,58249.93,2019-12-24,2022-04-13,Active
LOAN007889,CUST006509,Gold Loan,2368602,8.34,24,107493.12,2021-10-29,2036-03-14,Active
LOAN007890,CUST012647,Education Loan,2511301,9.21,12,219861.61,2020-01-14,2044-06-10,Defaulted
LOAN007891,CUST014086,Education Loan,194841,13.33,120,2947.23,2019-11-17,2038-09-09,Closed
LOAN007892,CUST018317,Education Loan,1674185,8.74,12,146208.17,2025-01-07,2028-12-23,Closed
LOAN007893,CUST002000,Car Loan,166587,12.69,120,2456.96,2023-11-11,2035-08-21,Defaulted
LOAN007894,CUST018047,Gold Loan,2839230,12.65,120,41808.65,2016-08-05,2036-05-03,Closed
LOAN007895,CUST001687,Car Loan,3778004,11.21,120,52492.12,2018-08-19,2037-12-17,Defaulted
LOAN007896,CUST003882,Home Loan,3726626,7.9,36,116607.07,2018-12-18,2022-11-09,Active
LOAN007897,CUST005287,Home Loan,4609706,11.79,240,50083.58,2025-03-24,2027-12-12,Defaulted
LOAN007898,CUST006243,Car Loan,4568879,8.87,12,399279.83,2023-08-10,2034-06-21,Defaulted
LOAN007899,CUST007519,Education Loan,4050239,9.21,180,41587.73,2018-03-29,2044-08-06,Closed
LOAN007900,CUST013331,Home Loan,2586779,8.85,60,53509.16,2023-05-10,2041-12-12,Active
LOAN007901,CUST015654,Education Loan,4990232,13.62,240,60682.16,2024-09-10,2029-06-12,Active
LOAN007902,CUST004216,Car Loan,2538213,14.24,60,59376.07,2019-12-30,2043-03-12,Defaulted
LOAN007903,CUST013893,Personal Loan,2840561,9.11,12,248556.18,2023-01-26,2041-04-04,Closed
LOAN007904,CUST006596,Gold Loan,850310,11.85,60,18850.29,2022-02-22,2046-02-09,Defaulted
LOAN007905,CUST013586,Gold Loan,1821872,8.0,12,158481.78,2024-05-05,2033-03-18,Active
LOAN007906,CUST016678,Gold Loan,1533329,9.91,60,32510.85,2017-12-13,2043-04-16,Active
LOAN007907,CUST008292,Car Loan,4811936,12.22,24,227009.22,2024-09-03,2042-10-26,Defaulted
LOAN007908,CUST003323,Gold Loan,1814983,10.23,24,83945.06,2018-09-16,2034-01-31,Active
LOAN007909,CUST007225,Education Loan,2404819,14.41,180,32691.1,2020-07-09,2035-01-11,Defaulted
LOAN007910,CUST001724,Gold Loan,1252452,13.15,60,28593.4,2020-05-05,2022-06-24,Active
LOAN007911,CUST005748,Home Loan,2240716,10.79,60,48484.26,2021-12-10,2030-07-31,Closed
LOAN007912,CUST006105,Home Loan,3917207,8.83,12,342256.81,2017-05-09,2046-02-17,Active
LOAN007913,CUST016536,Gold Loan,468264,8.75,240,4138.1,2023-07-16,2044-05-23,Defaulted
LOAN007914,CUST019197,Gold Loan,3438346,9.32,12,301198.9,2019-11-30,2024-08-04,Active
LOAN007915,CUST002408,Gold Loan,3719515,14.14,24,178830.74,2016-10-17,2035-05-14,Defaulted
LOAN007916,CUST012222,Home Loan,2985599,14.4,24,143912.04,2024-10-09,2042-09-01,Defaulted
LOAN007917,CUST003466,Gold Loan,1415949,11.4,120,19826.68,2023-02-14,2043-07-04,Closed
LOAN007918,CUST008150,Gold Loan,2249593,12.95,84,40863.39,2022-08-24,2040-12-12,Defaulted
LOAN007919,CUST009572,Car Loan,2198629,13.02,240,25789.94,2020-07-15,2036-01-08,Defaulted
LOAN007920,CUST012006,Education Loan,3993567,9.67,180,42112.45,2019-11-20,2021-07-28,Active
LOAN007921,CUST002172,Personal Loan,1588310,8.18,180,15344.22,2017-03-21,2021-11-17,Defaulted
LOAN007922,CUST016013,Education Loan,4624638,10.24,24,213916.22,2022-09-29,2041-12-24,Active
LOAN007923,CUST007832,Personal Loan,3004255,14.0,240,37358.54,2023-01-14,2038-08-30,Defaulted
LOAN007924,CUST003605,Home Loan,4529339,10.62,12,399508.11,2016-10-27,2025-02-23,Active
LOAN007925,CUST008727,Gold Loan,610735,7.76,60,12313.47,2020-05-10,2029-12-08,Defaulted
LOAN007926,CUST018329,Home Loan,1734643,14.49,12,156148.81,2023-05-19,2026-02-24,Defaulted
LOAN007927,CUST000444,Car Loan,2445953,10.1,180,26434.17,2017-09-06,2020-05-13,Active
LOAN007928,CUST003077,Home Loan,824931,10.27,36,26722.9,2021-12-20,2027-06-25,Defaulted
LOAN007929,CUST019996,Education Loan,2608150,12.03,24,122811.22,2019-06-08,2030-11-24,Active
LOAN007930,CUST015177,Gold Loan,3742681,8.45,120,46303.86,2018-11-29,2036-05-09,Active
LOAN007931,CUST000377,Education Loan,1120542,13.17,12,100173.15,2024-09-18,2027-07-23,Closed
LOAN007932,CUST003461,Personal Loan,1533128,9.74,12,134600.99,2021-12-23,2038-05-10,Closed
LOAN007933,CUST009580,Gold Loan,889761,7.65,12,77255.0,2025-03-31,2035-01-29,Defaulted
LOAN007934,CUST000826,Home Loan,3602299,10.49,120,48587.45,2016-10-06,2021-01-02,Active
LOAN007935,CUST007471,Personal Loan,4576598,14.15,24,220060.11,2020-10-12,2031-12-17,Active
LOAN007936,CUST000705,Gold Loan,4468228,9.72,180,47253.32,2022-05-18,2030-12-04,Defaulted
LOAN007937,CUST018966,Home Loan,3070718,8.34,24,139356.91,2018-02-20,2033-04-28,Defaulted
LOAN007938,CUST015559,Gold Loan,1829819,7.94,24,82707.69,2016-09-13,2020-01-06,Active
LOAN007939,CUST004013,Personal Loan,1590171,10.95,24,74077.52,2023-11-11,2043-07-04,Closed
LOAN007940,CUST002656,Car Loan,4195676,11.47,180,48933.47,2023-08-08,2043-11-15,Closed
LOAN007941,CUST005478,Gold Loan,3522375,12.89,12,314427.18,2020-04-07,2038-10-20,Active
LOAN007942,CUST004951,Personal Loan,152093,13.9,240,1880.27,2025-01-27,2031-10-21,Closed
LOAN007943,CUST008294,Personal Loan,2340170,12.03,24,110192.72,2020-09-30,2028-02-03,Defaulted
LOAN007944,CUST013266,Home Loan,2901455,13.64,36,98658.3,2021-02-27,2043-01-18,Active
LOAN007945,CUST011037,Home Loan,4818999,11.62,24,225992.79,2020-12-29,2024-06-05,Defaulted
LOAN007946,CUST010438,Home Loan,4288753,14.27,12,385619.82,2022-09-17,2045-09-02,Closed
LOAN007947,CUST005839,Car Loan,2682668,10.4,120,36048.53,2020-05-19,2024-01-25,Defaulted
LOAN007948,CUST009253,Education Loan,2705175,12.45,120,39518.36,2023-02-20,2028-11-25,Defaulted
LOAN007949,CUST017679,Gold Loan,4975891,8.02,24,225091.46,2017-05-14,2030-05-20,Closed
LOAN007950,CUST007600,Car Loan,328852,8.71,120,4114.32,2020-10-08,2042-07-10,Closed
LOAN007951,CUST019096,Home Loan,4241323,12.56,180,52440.96,2022-12-23,2025-08-01,Defaulted
LOAN007952,CUST010813,Gold Loan,3787453,14.17,60,88461.57,2022-10-19,2033-10-06,Closed
LOAN007953,CUST003443,Personal Loan,3718092,10.06,36,120077.14,2025-05-16,2046-01-06,Closed
LOAN007954,CUST005974,Personal Loan,3500300,10.34,180,38345.8,2017-07-24,2023-04-28,Closed
LOAN007955,CUST009951,Home Loan,2240039,9.47,36,71723.65,2018-07-08,2020-11-25,Defaulted
LOAN007956,CUST006821,Home Loan,709145,14.35,12,63788.93,2020-04-21,2026-07-30,Closed
LOAN007957,CUST010039,Personal Loan,164725,8.53,36,5202.25,2022-02-03,2033-10-21,Defaulted
LOAN007958,CUST008699,Education Loan,3538683,13.74,120,54392.03,2017-06-11,2037-07-30,Defaulted
LOAN007959,CUST000209,Education Loan,4758385,14.39,36,163533.11,2020-08-15,2037-07-08,Closed
LOAN007960,CUST002338,Education Loan,3952670,7.97,120,47894.16,2020-07-29,2038-11-24,Closed
LOAN007961,CUST015777,Personal Loan,959636,8.32,12,83619.28,2024-02-01,2026-11-24,Closed
LOAN007962,CUST004873,Home Loan,2550003,8.92,180,25742.61,2018-12-05,2032-10-10,Closed
LOAN007963,CUST003067,Education Loan,4311295,9.72,120,56307.71,2024-03-16,2039-05-28,Closed
LOAN007964,CUST016890,Education Loan,232755,8.88,60,4818.07,2024-06-23,2042-01-20,Closed
LOAN007965,CUST011538,Home Loan,252158,9.47,36,8073.83,2024-07-13,2042-05-31,Active
LOAN007966,CUST005622,Personal Loan,2785601,11.69,180,32878.36,2023-12-10,2038-09-27,Closed
LOAN007967,CUST004802,Personal Loan,736143,13.45,120,11187.65,2024-09-30,2031-03-16,Active
LOAN007968,CUST003910,Personal Loan,514561,11.23,240,5392.02,2018-09-27,2036-12-23,Active
LOAN007969,CUST013377,Home Loan,2833748,10.25,180,30886.46,2017-03-30,2038-07-28,Closed
LOAN007970,CUST007528,Personal Loan,823036,7.69,12,71476.69,2022-05-04,2034-05-13,Active
LOAN007971,CUST015723,Car Loan,3732587,13.83,36,127263.0,2018-03-01,2036-05-10,Defaulted
LOAN007972,CUST017894,Home Loan,4489183,10.76,24,208731.26,2019-06-03,2039-01-04,Active
LOAN007973,CUST014150,Home Loan,149038,12.94,120,2220.03,2016-08-05,2038-02-21,Defaulted
LOAN007974,CUST000704,Gold Loan,922582,13.32,84,16944.5,2020-07-13,2024-04-25,Defaulted
LOAN007975,CUST008866,Education Loan,3480709,11.43,120,48797.89,2019-01-16,2019-11-03,Closed
LOAN007976,CUST005173,Car Loan,2637037,11.76,36,87285.39,2020-01-10,2020-08-05,Active
LOAN007977,CUST001935,Gold Loan,4921058,10.53,12,433853.15,2023-07-18,2026-04-02,Closed
LOAN007978,CUST018741,Personal Loan,2332536,8.63,60,48001.83,2025-05-02,2031-06-11,Defaulted
LOAN007979,CUST018457,Gold Loan,886801,11.24,36,29133.62,2023-02-21,2031-03-17,Active
LOAN007980,CUST004695,Car Loan,1881389,10.04,84,31272.18,2025-01-22,2035-12-19,Defaulted
LOAN007981,CUST005166,Home Loan,4024581,7.63,36,125429.92,2021-04-25,2034-02-14,Active
LOAN007982,CUST013466,Gold Loan,3477675,8.1,120,42377.78,2017-02-07,2026-07-30,Active
LOAN007983,CUST005527,Personal Loan,326422,9.74,24,15023.58,2020-02-21,2023-06-10,Defaulted
LOAN007984,CUST010501,Car Loan,735188,11.98,180,8814.03,2019-10-04,2020-06-28,Active
LOAN007985,CUST014188,Personal Loan,4829038,10.91,36,157890.77,2017-01-21,2037-04-05,Closed
LOAN007986,CUST002805,Gold Loan,1296510,13.09,24,61693.27,2023-01-08,2038-07-10,Active
LOAN007987,CUST013727,Gold Loan,992200,11.35,240,10478.75,2023-07-10,2043-04-14,Closed
LOAN007988,CUST002703,Car Loan,396078,10.08,180,4275.68,2020-01-22,2041-04-15,Defaulted
LOAN007989,CUST015972,Car Loan,4382115,12.03,36,145611.72,2017-10-09,2024-04-23,Closed
LOAN007990,CUST012974,Gold Loan,2931947,11.72,36,96990.96,2018-03-08,2035-10-17,Closed
LOAN007991,CUST000462,Home Loan,3533445,14.21,24,170001.64,2018-12-27,2039-08-24,Active
LOAN007992,CUST013915,Car Loan,754496,13.36,24,35997.83,2017-09-30,2025-04-09,Defaulted
LOAN007993,CUST000754,Education Loan,1147149,10.69,60,24764.82,2020-01-24,2029-08-28,Defaulted
LOAN007994,CUST008157,Personal Loan,608736,12.75,84,10991.53,2021-09-27,2027-11-01,Active
LOAN007995,CUST011901,Home Loan,2946855,10.06,180,31775.31,2020-05-29,2046-02-28,Defaulted
LOAN007996,CUST015406,Education Loan,4136793,13.1,24,196865.04,2019-06-03,2033-02-11,Closed
LOAN007997,CUST014954,Education Loan,1637518,10.84,120,22408.76,2025-02-02,2030-05-09,Defaulted
LOAN007998,CUST008014,Personal Loan,2429884,9.29,24,111332.22,2017-10-30,2041-07-10,Defaulted
LOAN007999,CUST004130,Gold Loan,1782699,9.57,12,156371.27,2023-09-04,2045-08-24,Closed
LOAN008000,CUST001050,Car Loan,1149910,10.01,84,19095.81,2018-03-13,2038-10-05,Closed
